order_id,date,product_id,product_name,category,units,price_per_unit,revenue,utm_source,utm_medium
ORD-1000,2023-10-01,TRD-01,Treadmill,Bulky,3,300.0,900.0,Meta,cpc
ORD-1001,2023-10-01,TRD-01,Treadmill,Bulky,1,300.0,300.0,Meta,cpc
ORD-1002,2023-10-01,TRD-01,Treadmill,Bulky,1,300.0,300.0,Meta,cpc
ORD-1003,2023-10-01,TRD-01,Treadmill,Bulky,3,300.0,900.0,Meta,cpc
ORD-1004,2023-10-01,TRD-01,Treadmill,Bulky,2,300.0,600.0,Meta,cpc
ORD-1005,2023-10-01,TRD-01,Treadmill,Bulky,1,300.0,300.0,Meta,cpc
ORD-1006,2023-10-01,TRD-01,Treadmill,Bulky,1,300.0,300.0,Meta,cpc
ORD-1007,2023-10-01,TRD-01,Treadmill,Bulky,1,300.0,300.0,Meta,cpc
ORD-1008,2023-10-01,TRD-01,Treadmill,Bulky,3,300.0,900.0,Meta,cpc
ORD-1009,2023-10-01,TRD-01,Treadmill,Bulky,1,300.0,300.0,Meta,cpc
ORD-1010,2023-10-01,TRD-01,Treadmill,Bulky,3,300.0,900.0,Meta,cpc
ORD-1011,2023-10-01,TRD-01,Treadmill,Bulky,3,300.0,900.0,Meta,cpc
ORD-1012,2023-10-01,TRD-01,Treadmill,Bulky,3,300.0,900.0,Meta,cpc
ORD-1013,2023-10-01,TRD-01,Treadmill,Bulky,1,300.0,300.0,Meta,cpc
ORD-1014,2023-10-01,TRD-01,Treadmill,Bulky,3,300.0,900.0,Meta,cpc
ORD-1015,2023-10-01,TRD-01,Treadmill,Bulky,2,300.0,600.0,Meta,cpc
ORD-1016,2023-10-01,TRD-01,Treadmill,Bulky,1,300.0,300.0,Meta,cpc
ORD-1017,2023-10-01,TRD-01,Treadmill,Bulky,1,300.0,300.0,Meta,cpc
ORD-1018,2023-10-01,TRD-01,Treadmill,Bulky,1,300.0,300.0,Meta,cpc
ORD-1019,2023-10-01,TRD-01,Treadmill,Bulky,1,300.0,300.0,Meta,cpc
ORD-1020,2023-10-01,TRD-01,Treadmill,Bulky,1,300.0,300.0,Meta,cpc
ORD-1021,2023-10-01,TRD-01,Treadmill,Bulky,3,300.0,900.0,Meta,cpc
ORD-1022,2023-10-01,TRD-01,Treadmill,Bulky,3,300.0,900.0,Meta,cpc
ORD-1023,2023-10-01,TRD-01,Treadmill,Bulky,1,300.0,300.0,Meta,cpc
ORD-1024,2023-10-01,TRD-01,Treadmill,Bulky,3,300.0,900.0,Meta,cpc
ORD-1025,2023-10-01,TRD-01,Treadmill,Bulky,1,300.0,300.0,Meta,cpc
ORD-1026,2023-10-01,TRD-01,Treadmill,Bulky,3,300.0,900.0,Meta,cpc
ORD-1027,2023-10-01,TRD-01,Treadmill,Bulky,3,300.0,900.0,Meta,cpc
ORD-1028,2023-10-01,TRD-01,Treadmill,Bulky,3,300.0,900.0,Meta,cpc
ORD-1029,2023-10-01,TRD-01,Treadmill,Bulky,3,300.0,900.0,Meta,cpc
ORD-1030,2023-10-01,TRD-01,Treadmill,Bulky,2,300.0,600.0,Meta,cpc
ORD-1031,2023-10-01,TRD-01,Treadmill,Bulky,1,300.0,300.0,Meta,cpc
ORD-1032,2023-10-01,TRD-01,Treadmill,Bulky,2,300.0,600.0,Meta,cpc
ORD-1033,2023-10-01,TRD-01,Treadmill,Bulky,3,300.0,900.0,Meta,cpc
ORD-1034,2023-10-01,TRD-01,Treadmill,Bulky,2,300.0,600.0,Meta,cpc
ORD-1035,2023-10-01,TRD-01,Treadmill,Bulky,1,300.0,300.0,Meta,cpc
ORD-1036,2023-10-02,TRD-01,Treadmill,Bulky,1,300.0,300.0,Meta,cpc
ORD-1037,2023-10-02,TRD-01,Treadmill,Bulky,3,300.0,900.0,Meta,cpc
ORD-1038,2023-10-02,TRD-01,Treadmill,Bulky,2,300.0,600.0,Meta,cpc
ORD-1039,2023-10-02,TRD-01,Treadmill,Bulky,2,300.0,600.0,Meta,cpc
ORD-1040,2023-10-02,TRD-01,Treadmill,Bulky,2,300.0,600.0,Meta,cpc
ORD-1041,2023-10-02,TRD-01,Treadmill,Bulky,1,300.0,300.0,Meta,cpc
ORD-1042,2023-10-02,TRD-01,Treadmill,Bulky,1,300.0,300.0,Meta,cpc
ORD-1043,2023-10-02,TRD-01,Treadmill,Bulky,2,300.0,600.0,Meta,cpc
ORD-1044,2023-10-02,TRD-01,Treadmill,Bulky,1,300.0,300.0,Meta,cpc
ORD-1045,2023-10-02,TRD-01,Treadmill,Bulky,1,300.0,300.0,Meta,cpc
ORD-1046,2023-10-02,TRD-01,Treadmill,Bulky,2,300.0,600.0,Meta,cpc
ORD-1047,2023-10-02,TRD-01,Treadmill,Bulky,1,300.0,300.0,Meta,cpc
ORD-1048,2023-10-02,TRD-01,Treadmill,Bulky,2,300.0,600.0,Meta,cpc
ORD-1049,2023-10-02,TRD-01,Treadmill,Bulky,2,300.0,600.0,Meta,cpc
ORD-1050,2023-10-02,TRD-01,Treadmill,Bulky,3,300.0,900.0,Meta,cpc
ORD-1051,2023-10-02,TRD-01,Treadmill,Bulky,2,300.0,600.0,Meta,cpc
ORD-1052,2023-10-02,TRD-01,Treadmill,Bulky,1,300.0,300.0,Meta,cpc
ORD-1053,2023-10-02,TRD-01,Treadmill,Bulky,3,300.0,900.0,Meta,cpc
ORD-1054,2023-10-02,TRD-01,Treadmill,Bulky,2,300.0,600.0,Meta,cpc
ORD-1055,2023-10-02,TRD-01,Treadmill,Bulky,3,300.0,900.0,Meta,cpc
ORD-1056,2023-10-02,TRD-01,Treadmill,Bulky,1,300.0,300.0,Meta,cpc
ORD-1057,2023-10-02,TRD-01,Treadmill,Bulky,2,300.0,600.0,Meta,cpc
ORD-1058,2023-10-02,TRD-01,Treadmill,Bulky,1,300.0,300.0,Meta,cpc
ORD-1059,2023-10-02,TRD-01,Treadmill,Bulky,3,300.0,900.0,Meta,cpc
ORD-1060,2023-10-02,TRD-01,Treadmill,Bulky,2,300.0,600.0,Meta,cpc
ORD-1061,2023-10-02,TRD-01,Treadmill,Bulky,3,300.0,900.0,Meta,cpc
ORD-1062,2023-10-02,TRD-01,Treadmill,Bulky,1,300.0,300.0,Meta,cpc
ORD-1063,2023-10-03,TRD-01,Treadmill,Bulky,2,300.0,600.0,Meta,cpc
ORD-1064,2023-10-03,TRD-01,Treadmill,Bulky,3,300.0,900.0,Meta,cpc
ORD-1065,2023-10-03,TRD-01,Treadmill,Bulky,1,300.0,300.0,Meta,cpc
ORD-1066,2023-10-03,TRD-01,Treadmill,Bulky,3,300.0,900.0,Meta,cpc
ORD-1067,2023-10-03,TRD-01,Treadmill,Bulky,1,300.0,300.0,Meta,cpc
ORD-1068,2023-10-03,TRD-01,Treadmill,Bulky,1,300.0,300.0,Meta,cpc
ORD-1069,2023-10-03,TRD-01,Treadmill,Bulky,3,300.0,900.0,Meta,cpc
ORD-1070,2023-10-03,TRD-01,Treadmill,Bulky,1,300.0,300.0,Meta,cpc
ORD-1071,2023-10-03,TRD-01,Treadmill,Bulky,2,300.0,600.0,Meta,cpc
ORD-1072,2023-10-03,TRD-01,Treadmill,Bulky,1,300.0,300.0,Meta,cpc
ORD-1073,2023-10-03,TRD-01,Treadmill,Bulky,1,300.0,300.0,Meta,cpc
ORD-1074,2023-10-03,TRD-01,Treadmill,Bulky,1,300.0,300.0,Meta,cpc
ORD-1075,2023-10-03,TRD-01,Treadmill,Bulky,2,300.0,600.0,Meta,cpc
ORD-1076,2023-10-03,TRD-01,Treadmill,Bulky,2,300.0,600.0,Meta,cpc
ORD-1077,2023-10-03,TRD-01,Treadmill,Bulky,2,300.0,600.0,Meta,cpc
ORD-1078,2023-10-03,TRD-01,Treadmill,Bulky,3,300.0,900.0,Meta,cpc
ORD-1079,2023-10-03,TRD-01,Treadmill,Bulky,2,300.0,600.0,Meta,cpc
ORD-1080,2023-10-03,TRD-01,Treadmill,Bulky,1,300.0,300.0,Meta,cpc
ORD-1081,2023-10-03,TRD-01,Treadmill,Bulky,2,300.0,600.0,Meta,cpc
ORD-1082,2023-10-03,TRD-01,Treadmill,Bulky,2,300.0,600.0,Meta,cpc
ORD-1083,2023-10-03,TRD-01,Treadmill,Bulky,1,300.0,300.0,Meta,cpc
ORD-1084,2023-10-03,TRD-01,Treadmill,Bulky,3,300.0,900.0,Meta,cpc
ORD-1085,2023-10-03,TRD-01,Treadmill,Bulky,2,300.0,600.0,Meta,cpc
ORD-1086,2023-10-03,TRD-01,Treadmill,Bulky,3,300.0,900.0,Meta,cpc
ORD-1087,2023-10-03,TRD-01,Treadmill,Bulky,3,300.0,900.0,Meta,cpc
ORD-1088,2023-10-03,TRD-01,Treadmill,Bulky,3,300.0,900.0,Meta,cpc
ORD-1089,2023-10-03,TRD-01,Treadmill,Bulky,1,300.0,300.0,Meta,cpc
ORD-1090,2023-10-03,TRD-01,Treadmill,Bulky,2,300.0,600.0,Meta,cpc
ORD-1091,2023-10-04,TRD-01,Treadmill,Bulky,3,300.0,900.0,Meta,cpc
ORD-1092,2023-10-04,TRD-01,Treadmill,Bulky,1,300.0,300.0,Meta,cpc
ORD-1093,2023-10-04,TRD-01,Treadmill,Bulky,3,300.0,900.0,Meta,cpc
ORD-1094,2023-10-04,TRD-01,Treadmill,Bulky,3,300.0,900.0,Meta,cpc
ORD-1095,2023-10-04,TRD-01,Treadmill,Bulky,1,300.0,300.0,Meta,cpc
ORD-1096,2023-10-04,TRD-01,Treadmill,Bulky,1,300.0,300.0,Meta,cpc
ORD-1097,2023-10-04,TRD-01,Treadmill,Bulky,2,300.0,600.0,Meta,cpc
ORD-1098,2023-10-04,TRD-01,Treadmill,Bulky,2,300.0,600.0,Meta,cpc
ORD-1099,2023-10-04,TRD-01,Treadmill,Bulky,2,300.0,600.0,Meta,cpc
ORD-1100,2023-10-04,TRD-01,Treadmill,Bulky,3,300.0,900.0,Meta,cpc
ORD-1101,2023-10-04,TRD-01,Treadmill,Bulky,3,300.0,900.0,Meta,cpc
ORD-1102,2023-10-04,TRD-01,Treadmill,Bulky,3,300.0,900.0,Meta,cpc
ORD-1103,2023-10-04,TRD-01,Treadmill,Bulky,1,300.0,300.0,Meta,cpc
ORD-1104,2023-10-04,TRD-01,Treadmill,Bulky,3,300.0,900.0,Meta,cpc
ORD-1105,2023-10-04,TRD-01,Treadmill,Bulky,2,300.0,600.0,Meta,cpc
ORD-1106,2023-10-04,TRD-01,Treadmill,Bulky,1,300.0,300.0,Meta,cpc
ORD-1107,2023-10-04,TRD-01,Treadmill,Bulky,1,300.0,300.0,Meta,cpc
ORD-1108,2023-10-04,TRD-01,Treadmill,Bulky,1,300.0,300.0,Meta,cpc
ORD-1109,2023-10-04,TRD-01,Treadmill,Bulky,2,300.0,600.0,Meta,cpc
ORD-1110,2023-10-04,TRD-01,Treadmill,Bulky,2,300.0,600.0,Meta,cpc
ORD-1111,2023-10-04,TRD-01,Treadmill,Bulky,2,300.0,600.0,Meta,cpc
ORD-1112,2023-10-04,TRD-01,Treadmill,Bulky,1,300.0,300.0,Meta,cpc
ORD-1113,2023-10-04,TRD-01,Treadmill,Bulky,1,300.0,300.0,Meta,cpc
ORD-1114,2023-10-04,TRD-01,Treadmill,Bulky,3,300.0,900.0,Meta,cpc
ORD-1115,2023-10-04,TRD-01,Treadmill,Bulky,3,300.0,900.0,Meta,cpc
ORD-1116,2023-10-04,TRD-01,Treadmill,Bulky,2,300.0,600.0,Meta,cpc
ORD-1117,2023-10-04,TRD-01,Treadmill,Bulky,1,300.0,300.0,Meta,cpc
ORD-1118,2023-10-04,TRD-01,Treadmill,Bulky,3,300.0,900.0,Meta,cpc
ORD-1119,2023-10-04,TRD-01,Treadmill,Bulky,2,300.0,600.0,Meta,cpc
ORD-1120,2023-10-04,TRD-01,Treadmill,Bulky,2,300.0,600.0,Meta,cpc
ORD-1121,2023-10-04,TRD-01,Treadmill,Bulky,3,300.0,900.0,Meta,cpc
ORD-1122,2023-10-05,TRD-01,Treadmill,Bulky,2,300.0,600.0,Meta,cpc
ORD-1123,2023-10-05,TRD-01,Treadmill,Bulky,1,300.0,300.0,Meta,cpc
ORD-1124,2023-10-05,TRD-01,Treadmill,Bulky,2,300.0,600.0,Meta,cpc
ORD-1125,2023-10-05,TRD-01,Treadmill,Bulky,1,300.0,300.0,Meta,cpc
ORD-1126,2023-10-05,TRD-01,Treadmill,Bulky,1,300.0,300.0,Meta,cpc
ORD-1127,2023-10-05,TRD-01,Treadmill,Bulky,3,300.0,900.0,Meta,cpc
ORD-1128,2023-10-05,TRD-01,Treadmill,Bulky,3,300.0,900.0,Meta,cpc
ORD-1129,2023-10-05,TRD-01,Treadmill,Bulky,3,300.0,900.0,Meta,cpc
ORD-1130,2023-10-05,TRD-01,Treadmill,Bulky,2,300.0,600.0,Meta,cpc
ORD-1131,2023-10-05,TRD-01,Treadmill,Bulky,3,300.0,900.0,Meta,cpc
ORD-1132,2023-10-05,TRD-01,Treadmill,Bulky,3,300.0,900.0,Meta,cpc
ORD-1133,2023-10-05,TRD-01,Treadmill,Bulky,2,300.0,600.0,Meta,cpc
ORD-1134,2023-10-05,TRD-01,Treadmill,Bulky,3,300.0,900.0,Meta,cpc
ORD-1135,2023-10-05,TRD-01,Treadmill,Bulky,2,300.0,600.0,Meta,cpc
ORD-1136,2023-10-05,TRD-01,Treadmill,Bulky,2,300.0,600.0,Meta,cpc
ORD-1137,2023-10-05,TRD-01,Treadmill,Bulky,1,300.0,300.0,Meta,cpc
ORD-1138,2023-10-05,TRD-01,Treadmill,Bulky,1,300.0,300.0,Meta,cpc
ORD-1139,2023-10-05,TRD-01,Treadmill,Bulky,3,300.0,900.0,Meta,cpc
ORD-1140,2023-10-05,TRD-01,Treadmill,Bulky,2,300.0,600.0,Meta,cpc
ORD-1141,2023-10-05,TRD-01,Treadmill,Bulky,1,300.0,300.0,Meta,cpc
ORD-1142,2023-10-05,TRD-01,Treadmill,Bulky,1,300.0,300.0,Meta,cpc
ORD-1143,2023-10-05,TRD-01,Treadmill,Bulky,1,300.0,300.0,Meta,cpc
ORD-1144,2023-10-05,TRD-01,Treadmill,Bulky,1,300.0,300.0,Meta,cpc
ORD-1145,2023-10-05,TRD-01,Treadmill,Bulky,3,300.0,900.0,Meta,cpc
ORD-1146,2023-10-05,TRD-01,Treadmill,Bulky,1,300.0,300.0,Meta,cpc
ORD-1147,2023-10-05,TRD-01,Treadmill,Bulky,3,300.0,900.0,Meta,cpc
ORD-1148,2023-10-05,TRD-01,Treadmill,Bulky,2,300.0,600.0,Meta,cpc
ORD-1149,2023-10-05,TRD-01,Treadmill,Bulky,3,300.0,900.0,Meta,cpc
ORD-1150,2023-10-05,TRD-01,Treadmill,Bulky,1,300.0,300.0,Meta,cpc
ORD-1151,2023-10-05,TRD-01,Treadmill,Bulky,2,300.0,600.0,Meta,cpc
ORD-1152,2023-10-05,TRD-01,Treadmill,Bulky,2,300.0,600.0,Meta,cpc
ORD-1153,2023-10-05,TRD-01,Treadmill,Bulky,2,300.0,600.0,Meta,cpc
ORD-1154,2023-10-06,TRD-01,Treadmill,Bulky,2,300.0,600.0,Meta,cpc
ORD-1155,2023-10-06,TRD-01,Treadmill,Bulky,3,300.0,900.0,Meta,cpc
ORD-1156,2023-10-06,TRD-01,Treadmill,Bulky,2,300.0,600.0,Meta,cpc
ORD-1157,2023-10-06,TRD-01,Treadmill,Bulky,3,300.0,900.0,Meta,cpc
ORD-1158,2023-10-06,TRD-01,Treadmill,Bulky,1,300.0,300.0,Meta,cpc
ORD-1159,2023-10-06,TRD-01,Treadmill,Bulky,3,300.0,900.0,Meta,cpc
ORD-1160,2023-10-06,TRD-01,Treadmill,Bulky,3,300.0,900.0,Meta,cpc
ORD-1161,2023-10-06,TRD-01,Treadmill,Bulky,1,300.0,300.0,Meta,cpc
ORD-1162,2023-10-06,TRD-01,Treadmill,Bulky,3,300.0,900.0,Meta,cpc
ORD-1163,2023-10-06,TRD-01,Treadmill,Bulky,3,300.0,900.0,Meta,cpc
ORD-1164,2023-10-06,TRD-01,Treadmill,Bulky,2,300.0,600.0,Meta,cpc
ORD-1165,2023-10-06,TRD-01,Treadmill,Bulky,3,300.0,900.0,Meta,cpc
ORD-1166,2023-10-06,TRD-01,Treadmill,Bulky,2,300.0,600.0,Meta,cpc
ORD-1167,2023-10-06,TRD-01,Treadmill,Bulky,1,300.0,300.0,Meta,cpc
ORD-1168,2023-10-06,TRD-01,Treadmill,Bulky,2,300.0,600.0,Meta,cpc
ORD-1169,2023-10-06,TRD-01,Treadmill,Bulky,2,300.0,600.0,Meta,cpc
ORD-1170,2023-10-06,TRD-01,Treadmill,Bulky,1,300.0,300.0,Meta,cpc
ORD-1171,2023-10-06,TRD-01,Treadmill,Bulky,2,300.0,600.0,Meta,cpc
ORD-1172,2023-10-06,TRD-01,Treadmill,Bulky,1,300.0,300.0,Meta,cpc
ORD-1173,2023-10-06,TRD-01,Treadmill,Bulky,3,300.0,900.0,Meta,cpc
ORD-1174,2023-10-06,TRD-01,Treadmill,Bulky,3,300.0,900.0,Meta,cpc
ORD-1175,2023-10-06,TRD-01,Treadmill,Bulky,2,300.0,600.0,Meta,cpc
ORD-1176,2023-10-06,TRD-01,Treadmill,Bulky,3,300.0,900.0,Meta,cpc
ORD-1177,2023-10-06,TRD-01,Treadmill,Bulky,1,300.0,300.0,Meta,cpc
ORD-1178,2023-10-06,TRD-01,Treadmill,Bulky,3,300.0,900.0,Meta,cpc
ORD-1179,2023-10-06,TRD-01,Treadmill,Bulky,1,300.0,300.0,Meta,cpc
ORD-1180,2023-10-06,TRD-01,Treadmill,Bulky,3,300.0,900.0,Meta,cpc
ORD-1181,2023-10-06,TRD-01,Treadmill,Bulky,2,300.0,600.0,Meta,cpc
ORD-1182,2023-10-06,TRD-01,Treadmill,Bulky,3,300.0,900.0,Meta,cpc
ORD-1183,2023-10-06,TRD-01,Treadmill,Bulky,3,300.0,900.0,Meta,cpc
ORD-1184,2023-10-06,TRD-01,Treadmill,Bulky,3,300.0,900.0,Meta,cpc
ORD-1185,2023-10-06,TRD-01,Treadmill,Bulky,1,300.0,300.0,Meta,cpc
ORD-1186,2023-10-06,TRD-01,Treadmill,Bulky,1,300.0,300.0,Meta,cpc
ORD-1187,2023-10-06,TRD-01,Treadmill,Bulky,2,300.0,600.0,Meta,cpc
ORD-1188,2023-10-07,TRD-01,Treadmill,Bulky,1,300.0,300.0,Meta,cpc
ORD-1189,2023-10-07,TRD-01,Treadmill,Bulky,3,300.0,900.0,Meta,cpc
ORD-1190,2023-10-07,TRD-01,Treadmill,Bulky,3,300.0,900.0,Meta,cpc
ORD-1191,2023-10-07,TRD-01,Treadmill,Bulky,1,300.0,300.0,Meta,cpc
ORD-1192,2023-10-07,TRD-01,Treadmill,Bulky,3,300.0,900.0,Meta,cpc
ORD-1193,2023-10-07,TRD-01,Treadmill,Bulky,2,300.0,600.0,Meta,cpc
ORD-1194,2023-10-07,TRD-01,Treadmill,Bulky,2,300.0,600.0,Meta,cpc
ORD-1195,2023-10-07,TRD-01,Treadmill,Bulky,1,300.0,300.0,Meta,cpc
ORD-1196,2023-10-07,TRD-01,Treadmill,Bulky,1,300.0,300.0,Meta,cpc
ORD-1197,2023-10-07,TRD-01,Treadmill,Bulky,2,300.0,600.0,Meta,cpc
ORD-1198,2023-10-07,TRD-01,Treadmill,Bulky,2,300.0,600.0,Meta,cpc
ORD-1199,2023-10-07,TRD-01,Treadmill,Bulky,1,300.0,300.0,Meta,cpc
ORD-1200,2023-10-07,TRD-01,Treadmill,Bulky,1,300.0,300.0,Meta,cpc
ORD-1201,2023-10-07,TRD-01,Treadmill,Bulky,1,300.0,300.0,Meta,cpc
ORD-1202,2023-10-07,TRD-01,Treadmill,Bulky,3,300.0,900.0,Meta,cpc
ORD-1203,2023-10-07,TRD-01,Treadmill,Bulky,1,300.0,300.0,Meta,cpc
ORD-1204,2023-10-07,TRD-01,Treadmill,Bulky,1,300.0,300.0,Meta,cpc
ORD-1205,2023-10-07,TRD-01,Treadmill,Bulky,3,300.0,900.0,Meta,cpc
ORD-1206,2023-10-07,TRD-01,Treadmill,Bulky,2,300.0,600.0,Meta,cpc
ORD-1207,2023-10-07,TRD-01,Treadmill,Bulky,1,300.0,300.0,Meta,cpc
ORD-1208,2023-10-07,TRD-01,Treadmill,Bulky,3,300.0,900.0,Meta,cpc
ORD-1209,2023-10-07,TRD-01,Treadmill,Bulky,1,300.0,300.0,Meta,cpc
ORD-1210,2023-10-07,TRD-01,Treadmill,Bulky,1,300.0,300.0,Meta,cpc
ORD-1211,2023-10-07,TRD-01,Treadmill,Bulky,3,300.0,900.0,Meta,cpc
ORD-1212,2023-10-07,TRD-01,Treadmill,Bulky,2,300.0,600.0,Meta,cpc
ORD-1213,2023-10-07,TRD-01,Treadmill,Bulky,3,300.0,900.0,Meta,cpc
ORD-1214,2023-10-07,TRD-01,Treadmill,Bulky,1,300.0,300.0,Meta,cpc
ORD-1215,2023-10-07,TRD-01,Treadmill,Bulky,2,300.0,600.0,Meta,cpc
ORD-1216,2023-10-07,TRD-01,Treadmill,Bulky,3,300.0,900.0,Meta,cpc
ORD-1217,2023-10-07,TRD-01,Treadmill,Bulky,3,300.0,900.0,Meta,cpc
ORD-1218,2023-10-07,TRD-01,Treadmill,Bulky,1,300.0,300.0,Meta,cpc
ORD-1219,2023-10-08,TRD-01,Treadmill,Bulky,1,300.0,300.0,Meta,cpc
ORD-1220,2023-10-08,TRD-01,Treadmill,Bulky,3,300.0,900.0,Meta,cpc
ORD-1221,2023-10-08,TRD-01,Treadmill,Bulky,3,300.0,900.0,Meta,cpc
ORD-1222,2023-10-08,TRD-01,Treadmill,Bulky,3,300.0,900.0,Meta,cpc
ORD-1223,2023-10-08,TRD-01,Treadmill,Bulky,1,300.0,300.0,Meta,cpc
ORD-1224,2023-10-08,TRD-01,Treadmill,Bulky,3,300.0,900.0,Meta,cpc
ORD-1225,2023-10-08,TRD-01,Treadmill,Bulky,2,300.0,600.0,Meta,cpc
ORD-1226,2023-10-08,TRD-01,Treadmill,Bulky,2,300.0,600.0,Meta,cpc
ORD-1227,2023-10-08,TRD-01,Treadmill,Bulky,3,300.0,900.0,Meta,cpc
ORD-1228,2023-10-08,TRD-01,Treadmill,Bulky,3,300.0,900.0,Meta,cpc
ORD-1229,2023-10-08,TRD-01,Treadmill,Bulky,2,300.0,600.0,Meta,cpc
ORD-1230,2023-10-08,TRD-01,Treadmill,Bulky,2,300.0,600.0,Meta,cpc
ORD-1231,2023-10-08,TRD-01,Treadmill,Bulky,3,300.0,900.0,Meta,cpc
ORD-1232,2023-10-08,TRD-01,Treadmill,Bulky,2,300.0,600.0,Meta,cpc
ORD-1233,2023-10-08,TRD-01,Treadmill,Bulky,1,300.0,300.0,Meta,cpc
ORD-1234,2023-10-08,TRD-01,Treadmill,Bulky,1,300.0,300.0,Meta,cpc
ORD-1235,2023-10-08,TRD-01,Treadmill,Bulky,1,300.0,300.0,Meta,cpc
ORD-1236,2023-10-08,TRD-01,Treadmill,Bulky,1,300.0,300.0,Meta,cpc
ORD-1237,2023-10-08,TRD-01,Treadmill,Bulky,2,300.0,600.0,Meta,cpc
ORD-1238,2023-10-08,TRD-01,Treadmill,Bulky,1,300.0,300.0,Meta,cpc
ORD-1239,2023-10-08,TRD-01,Treadmill,Bulky,3,300.0,900.0,Meta,cpc
ORD-1240,2023-10-08,TRD-01,Treadmill,Bulky,3,300.0,900.0,Meta,cpc
ORD-1241,2023-10-08,TRD-01,Treadmill,Bulky,1,300.0,300.0,Meta,cpc
ORD-1242,2023-10-08,TRD-01,Treadmill,Bulky,3,300.0,900.0,Meta,cpc
ORD-1243,2023-10-08,TRD-01,Treadmill,Bulky,1,300.0,300.0,Meta,cpc
ORD-1244,2023-10-08,TRD-01,Treadmill,Bulky,1,300.0,300.0,Meta,cpc
ORD-1245,2023-10-08,TRD-01,Treadmill,Bulky,1,300.0,300.0,Meta,cpc
ORD-1246,2023-10-08,TRD-01,Treadmill,Bulky,3,300.0,900.0,Meta,cpc
ORD-1247,2023-10-08,TRD-01,Treadmill,Bulky,3,300.0,900.0,Meta,cpc
ORD-1248,2023-10-08,TRD-01,Treadmill,Bulky,1,300.0,300.0,Meta,cpc
ORD-1249,2023-10-08,TRD-01,Treadmill,Bulky,1,300.0,300.0,Meta,cpc
ORD-1250,2023-10-08,TRD-01,Treadmill,Bulky,1,300.0,300.0,Meta,cpc
ORD-1251,2023-10-08,TRD-01,Treadmill,Bulky,1,300.0,300.0,Meta,cpc
ORD-1252,2023-10-08,TRD-01,Treadmill,Bulky,2,300.0,600.0,Meta,cpc
ORD-1253,2023-10-08,TRD-01,Treadmill,Bulky,1,300.0,300.0,Meta,cpc
ORD-1254,2023-10-08,TRD-01,Treadmill,Bulky,3,300.0,900.0,Meta,cpc
ORD-1255,2023-10-08,TRD-01,Treadmill,Bulky,1,300.0,300.0,Meta,cpc
ORD-1256,2023-10-08,TRD-01,Treadmill,Bulky,2,300.0,600.0,Meta,cpc
ORD-1257,2023-10-08,TRD-01,Treadmill,Bulky,3,300.0,900.0,Meta,cpc
ORD-1258,2023-10-08,TRD-01,Treadmill,Bulky,1,300.0,300.0,Meta,cpc
ORD-1259,2023-10-09,TRD-01,Treadmill,Bulky,1,300.0,300.0,Meta,cpc
ORD-1260,2023-10-09,TRD-01,Treadmill,Bulky,3,300.0,900.0,Meta,cpc
ORD-1261,2023-10-09,TRD-01,Treadmill,Bulky,1,300.0,300.0,Meta,cpc
ORD-1262,2023-10-09,TRD-01,Treadmill,Bulky,3,300.0,900.0,Meta,cpc
ORD-1263,2023-10-09,TRD-01,Treadmill,Bulky,3,300.0,900.0,Meta,cpc
ORD-1264,2023-10-09,TRD-01,Treadmill,Bulky,3,300.0,900.0,Meta,cpc
ORD-1265,2023-10-09,TRD-01,Treadmill,Bulky,2,300.0,600.0,Meta,cpc
ORD-1266,2023-10-09,TRD-01,Treadmill,Bulky,1,300.0,300.0,Meta,cpc
ORD-1267,2023-10-09,TRD-01,Treadmill,Bulky,2,300.0,600.0,Meta,cpc
ORD-1268,2023-10-09,TRD-01,Treadmill,Bulky,2,300.0,600.0,Meta,cpc
ORD-1269,2023-10-09,TRD-01,Treadmill,Bulky,1,300.0,300.0,Meta,cpc
ORD-1270,2023-10-09,TRD-01,Treadmill,Bulky,1,300.0,300.0,Meta,cpc
ORD-1271,2023-10-09,TRD-01,Treadmill,Bulky,1,300.0,300.0,Meta,cpc
ORD-1272,2023-10-09,TRD-01,Treadmill,Bulky,3,300.0,900.0,Meta,cpc
ORD-1273,2023-10-09,TRD-01,Treadmill,Bulky,2,300.0,600.0,Meta,cpc
ORD-1274,2023-10-09,TRD-01,Treadmill,Bulky,2,300.0,600.0,Meta,cpc
ORD-1275,2023-10-09,TRD-01,Treadmill,Bulky,2,300.0,600.0,Meta,cpc
ORD-1276,2023-10-09,TRD-01,Treadmill,Bulky,2,300.0,600.0,Meta,cpc
ORD-1277,2023-10-09,TRD-01,Treadmill,Bulky,2,300.0,600.0,Meta,cpc
ORD-1278,2023-10-09,TRD-01,Treadmill,Bulky,3,300.0,900.0,Meta,cpc
ORD-1279,2023-10-09,TRD-01,Treadmill,Bulky,1,300.0,300.0,Meta,cpc
ORD-1280,2023-10-09,TRD-01,Treadmill,Bulky,3,300.0,900.0,Meta,cpc
ORD-1281,2023-10-09,TRD-01,Treadmill,Bulky,3,300.0,900.0,Meta,cpc
ORD-1282,2023-10-09,TRD-01,Treadmill,Bulky,3,300.0,900.0,Meta,cpc
ORD-1283,2023-10-09,TRD-01,Treadmill,Bulky,1,300.0,300.0,Meta,cpc
ORD-1284,2023-10-09,TRD-01,Treadmill,Bulky,1,300.0,300.0,Meta,cpc
ORD-1285,2023-10-09,TRD-01,Treadmill,Bulky,2,300.0,600.0,Meta,cpc
ORD-1286,2023-10-09,TRD-01,Treadmill,Bulky,3,300.0,900.0,Meta,cpc
ORD-1287,2023-10-09,TRD-01,Treadmill,Bulky,2,300.0,600.0,Meta,cpc
ORD-1288,2023-10-09,TRD-01,Treadmill,Bulky,1,300.0,300.0,Meta,cpc
ORD-1289,2023-10-09,TRD-01,Treadmill,Bulky,1,300.0,300.0,Meta,cpc
ORD-1290,2023-10-09,TRD-01,Treadmill,Bulky,1,300.0,300.0,Meta,cpc
ORD-1291,2023-10-09,TRD-01,Treadmill,Bulky,1,300.0,300.0,Meta,cpc
ORD-1292,2023-10-09,TRD-01,Treadmill,Bulky,3,300.0,900.0,Meta,cpc
ORD-1293,2023-10-09,TRD-01,Treadmill,Bulky,2,300.0,600.0,Meta,cpc
ORD-1294,2023-10-09,TRD-01,Treadmill,Bulky,1,300.0,300.0,Meta,cpc
ORD-1295,2023-10-09,TRD-01,Treadmill,Bulky,1,300.0,300.0,Meta,cpc
ORD-1296,2023-10-10,TRD-01,Treadmill,Bulky,1,300.0,300.0,Meta,cpc
ORD-1297,2023-10-10,TRD-01,Treadmill,Bulky,2,300.0,600.0,Meta,cpc
ORD-1298,2023-10-10,TRD-01,Treadmill,Bulky,2,300.0,600.0,Meta,cpc
ORD-1299,2023-10-10,TRD-01,Treadmill,Bulky,1,300.0,300.0,Meta,cpc
ORD-1300,2023-10-10,TRD-01,Treadmill,Bulky,1,300.0,300.0,Meta,cpc
ORD-1301,2023-10-10,TRD-01,Treadmill,Bulky,2,300.0,600.0,Meta,cpc
ORD-1302,2023-10-10,TRD-01,Treadmill,Bulky,3,300.0,900.0,Meta,cpc
ORD-1303,2023-10-10,TRD-01,Treadmill,Bulky,1,300.0,300.0,Meta,cpc
ORD-1304,2023-10-10,TRD-01,Treadmill,Bulky,1,300.0,300.0,Meta,cpc
ORD-1305,2023-10-10,TRD-01,Treadmill,Bulky,3,300.0,900.0,Meta,cpc
ORD-1306,2023-10-10,TRD-01,Treadmill,Bulky,3,300.0,900.0,Meta,cpc
ORD-1307,2023-10-10,TRD-01,Treadmill,Bulky,1,300.0,300.0,Meta,cpc
ORD-1308,2023-10-10,TRD-01,Treadmill,Bulky,1,300.0,300.0,Meta,cpc
ORD-1309,2023-10-10,TRD-01,Treadmill,Bulky,1,300.0,300.0,Meta,cpc
ORD-1310,2023-10-10,TRD-01,Treadmill,Bulky,1,300.0,300.0,Meta,cpc
ORD-1311,2023-10-10,TRD-01,Treadmill,Bulky,2,300.0,600.0,Meta,cpc
ORD-1312,2023-10-10,TRD-01,Treadmill,Bulky,2,300.0,600.0,Meta,cpc
ORD-1313,2023-10-10,TRD-01,Treadmill,Bulky,2,300.0,600.0,Meta,cpc
ORD-1314,2023-10-10,TRD-01,Treadmill,Bulky,1,300.0,300.0,Meta,cpc
ORD-1315,2023-10-10,TRD-01,Treadmill,Bulky,2,300.0,600.0,Meta,cpc
ORD-1316,2023-10-10,TRD-01,Treadmill,Bulky,1,300.0,300.0,Meta,cpc
ORD-1317,2023-10-10,TRD-01,Treadmill,Bulky,1,300.0,300.0,Meta,cpc
ORD-1318,2023-10-10,TRD-01,Treadmill,Bulky,2,300.0,600.0,Meta,cpc
ORD-1319,2023-10-10,TRD-01,Treadmill,Bulky,1,300.0,300.0,Meta,cpc
ORD-1320,2023-10-10,TRD-01,Treadmill,Bulky,2,300.0,600.0,Meta,cpc
ORD-1321,2023-10-10,TRD-01,Treadmill,Bulky,2,300.0,600.0,Meta,cpc
ORD-1322,2023-10-10,TRD-01,Treadmill,Bulky,2,300.0,600.0,Meta,cpc
ORD-1323,2023-10-10,TRD-01,Treadmill,Bulky,2,300.0,600.0,Meta,cpc
ORD-1324,2023-10-10,TRD-01,Treadmill,Bulky,2,300.0,600.0,Meta,cpc
ORD-1325,2023-10-10,TRD-01,Treadmill,Bulky,3,300.0,900.0,Meta,cpc
ORD-1326,2023-10-10,TRD-01,Treadmill,Bulky,3,300.0,900.0,Meta,cpc
ORD-1327,2023-10-10,TRD-01,Treadmill,Bulky,3,300.0,900.0,Meta,cpc
ORD-1328,2023-10-10,TRD-01,Treadmill,Bulky,3,300.0,900.0,Meta,cpc
ORD-1329,2023-10-10,TRD-01,Treadmill,Bulky,3,300.0,900.0,Meta,cpc
ORD-1330,2023-10-10,TRD-01,Treadmill,Bulky,2,300.0,600.0,Meta,cpc
ORD-1331,2023-10-10,TRD-01,Treadmill,Bulky,1,300.0,300.0,Meta,cpc
ORD-1332,2023-10-10,TRD-01,Treadmill,Bulky,1,300.0,300.0,Meta,cpc
ORD-1333,2023-10-10,TRD-01,Treadmill,Bulky,2,300.0,600.0,Meta,cpc
ORD-1334,2023-10-10,TRD-01,Treadmill,Bulky,1,300.0,300.0,Meta,cpc
ORD-1335,2023-10-10,TRD-01,Treadmill,Bulky,1,300.0,300.0,Meta,cpc
ORD-1336,2023-10-10,TRD-01,Treadmill,Bulky,3,300.0,900.0,Meta,cpc
ORD-1337,2023-10-10,TRD-01,Treadmill,Bulky,3,300.0,900.0,Meta,cpc
ORD-1338,2023-10-11,TRD-01,Treadmill,Bulky,3,300.0,900.0,Meta,cpc
ORD-1339,2023-10-11,TRD-01,Treadmill,Bulky,1,300.0,300.0,Meta,cpc
ORD-1340,2023-10-11,TRD-01,Treadmill,Bulky,3,300.0,900.0,Meta,cpc
ORD-1341,2023-10-11,TRD-01,Treadmill,Bulky,2,300.0,600.0,Meta,cpc
ORD-1342,2023-10-11,TRD-01,Treadmill,Bulky,1,300.0,300.0,Meta,cpc
ORD-1343,2023-10-11,TRD-01,Treadmill,Bulky,1,300.0,300.0,Meta,cpc
ORD-1344,2023-10-11,TRD-01,Treadmill,Bulky,3,300.0,900.0,Meta,cpc
ORD-1345,2023-10-11,TRD-01,Treadmill,Bulky,2,300.0,600.0,Meta,cpc
ORD-1346,2023-10-11,TRD-01,Treadmill,Bulky,3,300.0,900.0,Meta,cpc
ORD-1347,2023-10-11,TRD-01,Treadmill,Bulky,3,300.0,900.0,Meta,cpc
ORD-1348,2023-10-11,TRD-01,Treadmill,Bulky,1,300.0,300.0,Meta,cpc
ORD-1349,2023-10-11,TRD-01,Treadmill,Bulky,1,300.0,300.0,Meta,cpc
ORD-1350,2023-10-11,TRD-01,Treadmill,Bulky,3,300.0,900.0,Meta,cpc
ORD-1351,2023-10-11,TRD-01,Treadmill,Bulky,1,300.0,300.0,Meta,cpc
ORD-1352,2023-10-11,TRD-01,Treadmill,Bulky,1,300.0,300.0,Meta,cpc
ORD-1353,2023-10-11,TRD-01,Treadmill,Bulky,1,300.0,300.0,Meta,cpc
ORD-1354,2023-10-11,TRD-01,Treadmill,Bulky,3,300.0,900.0,Meta,cpc
ORD-1355,2023-10-11,TRD-01,Treadmill,Bulky,1,300.0,300.0,Meta,cpc
ORD-1356,2023-10-11,TRD-01,Treadmill,Bulky,3,300.0,900.0,Meta,cpc
ORD-1357,2023-10-11,TRD-01,Treadmill,Bulky,1,300.0,300.0,Meta,cpc
ORD-1358,2023-10-11,TRD-01,Treadmill,Bulky,2,300.0,600.0,Meta,cpc
ORD-1359,2023-10-11,TRD-01,Treadmill,Bulky,1,300.0,300.0,Meta,cpc
ORD-1360,2023-10-11,TRD-01,Treadmill,Bulky,3,300.0,900.0,Meta,cpc
ORD-1361,2023-10-11,TRD-01,Treadmill,Bulky,1,300.0,300.0,Meta,cpc
ORD-1362,2023-10-11,TRD-01,Treadmill,Bulky,3,300.0,900.0,Meta,cpc
ORD-1363,2023-10-11,TRD-01,Treadmill,Bulky,3,300.0,900.0,Meta,cpc
ORD-1364,2023-10-11,TRD-01,Treadmill,Bulky,1,300.0,300.0,Meta,cpc
ORD-1365,2023-10-11,TRD-01,Treadmill,Bulky,3,300.0,900.0,Meta,cpc
ORD-1366,2023-10-11,TRD-01,Treadmill,Bulky,1,300.0,300.0,Meta,cpc
ORD-1367,2023-10-11,TRD-01,Treadmill,Bulky,2,300.0,600.0,Meta,cpc
ORD-1368,2023-10-11,TRD-01,Treadmill,Bulky,3,300.0,900.0,Meta,cpc
ORD-1369,2023-10-11,TRD-01,Treadmill,Bulky,3,300.0,900.0,Meta,cpc
ORD-1370,2023-10-11,TRD-01,Treadmill,Bulky,3,300.0,900.0,Meta,cpc
ORD-1371,2023-10-11,TRD-01,Treadmill,Bulky,3,300.0,900.0,Meta,cpc
ORD-1372,2023-10-11,TRD-01,Treadmill,Bulky,2,300.0,600.0,Meta,cpc
ORD-1373,2023-10-12,TRD-01,Treadmill,Bulky,2,300.0,600.0,Meta,cpc
ORD-1374,2023-10-12,TRD-01,Treadmill,Bulky,1,300.0,300.0,Meta,cpc
ORD-1375,2023-10-12,TRD-01,Treadmill,Bulky,3,300.0,900.0,Meta,cpc
ORD-1376,2023-10-12,TRD-01,Treadmill,Bulky,3,300.0,900.0,Meta,cpc
ORD-1377,2023-10-12,TRD-01,Treadmill,Bulky,2,300.0,600.0,Meta,cpc
ORD-1378,2023-10-12,TRD-01,Treadmill,Bulky,1,300.0,300.0,Meta,cpc
ORD-1379,2023-10-12,TRD-01,Treadmill,Bulky,2,300.0,600.0,Meta,cpc
ORD-1380,2023-10-12,TRD-01,Treadmill,Bulky,2,300.0,600.0,Meta,cpc
ORD-1381,2023-10-12,TRD-01,Treadmill,Bulky,1,300.0,300.0,Meta,cpc
ORD-1382,2023-10-12,TRD-01,Treadmill,Bulky,3,300.0,900.0,Meta,cpc
ORD-1383,2023-10-12,TRD-01,Treadmill,Bulky,3,300.0,900.0,Meta,cpc
ORD-1384,2023-10-12,TRD-01,Treadmill,Bulky,2,300.0,600.0,Meta,cpc
ORD-1385,2023-10-12,TRD-01,Treadmill,Bulky,2,300.0,600.0,Meta,cpc
ORD-1386,2023-10-12,TRD-01,Treadmill,Bulky,2,300.0,600.0,Meta,cpc
ORD-1387,2023-10-12,TRD-01,Treadmill,Bulky,1,300.0,300.0,Meta,cpc
ORD-1388,2023-10-12,TRD-01,Treadmill,Bulky,1,300.0,300.0,Meta,cpc
ORD-1389,2023-10-12,TRD-01,Treadmill,Bulky,2,300.0,600.0,Meta,cpc
ORD-1390,2023-10-12,TRD-01,Treadmill,Bulky,3,300.0,900.0,Meta,cpc
ORD-1391,2023-10-12,TRD-01,Treadmill,Bulky,3,300.0,900.0,Meta,cpc
ORD-1392,2023-10-12,TRD-01,Treadmill,Bulky,1,300.0,300.0,Meta,cpc
ORD-1393,2023-10-12,TRD-01,Treadmill,Bulky,1,300.0,300.0,Meta,cpc
ORD-1394,2023-10-12,TRD-01,Treadmill,Bulky,3,300.0,900.0,Meta,cpc
ORD-1395,2023-10-12,TRD-01,Treadmill,Bulky,1,300.0,300.0,Meta,cpc
ORD-1396,2023-10-12,TRD-01,Treadmill,Bulky,3,300.0,900.0,Meta,cpc
ORD-1397,2023-10-12,TRD-01,Treadmill,Bulky,2,300.0,600.0,Meta,cpc
ORD-1398,2023-10-12,TRD-01,Treadmill,Bulky,1,300.0,300.0,Meta,cpc
ORD-1399,2023-10-12,TRD-01,Treadmill,Bulky,2,300.0,600.0,Meta,cpc
ORD-1400,2023-10-12,TRD-01,Treadmill,Bulky,1,300.0,300.0,Meta,cpc
ORD-1401,2023-10-12,TRD-01,Treadmill,Bulky,1,300.0,300.0,Meta,cpc
ORD-1402,2023-10-12,TRD-01,Treadmill,Bulky,2,300.0,600.0,Meta,cpc
ORD-1403,2023-10-12,TRD-01,Treadmill,Bulky,2,300.0,600.0,Meta,cpc
ORD-1404,2023-10-12,TRD-01,Treadmill,Bulky,1,300.0,300.0,Meta,cpc
ORD-1405,2023-10-12,TRD-01,Treadmill,Bulky,2,300.0,600.0,Meta,cpc
ORD-1406,2023-10-12,TRD-01,Treadmill,Bulky,3,300.0,900.0,Meta,cpc
ORD-1407,2023-10-12,TRD-01,Treadmill,Bulky,3,300.0,900.0,Meta,cpc
ORD-1408,2023-10-12,TRD-01,Treadmill,Bulky,2,300.0,600.0,Meta,cpc
ORD-1409,2023-10-12,TRD-01,Treadmill,Bulky,3,300.0,900.0,Meta,cpc
ORD-1410,2023-10-12,TRD-01,Treadmill,Bulky,2,300.0,600.0,Meta,cpc
ORD-1411,2023-10-13,TRD-01,Treadmill,Bulky,3,300.0,900.0,Meta,cpc
ORD-1412,2023-10-13,TRD-01,Treadmill,Bulky,1,300.0,300.0,Meta,cpc
ORD-1413,2023-10-13,TRD-01,Treadmill,Bulky,3,300.0,900.0,Meta,cpc
ORD-1414,2023-10-13,TRD-01,Treadmill,Bulky,3,300.0,900.0,Meta,cpc
ORD-1415,2023-10-13,TRD-01,Treadmill,Bulky,2,300.0,600.0,Meta,cpc
ORD-1416,2023-10-13,TRD-01,Treadmill,Bulky,3,300.0,900.0,Meta,cpc
ORD-1417,2023-10-13,TRD-01,Treadmill,Bulky,1,300.0,300.0,Meta,cpc
ORD-1418,2023-10-13,TRD-01,Treadmill,Bulky,1,300.0,300.0,Meta,cpc
ORD-1419,2023-10-13,TRD-01,Treadmill,Bulky,2,300.0,600.0,Meta,cpc
ORD-1420,2023-10-13,TRD-01,Treadmill,Bulky,1,300.0,300.0,Meta,cpc
ORD-1421,2023-10-13,TRD-01,Treadmill,Bulky,1,300.0,300.0,Meta,cpc
ORD-1422,2023-10-13,TRD-01,Treadmill,Bulky,3,300.0,900.0,Meta,cpc
ORD-1423,2023-10-13,TRD-01,Treadmill,Bulky,3,300.0,900.0,Meta,cpc
ORD-1424,2023-10-13,TRD-01,Treadmill,Bulky,1,300.0,300.0,Meta,cpc
ORD-1425,2023-10-13,TRD-01,Treadmill,Bulky,2,300.0,600.0,Meta,cpc
ORD-1426,2023-10-13,TRD-01,Treadmill,Bulky,2,300.0,600.0,Meta,cpc
ORD-1427,2023-10-13,TRD-01,Treadmill,Bulky,3,300.0,900.0,Meta,cpc
ORD-1428,2023-10-13,TRD-01,Treadmill,Bulky,1,300.0,300.0,Meta,cpc
ORD-1429,2023-10-13,TRD-01,Treadmill,Bulky,3,300.0,900.0,Meta,cpc
ORD-1430,2023-10-13,TRD-01,Treadmill,Bulky,2,300.0,600.0,Meta,cpc
ORD-1431,2023-10-13,TRD-01,Treadmill,Bulky,1,300.0,300.0,Meta,cpc
ORD-1432,2023-10-13,TRD-01,Treadmill,Bulky,3,300.0,900.0,Meta,cpc
ORD-1433,2023-10-13,TRD-01,Treadmill,Bulky,3,300.0,900.0,Meta,cpc
ORD-1434,2023-10-13,TRD-01,Treadmill,Bulky,2,300.0,600.0,Meta,cpc
ORD-1435,2023-10-13,TRD-01,Treadmill,Bulky,3,300.0,900.0,Meta,cpc
ORD-1436,2023-10-13,TRD-01,Treadmill,Bulky,2,300.0,600.0,Meta,cpc
ORD-1437,2023-10-13,TRD-01,Treadmill,Bulky,2,300.0,600.0,Meta,cpc
ORD-1438,2023-10-13,TRD-01,Treadmill,Bulky,1,300.0,300.0,Meta,cpc
ORD-1439,2023-10-13,TRD-01,Treadmill,Bulky,1,300.0,300.0,Meta,cpc
ORD-1440,2023-10-14,TRD-01,Treadmill,Bulky,3,300.0,900.0,Meta,cpc
ORD-1441,2023-10-14,TRD-01,Treadmill,Bulky,2,300.0,600.0,Meta,cpc
ORD-1442,2023-10-14,TRD-01,Treadmill,Bulky,2,300.0,600.0,Meta,cpc
ORD-1443,2023-10-14,TRD-01,Treadmill,Bulky,1,300.0,300.0,Meta,cpc
ORD-1444,2023-10-14,TRD-01,Treadmill,Bulky,1,300.0,300.0,Meta,cpc
ORD-1445,2023-10-14,TRD-01,Treadmill,Bulky,2,300.0,600.0,Meta,cpc
ORD-1446,2023-10-14,TRD-01,Treadmill,Bulky,1,300.0,300.0,Meta,cpc
ORD-1447,2023-10-14,TRD-01,Treadmill,Bulky,3,300.0,900.0,Meta,cpc
ORD-1448,2023-10-14,TRD-01,Treadmill,Bulky,2,300.0,600.0,Meta,cpc
ORD-1449,2023-10-14,TRD-01,Treadmill,Bulky,1,300.0,300.0,Meta,cpc
ORD-1450,2023-10-14,TRD-01,Treadmill,Bulky,3,300.0,900.0,Meta,cpc
ORD-1451,2023-10-14,TRD-01,Treadmill,Bulky,2,300.0,600.0,Meta,cpc
ORD-1452,2023-10-14,TRD-01,Treadmill,Bulky,3,300.0,900.0,Meta,cpc
ORD-1453,2023-10-14,TRD-01,Treadmill,Bulky,3,300.0,900.0,Meta,cpc
ORD-1454,2023-10-14,TRD-01,Treadmill,Bulky,2,300.0,600.0,Meta,cpc
ORD-1455,2023-10-14,TRD-01,Treadmill,Bulky,3,300.0,900.0,Meta,cpc
ORD-1456,2023-10-14,TRD-01,Treadmill,Bulky,1,300.0,300.0,Meta,cpc
ORD-1457,2023-10-14,TRD-01,Treadmill,Bulky,1,300.0,300.0,Meta,cpc
ORD-1458,2023-10-14,TRD-01,Treadmill,Bulky,1,300.0,300.0,Meta,cpc
ORD-1459,2023-10-14,TRD-01,Treadmill,Bulky,3,300.0,900.0,Meta,cpc
ORD-1460,2023-10-14,TRD-01,Treadmill,Bulky,1,300.0,300.0,Meta,cpc
ORD-1461,2023-10-14,TRD-01,Treadmill,Bulky,3,300.0,900.0,Meta,cpc
ORD-1462,2023-10-14,TRD-01,Treadmill,Bulky,1,300.0,300.0,Meta,cpc
ORD-1463,2023-10-14,TRD-01,Treadmill,Bulky,2,300.0,600.0,Meta,cpc
ORD-1464,2023-10-14,TRD-01,Treadmill,Bulky,3,300.0,900.0,Meta,cpc
ORD-1465,2023-10-14,TRD-01,Treadmill,Bulky,3,300.0,900.0,Meta,cpc
ORD-1466,2023-10-14,TRD-01,Treadmill,Bulky,1,300.0,300.0,Meta,cpc
ORD-1467,2023-10-14,TRD-01,Treadmill,Bulky,2,300.0,600.0,Meta,cpc
ORD-1468,2023-10-14,TRD-01,Treadmill,Bulky,1,300.0,300.0,Meta,cpc
ORD-1469,2023-10-14,TRD-01,Treadmill,Bulky,1,300.0,300.0,Meta,cpc
ORD-1470,2023-10-14,TRD-01,Treadmill,Bulky,2,300.0,600.0,Meta,cpc
ORD-1471,2023-10-14,TRD-01,Treadmill,Bulky,2,300.0,600.0,Meta,cpc
ORD-1472,2023-10-14,TRD-01,Treadmill,Bulky,1,300.0,300.0,Meta,cpc
ORD-1473,2023-10-14,TRD-01,Treadmill,Bulky,2,300.0,600.0,Meta,cpc
ORD-1474,2023-10-14,TRD-01,Treadmill,Bulky,1,300.0,300.0,Meta,cpc
ORD-1475,2023-10-14,TRD-01,Treadmill,Bulky,1,300.0,300.0,Meta,cpc
ORD-1476,2023-10-15,TRD-01,Treadmill,Bulky,1,300.0,300.0,Meta,cpc
ORD-1477,2023-10-15,TRD-01,Treadmill,Bulky,3,300.0,900.0,Meta,cpc
ORD-1478,2023-10-15,TRD-01,Treadmill,Bulky,1,300.0,300.0,Meta,cpc
ORD-1479,2023-10-15,TRD-01,Treadmill,Bulky,2,300.0,600.0,Meta,cpc
ORD-1480,2023-10-15,TRD-01,Treadmill,Bulky,3,300.0,900.0,Meta,cpc
ORD-1481,2023-10-15,TRD-01,Treadmill,Bulky,2,300.0,600.0,Meta,cpc
ORD-1482,2023-10-15,TRD-01,Treadmill,Bulky,3,300.0,900.0,Meta,cpc
ORD-1483,2023-10-15,TRD-01,Treadmill,Bulky,3,300.0,900.0,Meta,cpc
ORD-1484,2023-10-15,TRD-01,Treadmill,Bulky,1,300.0,300.0,Meta,cpc
ORD-1485,2023-10-15,TRD-01,Treadmill,Bulky,1,300.0,300.0,Meta,cpc
ORD-1486,2023-10-15,TRD-01,Treadmill,Bulky,1,300.0,300.0,Meta,cpc
ORD-1487,2023-10-15,TRD-01,Treadmill,Bulky,1,300.0,300.0,Meta,cpc
ORD-1488,2023-10-15,TRD-01,Treadmill,Bulky,2,300.0,600.0,Meta,cpc
ORD-1489,2023-10-15,TRD-01,Treadmill,Bulky,1,300.0,300.0,Meta,cpc
ORD-1490,2023-10-15,TRD-01,Treadmill,Bulky,1,300.0,300.0,Meta,cpc
ORD-1491,2023-10-15,TRD-01,Treadmill,Bulky,3,300.0,900.0,Meta,cpc
ORD-1492,2023-10-15,TRD-01,Treadmill,Bulky,2,300.0,600.0,Meta,cpc
ORD-1493,2023-10-15,TRD-01,Treadmill,Bulky,2,300.0,600.0,Meta,cpc
ORD-1494,2023-10-15,TRD-01,Treadmill,Bulky,3,300.0,900.0,Meta,cpc
ORD-1495,2023-10-15,TRD-01,Treadmill,Bulky,3,300.0,900.0,Meta,cpc
ORD-1496,2023-10-15,TRD-01,Treadmill,Bulky,1,300.0,300.0,Meta,cpc
ORD-1497,2023-10-15,TRD-01,Treadmill,Bulky,2,300.0,600.0,Meta,cpc
ORD-1498,2023-10-15,TRD-01,Treadmill,Bulky,1,300.0,300.0,Meta,cpc
ORD-1499,2023-10-15,TRD-01,Treadmill,Bulky,3,300.0,900.0,Meta,cpc
ORD-1500,2023-10-15,TRD-01,Treadmill,Bulky,1,300.0,300.0,Meta,cpc
ORD-1501,2023-10-15,TRD-01,Treadmill,Bulky,2,300.0,600.0,Meta,cpc
ORD-1502,2023-10-15,TRD-01,Treadmill,Bulky,1,300.0,300.0,Meta,cpc
ORD-1503,2023-10-15,TRD-01,Treadmill,Bulky,2,300.0,600.0,Meta,cpc
ORD-1504,2023-10-15,TRD-01,Treadmill,Bulky,1,300.0,300.0,Meta,cpc
ORD-1505,2023-10-15,TRD-01,Treadmill,Bulky,1,300.0,300.0,Meta,cpc
ORD-1506,2023-10-15,TRD-01,Treadmill,Bulky,2,300.0,600.0,Meta,cpc
ORD-1507,2023-10-15,TRD-01,Treadmill,Bulky,2,300.0,600.0,Meta,cpc
ORD-1508,2023-10-15,TRD-01,Treadmill,Bulky,2,300.0,600.0,Meta,cpc
ORD-1509,2023-10-15,TRD-01,Treadmill,Bulky,1,300.0,300.0,Meta,cpc
ORD-1510,2023-10-15,TRD-01,Treadmill,Bulky,1,300.0,300.0,Meta,cpc
ORD-1511,2023-10-15,TRD-01,Treadmill,Bulky,1,300.0,300.0,Meta,cpc
ORD-1512,2023-10-15,TRD-01,Treadmill,Bulky,3,300.0,900.0,Meta,cpc
ORD-1513,2023-10-15,TRD-01,Treadmill,Bulky,1,300.0,300.0,Meta,cpc
ORD-1514,2023-10-15,TRD-01,Treadmill,Bulky,2,300.0,600.0,Meta,cpc
ORD-1515,2023-10-15,TRD-01,Treadmill,Bulky,2,300.0,600.0,Meta,cpc
ORD-1516,2023-10-15,TRD-01,Treadmill,Bulky,2,300.0,600.0,Meta,cpc
ORD-1517,2023-10-16,TRD-01,Treadmill,Bulky,1,300.0,300.0,Meta,cpc
ORD-1518,2023-10-16,TRD-01,Treadmill,Bulky,2,300.0,600.0,Meta,cpc
ORD-1519,2023-10-16,TRD-01,Treadmill,Bulky,2,300.0,600.0,Meta,cpc
ORD-1520,2023-10-16,TRD-01,Treadmill,Bulky,3,300.0,900.0,Meta,cpc
ORD-1521,2023-10-16,TRD-01,Treadmill,Bulky,3,300.0,900.0,Meta,cpc
ORD-1522,2023-10-16,TRD-01,Treadmill,Bulky,2,300.0,600.0,Meta,cpc
ORD-1523,2023-10-16,TRD-01,Treadmill,Bulky,3,300.0,900.0,Meta,cpc
ORD-1524,2023-10-16,TRD-01,Treadmill,Bulky,3,300.0,900.0,Meta,cpc
ORD-1525,2023-10-16,TRD-01,Treadmill,Bulky,2,300.0,600.0,Meta,cpc
ORD-1526,2023-10-16,TRD-01,Treadmill,Bulky,1,300.0,300.0,Meta,cpc
ORD-1527,2023-10-16,TRD-01,Treadmill,Bulky,1,300.0,300.0,Meta,cpc
ORD-1528,2023-10-16,TRD-01,Treadmill,Bulky,2,300.0,600.0,Meta,cpc
ORD-1529,2023-10-16,TRD-01,Treadmill,Bulky,1,300.0,300.0,Meta,cpc
ORD-1530,2023-10-16,TRD-01,Treadmill,Bulky,3,300.0,900.0,Meta,cpc
ORD-1531,2023-10-16,TRD-01,Treadmill,Bulky,2,300.0,600.0,Meta,cpc
ORD-1532,2023-10-16,TRD-01,Treadmill,Bulky,1,300.0,300.0,Meta,cpc
ORD-1533,2023-10-16,TRD-01,Treadmill,Bulky,1,300.0,300.0,Meta,cpc
ORD-1534,2023-10-16,TRD-01,Treadmill,Bulky,3,300.0,900.0,Meta,cpc
ORD-1535,2023-10-16,TRD-01,Treadmill,Bulky,2,300.0,600.0,Meta,cpc
ORD-1536,2023-10-16,TRD-01,Treadmill,Bulky,2,300.0,600.0,Meta,cpc
ORD-1537,2023-10-16,TRD-01,Treadmill,Bulky,3,300.0,900.0,Meta,cpc
ORD-1538,2023-10-16,TRD-01,Treadmill,Bulky,2,300.0,600.0,Meta,cpc
ORD-1539,2023-10-16,TRD-01,Treadmill,Bulky,2,300.0,600.0,Meta,cpc
ORD-1540,2023-10-16,TRD-01,Treadmill,Bulky,3,300.0,900.0,Meta,cpc
ORD-1541,2023-10-16,TRD-01,Treadmill,Bulky,3,300.0,900.0,Meta,cpc
ORD-1542,2023-10-16,TRD-01,Treadmill,Bulky,1,300.0,300.0,Meta,cpc
ORD-1543,2023-10-16,TRD-01,Treadmill,Bulky,2,300.0,600.0,Meta,cpc
ORD-1544,2023-10-16,TRD-01,Treadmill,Bulky,3,300.0,900.0,Meta,cpc
ORD-1545,2023-10-17,TRD-01,Treadmill,Bulky,1,300.0,300.0,Meta,cpc
ORD-1546,2023-10-17,TRD-01,Treadmill,Bulky,2,300.0,600.0,Meta,cpc
ORD-1547,2023-10-17,TRD-01,Treadmill,Bulky,1,300.0,300.0,Meta,cpc
ORD-1548,2023-10-17,TRD-01,Treadmill,Bulky,3,300.0,900.0,Meta,cpc
ORD-1549,2023-10-17,TRD-01,Treadmill,Bulky,2,300.0,600.0,Meta,cpc
ORD-1550,2023-10-17,TRD-01,Treadmill,Bulky,1,300.0,300.0,Meta,cpc
ORD-1551,2023-10-17,TRD-01,Treadmill,Bulky,3,300.0,900.0,Meta,cpc
ORD-1552,2023-10-17,TRD-01,Treadmill,Bulky,3,300.0,900.0,Meta,cpc
ORD-1553,2023-10-17,TRD-01,Treadmill,Bulky,3,300.0,900.0,Meta,cpc
ORD-1554,2023-10-17,TRD-01,Treadmill,Bulky,3,300.0,900.0,Meta,cpc
ORD-1555,2023-10-17,TRD-01,Treadmill,Bulky,3,300.0,900.0,Meta,cpc
ORD-1556,2023-10-17,TRD-01,Treadmill,Bulky,3,300.0,900.0,Meta,cpc
ORD-1557,2023-10-17,TRD-01,Treadmill,Bulky,3,300.0,900.0,Meta,cpc
ORD-1558,2023-10-17,TRD-01,Treadmill,Bulky,1,300.0,300.0,Meta,cpc
ORD-1559,2023-10-17,TRD-01,Treadmill,Bulky,2,300.0,600.0,Meta,cpc
ORD-1560,2023-10-17,TRD-01,Treadmill,Bulky,2,300.0,600.0,Meta,cpc
ORD-1561,2023-10-17,TRD-01,Treadmill,Bulky,1,300.0,300.0,Meta,cpc
ORD-1562,2023-10-17,TRD-01,Treadmill,Bulky,3,300.0,900.0,Meta,cpc
ORD-1563,2023-10-17,TRD-01,Treadmill,Bulky,2,300.0,600.0,Meta,cpc
ORD-1564,2023-10-17,TRD-01,Treadmill,Bulky,3,300.0,900.0,Meta,cpc
ORD-1565,2023-10-17,TRD-01,Treadmill,Bulky,2,300.0,600.0,Meta,cpc
ORD-1566,2023-10-17,TRD-01,Treadmill,Bulky,3,300.0,900.0,Meta,cpc
ORD-1567,2023-10-17,TRD-01,Treadmill,Bulky,1,300.0,300.0,Meta,cpc
ORD-1568,2023-10-17,TRD-01,Treadmill,Bulky,3,300.0,900.0,Meta,cpc
ORD-1569,2023-10-17,TRD-01,Treadmill,Bulky,2,300.0,600.0,Meta,cpc
ORD-1570,2023-10-17,TRD-01,Treadmill,Bulky,3,300.0,900.0,Meta,cpc
ORD-1571,2023-10-17,TRD-01,Treadmill,Bulky,1,300.0,300.0,Meta,cpc
ORD-1572,2023-10-18,TRD-01,Treadmill,Bulky,3,300.0,900.0,Meta,cpc
ORD-1573,2023-10-18,TRD-01,Treadmill,Bulky,2,300.0,600.0,Meta,cpc
ORD-1574,2023-10-18,TRD-01,Treadmill,Bulky,2,300.0,600.0,Meta,cpc
ORD-1575,2023-10-18,TRD-01,Treadmill,Bulky,2,300.0,600.0,Meta,cpc
ORD-1576,2023-10-18,TRD-01,Treadmill,Bulky,3,300.0,900.0,Meta,cpc
ORD-1577,2023-10-18,TRD-01,Treadmill,Bulky,2,300.0,600.0,Meta,cpc
ORD-1578,2023-10-18,TRD-01,Treadmill,Bulky,3,300.0,900.0,Meta,cpc
ORD-1579,2023-10-18,TRD-01,Treadmill,Bulky,1,300.0,300.0,Meta,cpc
ORD-1580,2023-10-18,TRD-01,Treadmill,Bulky,1,300.0,300.0,Meta,cpc
ORD-1581,2023-10-18,TRD-01,Treadmill,Bulky,2,300.0,600.0,Meta,cpc
ORD-1582,2023-10-18,TRD-01,Treadmill,Bulky,3,300.0,900.0,Meta,cpc
ORD-1583,2023-10-18,TRD-01,Treadmill,Bulky,2,300.0,600.0,Meta,cpc
ORD-1584,2023-10-18,TRD-01,Treadmill,Bulky,3,300.0,900.0,Meta,cpc
ORD-1585,2023-10-18,TRD-01,Treadmill,Bulky,3,300.0,900.0,Meta,cpc
ORD-1586,2023-10-18,TRD-01,Treadmill,Bulky,1,300.0,300.0,Meta,cpc
ORD-1587,2023-10-18,TRD-01,Treadmill,Bulky,3,300.0,900.0,Meta,cpc
ORD-1588,2023-10-18,TRD-01,Treadmill,Bulky,3,300.0,900.0,Meta,cpc
ORD-1589,2023-10-18,TRD-01,Treadmill,Bulky,2,300.0,600.0,Meta,cpc
ORD-1590,2023-10-18,TRD-01,Treadmill,Bulky,2,300.0,600.0,Meta,cpc
ORD-1591,2023-10-18,TRD-01,Treadmill,Bulky,3,300.0,900.0,Meta,cpc
ORD-1592,2023-10-18,TRD-01,Treadmill,Bulky,1,300.0,300.0,Meta,cpc
ORD-1593,2023-10-18,TRD-01,Treadmill,Bulky,2,300.0,600.0,Meta,cpc
ORD-1594,2023-10-18,TRD-01,Treadmill,Bulky,2,300.0,600.0,Meta,cpc
ORD-1595,2023-10-18,TRD-01,Treadmill,Bulky,1,300.0,300.0,Meta,cpc
ORD-1596,2023-10-18,TRD-01,Treadmill,Bulky,2,300.0,600.0,Meta,cpc
ORD-1597,2023-10-18,TRD-01,Treadmill,Bulky,3,300.0,900.0,Meta,cpc
ORD-1598,2023-10-18,TRD-01,Treadmill,Bulky,3,300.0,900.0,Meta,cpc
ORD-1599,2023-10-18,TRD-01,Treadmill,Bulky,3,300.0,900.0,Meta,cpc
ORD-1600,2023-10-19,TRD-01,Treadmill,Bulky,2,300.0,600.0,Meta,cpc
ORD-1601,2023-10-19,TRD-01,Treadmill,Bulky,2,300.0,600.0,Meta,cpc
ORD-1602,2023-10-19,TRD-01,Treadmill,Bulky,2,300.0,600.0,Meta,cpc
ORD-1603,2023-10-19,TRD-01,Treadmill,Bulky,2,300.0,600.0,Meta,cpc
ORD-1604,2023-10-19,TRD-01,Treadmill,Bulky,3,300.0,900.0,Meta,cpc
ORD-1605,2023-10-19,TRD-01,Treadmill,Bulky,1,300.0,300.0,Meta,cpc
ORD-1606,2023-10-19,TRD-01,Treadmill,Bulky,3,300.0,900.0,Meta,cpc
ORD-1607,2023-10-19,TRD-01,Treadmill,Bulky,2,300.0,600.0,Meta,cpc
ORD-1608,2023-10-19,TRD-01,Treadmill,Bulky,3,300.0,900.0,Meta,cpc
ORD-1609,2023-10-19,TRD-01,Treadmill,Bulky,1,300.0,300.0,Meta,cpc
ORD-1610,2023-10-19,TRD-01,Treadmill,Bulky,3,300.0,900.0,Meta,cpc
ORD-1611,2023-10-19,TRD-01,Treadmill,Bulky,1,300.0,300.0,Meta,cpc
ORD-1612,2023-10-19,TRD-01,Treadmill,Bulky,2,300.0,600.0,Meta,cpc
ORD-1613,2023-10-19,TRD-01,Treadmill,Bulky,3,300.0,900.0,Meta,cpc
ORD-1614,2023-10-19,TRD-01,Treadmill,Bulky,3,300.0,900.0,Meta,cpc
ORD-1615,2023-10-19,TRD-01,Treadmill,Bulky,3,300.0,900.0,Meta,cpc
ORD-1616,2023-10-19,TRD-01,Treadmill,Bulky,3,300.0,900.0,Meta,cpc
ORD-1617,2023-10-19,TRD-01,Treadmill,Bulky,2,300.0,600.0,Meta,cpc
ORD-1618,2023-10-19,TRD-01,Treadmill,Bulky,1,300.0,300.0,Meta,cpc
ORD-1619,2023-10-19,TRD-01,Treadmill,Bulky,1,300.0,300.0,Meta,cpc
ORD-1620,2023-10-19,TRD-01,Treadmill,Bulky,3,300.0,900.0,Meta,cpc
ORD-1621,2023-10-19,TRD-01,Treadmill,Bulky,2,300.0,600.0,Meta,cpc
ORD-1622,2023-10-19,TRD-01,Treadmill,Bulky,1,300.0,300.0,Meta,cpc
ORD-1623,2023-10-19,TRD-01,Treadmill,Bulky,1,300.0,300.0,Meta,cpc
ORD-1624,2023-10-19,TRD-01,Treadmill,Bulky,1,300.0,300.0,Meta,cpc
ORD-1625,2023-10-19,TRD-01,Treadmill,Bulky,1,300.0,300.0,Meta,cpc
ORD-1626,2023-10-19,TRD-01,Treadmill,Bulky,1,300.0,300.0,Meta,cpc
ORD-1627,2023-10-19,TRD-01,Treadmill,Bulky,1,300.0,300.0,Meta,cpc
ORD-1628,2023-10-19,TRD-01,Treadmill,Bulky,2,300.0,600.0,Meta,cpc
ORD-1629,2023-10-19,TRD-01,Treadmill,Bulky,3,300.0,900.0,Meta,cpc
ORD-1630,2023-10-19,TRD-01,Treadmill,Bulky,1,300.0,300.0,Meta,cpc
ORD-1631,2023-10-19,TRD-01,Treadmill,Bulky,2,300.0,600.0,Meta,cpc
ORD-1632,2023-10-19,TRD-01,Treadmill,Bulky,2,300.0,600.0,Meta,cpc
ORD-1633,2023-10-20,TRD-01,Treadmill,Bulky,3,300.0,900.0,Meta,cpc
ORD-1634,2023-10-20,TRD-01,Treadmill,Bulky,3,300.0,900.0,Meta,cpc
ORD-1635,2023-10-20,TRD-01,Treadmill,Bulky,1,300.0,300.0,Meta,cpc
ORD-1636,2023-10-20,TRD-01,Treadmill,Bulky,3,300.0,900.0,Meta,cpc
ORD-1637,2023-10-20,TRD-01,Treadmill,Bulky,3,300.0,900.0,Meta,cpc
ORD-1638,2023-10-20,TRD-01,Treadmill,Bulky,2,300.0,600.0,Meta,cpc
ORD-1639,2023-10-20,TRD-01,Treadmill,Bulky,2,300.0,600.0,Meta,cpc
ORD-1640,2023-10-20,TRD-01,Treadmill,Bulky,2,300.0,600.0,Meta,cpc
ORD-1641,2023-10-20,TRD-01,Treadmill,Bulky,1,300.0,300.0,Meta,cpc
ORD-1642,2023-10-20,TRD-01,Treadmill,Bulky,1,300.0,300.0,Meta,cpc
ORD-1643,2023-10-20,TRD-01,Treadmill,Bulky,3,300.0,900.0,Meta,cpc
ORD-1644,2023-10-20,TRD-01,Treadmill,Bulky,3,300.0,900.0,Meta,cpc
ORD-1645,2023-10-20,TRD-01,Treadmill,Bulky,1,300.0,300.0,Meta,cpc
ORD-1646,2023-10-20,TRD-01,Treadmill,Bulky,1,300.0,300.0,Meta,cpc
ORD-1647,2023-10-20,TRD-01,Treadmill,Bulky,2,300.0,600.0,Meta,cpc
ORD-1648,2023-10-20,TRD-01,Treadmill,Bulky,1,300.0,300.0,Meta,cpc
ORD-1649,2023-10-20,TRD-01,Treadmill,Bulky,1,300.0,300.0,Meta,cpc
ORD-1650,2023-10-20,TRD-01,Treadmill,Bulky,3,300.0,900.0,Meta,cpc
ORD-1651,2023-10-20,TRD-01,Treadmill,Bulky,3,300.0,900.0,Meta,cpc
ORD-1652,2023-10-20,TRD-01,Treadmill,Bulky,2,300.0,600.0,Meta,cpc
ORD-1653,2023-10-20,TRD-01,Treadmill,Bulky,1,300.0,300.0,Meta,cpc
ORD-1654,2023-10-20,TRD-01,Treadmill,Bulky,3,300.0,900.0,Meta,cpc
ORD-1655,2023-10-20,TRD-01,Treadmill,Bulky,1,300.0,300.0,Meta,cpc
ORD-1656,2023-10-20,TRD-01,Treadmill,Bulky,1,300.0,300.0,Meta,cpc
ORD-1657,2023-10-20,TRD-01,Treadmill,Bulky,2,300.0,600.0,Meta,cpc
ORD-1658,2023-10-20,TRD-01,Treadmill,Bulky,1,300.0,300.0,Meta,cpc
ORD-1659,2023-10-20,TRD-01,Treadmill,Bulky,2,300.0,600.0,Meta,cpc
ORD-1660,2023-10-20,TRD-01,Treadmill,Bulky,3,300.0,900.0,Meta,cpc
ORD-1661,2023-10-20,TRD-01,Treadmill,Bulky,3,300.0,900.0,Meta,cpc
ORD-1662,2023-10-20,TRD-01,Treadmill,Bulky,3,300.0,900.0,Meta,cpc
ORD-1663,2023-10-20,TRD-01,Treadmill,Bulky,3,300.0,900.0,Meta,cpc
ORD-1664,2023-10-20,TRD-01,Treadmill,Bulky,2,300.0,600.0,Meta,cpc
ORD-1665,2023-10-20,TRD-01,Treadmill,Bulky,2,300.0,600.0,Meta,cpc
ORD-1666,2023-10-20,TRD-01,Treadmill,Bulky,1,300.0,300.0,Meta,cpc
ORD-1667,2023-10-21,TRD-01,Treadmill,Bulky,3,300.0,900.0,Meta,cpc
ORD-1668,2023-10-21,TRD-01,Treadmill,Bulky,3,300.0,900.0,Meta,cpc
ORD-1669,2023-10-21,TRD-01,Treadmill,Bulky,2,300.0,600.0,Meta,cpc
ORD-1670,2023-10-21,TRD-01,Treadmill,Bulky,3,300.0,900.0,Meta,cpc
ORD-1671,2023-10-21,TRD-01,Treadmill,Bulky,2,300.0,600.0,Meta,cpc
ORD-1672,2023-10-21,TRD-01,Treadmill,Bulky,1,300.0,300.0,Meta,cpc
ORD-1673,2023-10-21,TRD-01,Treadmill,Bulky,3,300.0,900.0,Meta,cpc
ORD-1674,2023-10-21,TRD-01,Treadmill,Bulky,2,300.0,600.0,Meta,cpc
ORD-1675,2023-10-21,TRD-01,Treadmill,Bulky,2,300.0,600.0,Meta,cpc
ORD-1676,2023-10-21,TRD-01,Treadmill,Bulky,2,300.0,600.0,Meta,cpc
ORD-1677,2023-10-21,TRD-01,Treadmill,Bulky,1,300.0,300.0,Meta,cpc
ORD-1678,2023-10-21,TRD-01,Treadmill,Bulky,3,300.0,900.0,Meta,cpc
ORD-1679,2023-10-21,TRD-01,Treadmill,Bulky,2,300.0,600.0,Meta,cpc
ORD-1680,2023-10-21,TRD-01,Treadmill,Bulky,3,300.0,900.0,Meta,cpc
ORD-1681,2023-10-21,TRD-01,Treadmill,Bulky,2,300.0,600.0,Meta,cpc
ORD-1682,2023-10-21,TRD-01,Treadmill,Bulky,3,300.0,900.0,Meta,cpc
ORD-1683,2023-10-21,TRD-01,Treadmill,Bulky,1,300.0,300.0,Meta,cpc
ORD-1684,2023-10-21,TRD-01,Treadmill,Bulky,2,300.0,600.0,Meta,cpc
ORD-1685,2023-10-21,TRD-01,Treadmill,Bulky,2,300.0,600.0,Meta,cpc
ORD-1686,2023-10-21,TRD-01,Treadmill,Bulky,1,300.0,300.0,Meta,cpc
ORD-1687,2023-10-21,TRD-01,Treadmill,Bulky,3,300.0,900.0,Meta,cpc
ORD-1688,2023-10-21,TRD-01,Treadmill,Bulky,2,300.0,600.0,Meta,cpc
ORD-1689,2023-10-21,TRD-01,Treadmill,Bulky,1,300.0,300.0,Meta,cpc
ORD-1690,2023-10-21,TRD-01,Treadmill,Bulky,2,300.0,600.0,Meta,cpc
ORD-1691,2023-10-21,TRD-01,Treadmill,Bulky,2,300.0,600.0,Meta,cpc
ORD-1692,2023-10-21,TRD-01,Treadmill,Bulky,2,300.0,600.0,Meta,cpc
ORD-1693,2023-10-21,TRD-01,Treadmill,Bulky,3,300.0,900.0,Meta,cpc
ORD-1694,2023-10-21,TRD-01,Treadmill,Bulky,1,300.0,300.0,Meta,cpc
ORD-1695,2023-10-21,TRD-01,Treadmill,Bulky,1,300.0,300.0,Meta,cpc
ORD-1696,2023-10-21,TRD-01,Treadmill,Bulky,1,300.0,300.0,Meta,cpc
ORD-1697,2023-10-21,TRD-01,Treadmill,Bulky,1,300.0,300.0,Meta,cpc
ORD-1698,2023-10-21,TRD-01,Treadmill,Bulky,2,300.0,600.0,Meta,cpc
ORD-1699,2023-10-21,TRD-01,Treadmill,Bulky,3,300.0,900.0,Meta,cpc
ORD-1700,2023-10-22,TRD-01,Treadmill,Bulky,1,300.0,300.0,Meta,cpc
ORD-1701,2023-10-22,TRD-01,Treadmill,Bulky,3,300.0,900.0,Meta,cpc
ORD-1702,2023-10-22,TRD-01,Treadmill,Bulky,1,300.0,300.0,Meta,cpc
ORD-1703,2023-10-22,TRD-01,Treadmill,Bulky,1,300.0,300.0,Meta,cpc
ORD-1704,2023-10-22,TRD-01,Treadmill,Bulky,2,300.0,600.0,Meta,cpc
ORD-1705,2023-10-22,TRD-01,Treadmill,Bulky,2,300.0,600.0,Meta,cpc
ORD-1706,2023-10-22,TRD-01,Treadmill,Bulky,2,300.0,600.0,Meta,cpc
ORD-1707,2023-10-22,TRD-01,Treadmill,Bulky,3,300.0,900.0,Meta,cpc
ORD-1708,2023-10-22,TRD-01,Treadmill,Bulky,2,300.0,600.0,Meta,cpc
ORD-1709,2023-10-22,TRD-01,Treadmill,Bulky,2,300.0,600.0,Meta,cpc
ORD-1710,2023-10-22,TRD-01,Treadmill,Bulky,1,300.0,300.0,Meta,cpc
ORD-1711,2023-10-22,TRD-01,Treadmill,Bulky,1,300.0,300.0,Meta,cpc
ORD-1712,2023-10-22,TRD-01,Treadmill,Bulky,2,300.0,600.0,Meta,cpc
ORD-1713,2023-10-22,TRD-01,Treadmill,Bulky,2,300.0,600.0,Meta,cpc
ORD-1714,2023-10-22,TRD-01,Treadmill,Bulky,3,300.0,900.0,Meta,cpc
ORD-1715,2023-10-22,TRD-01,Treadmill,Bulky,3,300.0,900.0,Meta,cpc
ORD-1716,2023-10-22,TRD-01,Treadmill,Bulky,1,300.0,300.0,Meta,cpc
ORD-1717,2023-10-22,TRD-01,Treadmill,Bulky,3,300.0,900.0,Meta,cpc
ORD-1718,2023-10-22,TRD-01,Treadmill,Bulky,2,300.0,600.0,Meta,cpc
ORD-1719,2023-10-22,TRD-01,Treadmill,Bulky,2,300.0,600.0,Meta,cpc
ORD-1720,2023-10-22,TRD-01,Treadmill,Bulky,1,300.0,300.0,Meta,cpc
ORD-1721,2023-10-22,TRD-01,Treadmill,Bulky,2,300.0,600.0,Meta,cpc
ORD-1722,2023-10-22,TRD-01,Treadmill,Bulky,2,300.0,600.0,Meta,cpc
ORD-1723,2023-10-22,TRD-01,Treadmill,Bulky,2,300.0,600.0,Meta,cpc
ORD-1724,2023-10-22,TRD-01,Treadmill,Bulky,2,300.0,600.0,Meta,cpc
ORD-1725,2023-10-22,TRD-01,Treadmill,Bulky,3,300.0,900.0,Meta,cpc
ORD-1726,2023-10-22,TRD-01,Treadmill,Bulky,3,300.0,900.0,Meta,cpc
ORD-1727,2023-10-22,TRD-01,Treadmill,Bulky,3,300.0,900.0,Meta,cpc
ORD-1728,2023-10-22,TRD-01,Treadmill,Bulky,3,300.0,900.0,Meta,cpc
ORD-1729,2023-10-22,TRD-01,Treadmill,Bulky,3,300.0,900.0,Meta,cpc
ORD-1730,2023-10-22,TRD-01,Treadmill,Bulky,1,300.0,300.0,Meta,cpc
ORD-1731,2023-10-22,TRD-01,Treadmill,Bulky,2,300.0,600.0,Meta,cpc
ORD-1732,2023-10-23,TRD-01,Treadmill,Bulky,1,300.0,300.0,Meta,cpc
ORD-1733,2023-10-23,TRD-01,Treadmill,Bulky,2,300.0,600.0,Meta,cpc
ORD-1734,2023-10-23,TRD-01,Treadmill,Bulky,2,300.0,600.0,Meta,cpc
ORD-1735,2023-10-23,TRD-01,Treadmill,Bulky,2,300.0,600.0,Meta,cpc
ORD-1736,2023-10-23,TRD-01,Treadmill,Bulky,1,300.0,300.0,Meta,cpc
ORD-1737,2023-10-23,TRD-01,Treadmill,Bulky,2,300.0,600.0,Meta,cpc
ORD-1738,2023-10-23,TRD-01,Treadmill,Bulky,2,300.0,600.0,Meta,cpc
ORD-1739,2023-10-23,TRD-01,Treadmill,Bulky,3,300.0,900.0,Meta,cpc
ORD-1740,2023-10-23,TRD-01,Treadmill,Bulky,3,300.0,900.0,Meta,cpc
ORD-1741,2023-10-23,TRD-01,Treadmill,Bulky,2,300.0,600.0,Meta,cpc
ORD-1742,2023-10-23,TRD-01,Treadmill,Bulky,3,300.0,900.0,Meta,cpc
ORD-1743,2023-10-23,TRD-01,Treadmill,Bulky,1,300.0,300.0,Meta,cpc
ORD-1744,2023-10-23,TRD-01,Treadmill,Bulky,2,300.0,600.0,Meta,cpc
ORD-1745,2023-10-23,TRD-01,Treadmill,Bulky,1,300.0,300.0,Meta,cpc
ORD-1746,2023-10-23,TRD-01,Treadmill,Bulky,3,300.0,900.0,Meta,cpc
ORD-1747,2023-10-23,TRD-01,Treadmill,Bulky,3,300.0,900.0,Meta,cpc
ORD-1748,2023-10-23,TRD-01,Treadmill,Bulky,1,300.0,300.0,Meta,cpc
ORD-1749,2023-10-23,TRD-01,Treadmill,Bulky,2,300.0,600.0,Meta,cpc
ORD-1750,2023-10-23,TRD-01,Treadmill,Bulky,3,300.0,900.0,Meta,cpc
ORD-1751,2023-10-23,TRD-01,Treadmill,Bulky,3,300.0,900.0,Meta,cpc
ORD-1752,2023-10-23,TRD-01,Treadmill,Bulky,3,300.0,900.0,Meta,cpc
ORD-1753,2023-10-23,TRD-01,Treadmill,Bulky,1,300.0,300.0,Meta,cpc
ORD-1754,2023-10-23,TRD-01,Treadmill,Bulky,1,300.0,300.0,Meta,cpc
ORD-1755,2023-10-23,TRD-01,Treadmill,Bulky,3,300.0,900.0,Meta,cpc
ORD-1756,2023-10-23,TRD-01,Treadmill,Bulky,2,300.0,600.0,Meta,cpc
ORD-1757,2023-10-23,TRD-01,Treadmill,Bulky,1,300.0,300.0,Meta,cpc
ORD-1758,2023-10-23,TRD-01,Treadmill,Bulky,2,300.0,600.0,Meta,cpc
ORD-1759,2023-10-23,TRD-01,Treadmill,Bulky,1,300.0,300.0,Meta,cpc
ORD-1760,2023-10-23,TRD-01,Treadmill,Bulky,1,300.0,300.0,Meta,cpc
ORD-1761,2023-10-23,TRD-01,Treadmill,Bulky,2,300.0,600.0,Meta,cpc
ORD-1762,2023-10-23,TRD-01,Treadmill,Bulky,2,300.0,600.0,Meta,cpc
ORD-1763,2023-10-23,TRD-01,Treadmill,Bulky,2,300.0,600.0,Meta,cpc
ORD-1764,2023-10-24,TRD-01,Treadmill,Bulky,1,300.0,300.0,Meta,cpc
ORD-1765,2023-10-24,TRD-01,Treadmill,Bulky,2,300.0,600.0,Meta,cpc
ORD-1766,2023-10-24,TRD-01,Treadmill,Bulky,2,300.0,600.0,Meta,cpc
ORD-1767,2023-10-24,TRD-01,Treadmill,Bulky,2,300.0,600.0,Meta,cpc
ORD-1768,2023-10-24,TRD-01,Treadmill,Bulky,2,300.0,600.0,Meta,cpc
ORD-1769,2023-10-24,TRD-01,Treadmill,Bulky,2,300.0,600.0,Meta,cpc
ORD-1770,2023-10-24,TRD-01,Treadmill,Bulky,2,300.0,600.0,Meta,cpc
ORD-1771,2023-10-24,TRD-01,Treadmill,Bulky,2,300.0,600.0,Meta,cpc
ORD-1772,2023-10-24,TRD-01,Treadmill,Bulky,1,300.0,300.0,Meta,cpc
ORD-1773,2023-10-24,TRD-01,Treadmill,Bulky,2,300.0,600.0,Meta,cpc
ORD-1774,2023-10-24,TRD-01,Treadmill,Bulky,1,300.0,300.0,Meta,cpc
ORD-1775,2023-10-24,TRD-01,Treadmill,Bulky,3,300.0,900.0,Meta,cpc
ORD-1776,2023-10-24,TRD-01,Treadmill,Bulky,3,300.0,900.0,Meta,cpc
ORD-1777,2023-10-24,TRD-01,Treadmill,Bulky,1,300.0,300.0,Meta,cpc
ORD-1778,2023-10-24,TRD-01,Treadmill,Bulky,2,300.0,600.0,Meta,cpc
ORD-1779,2023-10-24,TRD-01,Treadmill,Bulky,1,300.0,300.0,Meta,cpc
ORD-1780,2023-10-24,TRD-01,Treadmill,Bulky,3,300.0,900.0,Meta,cpc
ORD-1781,2023-10-24,TRD-01,Treadmill,Bulky,1,300.0,300.0,Meta,cpc
ORD-1782,2023-10-24,TRD-01,Treadmill,Bulky,3,300.0,900.0,Meta,cpc
ORD-1783,2023-10-24,TRD-01,Treadmill,Bulky,1,300.0,300.0,Meta,cpc
ORD-1784,2023-10-24,TRD-01,Treadmill,Bulky,1,300.0,300.0,Meta,cpc
ORD-1785,2023-10-24,TRD-01,Treadmill,Bulky,1,300.0,300.0,Meta,cpc
ORD-1786,2023-10-24,TRD-01,Treadmill,Bulky,1,300.0,300.0,Meta,cpc
ORD-1787,2023-10-24,TRD-01,Treadmill,Bulky,1,300.0,300.0,Meta,cpc
ORD-1788,2023-10-24,TRD-01,Treadmill,Bulky,3,300.0,900.0,Meta,cpc
ORD-1789,2023-10-24,TRD-01,Treadmill,Bulky,1,300.0,300.0,Meta,cpc
ORD-1790,2023-10-24,TRD-01,Treadmill,Bulky,1,300.0,300.0,Meta,cpc
ORD-1791,2023-10-24,TRD-01,Treadmill,Bulky,1,300.0,300.0,Meta,cpc
ORD-1792,2023-10-24,TRD-01,Treadmill,Bulky,2,300.0,600.0,Meta,cpc
ORD-1793,2023-10-24,TRD-01,Treadmill,Bulky,3,300.0,900.0,Meta,cpc
ORD-1794,2023-10-24,TRD-01,Treadmill,Bulky,1,300.0,300.0,Meta,cpc
ORD-1795,2023-10-24,TRD-01,Treadmill,Bulky,1,300.0,300.0,Meta,cpc
ORD-1796,2023-10-25,TRD-01,Treadmill,Bulky,1,300.0,300.0,Meta,cpc
ORD-1797,2023-10-25,TRD-01,Treadmill,Bulky,2,300.0,600.0,Meta,cpc
ORD-1798,2023-10-25,TRD-01,Treadmill,Bulky,3,300.0,900.0,Meta,cpc
ORD-1799,2023-10-25,TRD-01,Treadmill,Bulky,2,300.0,600.0,Meta,cpc
ORD-1800,2023-10-25,TRD-01,Treadmill,Bulky,2,300.0,600.0,Meta,cpc
ORD-1801,2023-10-25,TRD-01,Treadmill,Bulky,1,300.0,300.0,Meta,cpc
ORD-1802,2023-10-25,TRD-01,Treadmill,Bulky,3,300.0,900.0,Meta,cpc
ORD-1803,2023-10-25,TRD-01,Treadmill,Bulky,3,300.0,900.0,Meta,cpc
ORD-1804,2023-10-25,TRD-01,Treadmill,Bulky,3,300.0,900.0,Meta,cpc
ORD-1805,2023-10-25,TRD-01,Treadmill,Bulky,3,300.0,900.0,Meta,cpc
ORD-1806,2023-10-25,TRD-01,Treadmill,Bulky,1,300.0,300.0,Meta,cpc
ORD-1807,2023-10-25,TRD-01,Treadmill,Bulky,1,300.0,300.0,Meta,cpc
ORD-1808,2023-10-25,TRD-01,Treadmill,Bulky,2,300.0,600.0,Meta,cpc
ORD-1809,2023-10-25,TRD-01,Treadmill,Bulky,1,300.0,300.0,Meta,cpc
ORD-1810,2023-10-25,TRD-01,Treadmill,Bulky,3,300.0,900.0,Meta,cpc
ORD-1811,2023-10-25,TRD-01,Treadmill,Bulky,1,300.0,300.0,Meta,cpc
ORD-1812,2023-10-25,TRD-01,Treadmill,Bulky,2,300.0,600.0,Meta,cpc
ORD-1813,2023-10-25,TRD-01,Treadmill,Bulky,3,300.0,900.0,Meta,cpc
ORD-1814,2023-10-25,TRD-01,Treadmill,Bulky,3,300.0,900.0,Meta,cpc
ORD-1815,2023-10-25,TRD-01,Treadmill,Bulky,2,300.0,600.0,Meta,cpc
ORD-1816,2023-10-25,TRD-01,Treadmill,Bulky,2,300.0,600.0,Meta,cpc
ORD-1817,2023-10-25,TRD-01,Treadmill,Bulky,3,300.0,900.0,Meta,cpc
ORD-1818,2023-10-25,TRD-01,Treadmill,Bulky,1,300.0,300.0,Meta,cpc
ORD-1819,2023-10-25,TRD-01,Treadmill,Bulky,1,300.0,300.0,Meta,cpc
ORD-1820,2023-10-25,TRD-01,Treadmill,Bulky,3,300.0,900.0,Meta,cpc
ORD-1821,2023-10-25,TRD-01,Treadmill,Bulky,3,300.0,900.0,Meta,cpc
ORD-1822,2023-10-25,TRD-01,Treadmill,Bulky,1,300.0,300.0,Meta,cpc
ORD-1823,2023-10-26,TRD-01,Treadmill,Bulky,1,300.0,300.0,Meta,cpc
ORD-1824,2023-10-26,TRD-01,Treadmill,Bulky,1,300.0,300.0,Meta,cpc
ORD-1825,2023-10-26,TRD-01,Treadmill,Bulky,3,300.0,900.0,Meta,cpc
ORD-1826,2023-10-26,TRD-01,Treadmill,Bulky,2,300.0,600.0,Meta,cpc
ORD-1827,2023-10-26,TRD-01,Treadmill,Bulky,3,300.0,900.0,Meta,cpc
ORD-1828,2023-10-26,TRD-01,Treadmill,Bulky,3,300.0,900.0,Meta,cpc
ORD-1829,2023-10-26,TRD-01,Treadmill,Bulky,1,300.0,300.0,Meta,cpc
ORD-1830,2023-10-26,TRD-01,Treadmill,Bulky,3,300.0,900.0,Meta,cpc
ORD-1831,2023-10-26,TRD-01,Treadmill,Bulky,1,300.0,300.0,Meta,cpc
ORD-1832,2023-10-26,TRD-01,Treadmill,Bulky,2,300.0,600.0,Meta,cpc
ORD-1833,2023-10-26,TRD-01,Treadmill,Bulky,3,300.0,900.0,Meta,cpc
ORD-1834,2023-10-26,TRD-01,Treadmill,Bulky,2,300.0,600.0,Meta,cpc
ORD-1835,2023-10-26,TRD-01,Treadmill,Bulky,3,300.0,900.0,Meta,cpc
ORD-1836,2023-10-26,TRD-01,Treadmill,Bulky,2,300.0,600.0,Meta,cpc
ORD-1837,2023-10-26,TRD-01,Treadmill,Bulky,1,300.0,300.0,Meta,cpc
ORD-1838,2023-10-26,TRD-01,Treadmill,Bulky,3,300.0,900.0,Meta,cpc
ORD-1839,2023-10-26,TRD-01,Treadmill,Bulky,3,300.0,900.0,Meta,cpc
ORD-1840,2023-10-26,TRD-01,Treadmill,Bulky,2,300.0,600.0,Meta,cpc
ORD-1841,2023-10-26,TRD-01,Treadmill,Bulky,1,300.0,300.0,Meta,cpc
ORD-1842,2023-10-26,TRD-01,Treadmill,Bulky,2,300.0,600.0,Meta,cpc
ORD-1843,2023-10-26,TRD-01,Treadmill,Bulky,2,300.0,600.0,Meta,cpc
ORD-1844,2023-10-26,TRD-01,Treadmill,Bulky,1,300.0,300.0,Meta,cpc
ORD-1845,2023-10-26,TRD-01,Treadmill,Bulky,2,300.0,600.0,Meta,cpc
ORD-1846,2023-10-26,TRD-01,Treadmill,Bulky,2,300.0,600.0,Meta,cpc
ORD-1847,2023-10-26,TRD-01,Treadmill,Bulky,3,300.0,900.0,Meta,cpc
ORD-1848,2023-10-26,TRD-01,Treadmill,Bulky,2,300.0,600.0,Meta,cpc
ORD-1849,2023-10-26,TRD-01,Treadmill,Bulky,3,300.0,900.0,Meta,cpc
ORD-1850,2023-10-26,TRD-01,Treadmill,Bulky,1,300.0,300.0,Meta,cpc
ORD-1851,2023-10-26,TRD-01,Treadmill,Bulky,2,300.0,600.0,Meta,cpc
ORD-1852,2023-10-26,TRD-01,Treadmill,Bulky,1,300.0,300.0,Meta,cpc
ORD-1853,2023-10-26,TRD-01,Treadmill,Bulky,1,300.0,300.0,Meta,cpc
ORD-1854,2023-10-27,TRD-01,Treadmill,Bulky,3,300.0,900.0,Meta,cpc
ORD-1855,2023-10-27,TRD-01,Treadmill,Bulky,3,300.0,900.0,Meta,cpc
ORD-1856,2023-10-27,TRD-01,Treadmill,Bulky,2,300.0,600.0,Meta,cpc
ORD-1857,2023-10-27,TRD-01,Treadmill,Bulky,3,300.0,900.0,Meta,cpc
ORD-1858,2023-10-27,TRD-01,Treadmill,Bulky,3,300.0,900.0,Meta,cpc
ORD-1859,2023-10-27,TRD-01,Treadmill,Bulky,2,300.0,600.0,Meta,cpc
ORD-1860,2023-10-27,TRD-01,Treadmill,Bulky,2,300.0,600.0,Meta,cpc
ORD-1861,2023-10-27,TRD-01,Treadmill,Bulky,2,300.0,600.0,Meta,cpc
ORD-1862,2023-10-27,TRD-01,Treadmill,Bulky,3,300.0,900.0,Meta,cpc
ORD-1863,2023-10-27,TRD-01,Treadmill,Bulky,3,300.0,900.0,Meta,cpc
ORD-1864,2023-10-27,TRD-01,Treadmill,Bulky,2,300.0,600.0,Meta,cpc
ORD-1865,2023-10-27,TRD-01,Treadmill,Bulky,2,300.0,600.0,Meta,cpc
ORD-1866,2023-10-27,TRD-01,Treadmill,Bulky,1,300.0,300.0,Meta,cpc
ORD-1867,2023-10-27,TRD-01,Treadmill,Bulky,1,300.0,300.0,Meta,cpc
ORD-1868,2023-10-27,TRD-01,Treadmill,Bulky,2,300.0,600.0,Meta,cpc
ORD-1869,2023-10-27,TRD-01,Treadmill,Bulky,2,300.0,600.0,Meta,cpc
ORD-1870,2023-10-27,TRD-01,Treadmill,Bulky,1,300.0,300.0,Meta,cpc
ORD-1871,2023-10-27,TRD-01,Treadmill,Bulky,2,300.0,600.0,Meta,cpc
ORD-1872,2023-10-27,TRD-01,Treadmill,Bulky,3,300.0,900.0,Meta,cpc
ORD-1873,2023-10-27,TRD-01,Treadmill,Bulky,3,300.0,900.0,Meta,cpc
ORD-1874,2023-10-27,TRD-01,Treadmill,Bulky,3,300.0,900.0,Meta,cpc
ORD-1875,2023-10-27,TRD-01,Treadmill,Bulky,2,300.0,600.0,Meta,cpc
ORD-1876,2023-10-27,TRD-01,Treadmill,Bulky,2,300.0,600.0,Meta,cpc
ORD-1877,2023-10-27,TRD-01,Treadmill,Bulky,1,300.0,300.0,Meta,cpc
ORD-1878,2023-10-27,TRD-01,Treadmill,Bulky,2,300.0,600.0,Meta,cpc
ORD-1879,2023-10-27,TRD-01,Treadmill,Bulky,2,300.0,600.0,Meta,cpc
ORD-1880,2023-10-27,TRD-01,Treadmill,Bulky,1,300.0,300.0,Meta,cpc
ORD-1881,2023-10-27,TRD-01,Treadmill,Bulky,2,300.0,600.0,Meta,cpc
ORD-1882,2023-10-27,TRD-01,Treadmill,Bulky,1,300.0,300.0,Meta,cpc
ORD-1883,2023-10-27,TRD-01,Treadmill,Bulky,2,300.0,600.0,Meta,cpc
ORD-1884,2023-10-27,TRD-01,Treadmill,Bulky,2,300.0,600.0,Meta,cpc
ORD-1885,2023-10-27,TRD-01,Treadmill,Bulky,2,300.0,600.0,Meta,cpc
ORD-1886,2023-10-27,TRD-01,Treadmill,Bulky,2,300.0,600.0,Meta,cpc
ORD-1887,2023-10-27,TRD-01,Treadmill,Bulky,3,300.0,900.0,Meta,cpc
ORD-1888,2023-10-27,TRD-01,Treadmill,Bulky,2,300.0,600.0,Meta,cpc
ORD-1889,2023-10-28,TRD-01,Treadmill,Bulky,2,300.0,600.0,Meta,cpc
ORD-1890,2023-10-28,TRD-01,Treadmill,Bulky,3,300.0,900.0,Meta,cpc
ORD-1891,2023-10-28,TRD-01,Treadmill,Bulky,1,300.0,300.0,Meta,cpc
ORD-1892,2023-10-28,TRD-01,Treadmill,Bulky,3,300.0,900.0,Meta,cpc
ORD-1893,2023-10-28,TRD-01,Treadmill,Bulky,1,300.0,300.0,Meta,cpc
ORD-1894,2023-10-28,TRD-01,Treadmill,Bulky,1,300.0,300.0,Meta,cpc
ORD-1895,2023-10-28,TRD-01,Treadmill,Bulky,1,300.0,300.0,Meta,cpc
ORD-1896,2023-10-28,TRD-01,Treadmill,Bulky,3,300.0,900.0,Meta,cpc
ORD-1897,2023-10-28,TRD-01,Treadmill,Bulky,2,300.0,600.0,Meta,cpc
ORD-1898,2023-10-28,TRD-01,Treadmill,Bulky,2,300.0,600.0,Meta,cpc
ORD-1899,2023-10-28,TRD-01,Treadmill,Bulky,3,300.0,900.0,Meta,cpc
ORD-1900,2023-10-28,TRD-01,Treadmill,Bulky,1,300.0,300.0,Meta,cpc
ORD-1901,2023-10-28,TRD-01,Treadmill,Bulky,3,300.0,900.0,Meta,cpc
ORD-1902,2023-10-28,TRD-01,Treadmill,Bulky,2,300.0,600.0,Meta,cpc
ORD-1903,2023-10-28,TRD-01,Treadmill,Bulky,3,300.0,900.0,Meta,cpc
ORD-1904,2023-10-28,TRD-01,Treadmill,Bulky,3,300.0,900.0,Meta,cpc
ORD-1905,2023-10-28,TRD-01,Treadmill,Bulky,2,300.0,600.0,Meta,cpc
ORD-1906,2023-10-28,TRD-01,Treadmill,Bulky,2,300.0,600.0,Meta,cpc
ORD-1907,2023-10-28,TRD-01,Treadmill,Bulky,1,300.0,300.0,Meta,cpc
ORD-1908,2023-10-28,TRD-01,Treadmill,Bulky,1,300.0,300.0,Meta,cpc
ORD-1909,2023-10-28,TRD-01,Treadmill,Bulky,2,300.0,600.0,Meta,cpc
ORD-1910,2023-10-28,TRD-01,Treadmill,Bulky,1,300.0,300.0,Meta,cpc
ORD-1911,2023-10-28,TRD-01,Treadmill,Bulky,2,300.0,600.0,Meta,cpc
ORD-1912,2023-10-28,TRD-01,Treadmill,Bulky,3,300.0,900.0,Meta,cpc
ORD-1913,2023-10-28,TRD-01,Treadmill,Bulky,1,300.0,300.0,Meta,cpc
ORD-1914,2023-10-28,TRD-01,Treadmill,Bulky,2,300.0,600.0,Meta,cpc
ORD-1915,2023-10-28,TRD-01,Treadmill,Bulky,3,300.0,900.0,Meta,cpc
ORD-1916,2023-10-28,TRD-01,Treadmill,Bulky,3,300.0,900.0,Meta,cpc
ORD-1917,2023-10-28,TRD-01,Treadmill,Bulky,1,300.0,300.0,Meta,cpc
ORD-1918,2023-10-29,TRD-01,Treadmill,Bulky,2,300.0,600.0,Meta,cpc
ORD-1919,2023-10-29,TRD-01,Treadmill,Bulky,3,300.0,900.0,Meta,cpc
ORD-1920,2023-10-29,TRD-01,Treadmill,Bulky,3,300.0,900.0,Meta,cpc
ORD-1921,2023-10-29,TRD-01,Treadmill,Bulky,2,300.0,600.0,Meta,cpc
ORD-1922,2023-10-29,TRD-01,Treadmill,Bulky,2,300.0,600.0,Meta,cpc
ORD-1923,2023-10-29,TRD-01,Treadmill,Bulky,3,300.0,900.0,Meta,cpc
ORD-1924,2023-10-29,TRD-01,Treadmill,Bulky,3,300.0,900.0,Meta,cpc
ORD-1925,2023-10-29,TRD-01,Treadmill,Bulky,2,300.0,600.0,Meta,cpc
ORD-1926,2023-10-29,TRD-01,Treadmill,Bulky,2,300.0,600.0,Meta,cpc
ORD-1927,2023-10-29,TRD-01,Treadmill,Bulky,3,300.0,900.0,Meta,cpc
ORD-1928,2023-10-29,TRD-01,Treadmill,Bulky,2,300.0,600.0,Meta,cpc
ORD-1929,2023-10-29,TRD-01,Treadmill,Bulky,2,300.0,600.0,Meta,cpc
ORD-1930,2023-10-29,TRD-01,Treadmill,Bulky,2,300.0,600.0,Meta,cpc
ORD-1931,2023-10-29,TRD-01,Treadmill,Bulky,2,300.0,600.0,Meta,cpc
ORD-1932,2023-10-29,TRD-01,Treadmill,Bulky,1,300.0,300.0,Meta,cpc
ORD-1933,2023-10-29,TRD-01,Treadmill,Bulky,1,300.0,300.0,Meta,cpc
ORD-1934,2023-10-29,TRD-01,Treadmill,Bulky,3,300.0,900.0,Meta,cpc
ORD-1935,2023-10-29,TRD-01,Treadmill,Bulky,1,300.0,300.0,Meta,cpc
ORD-1936,2023-10-29,TRD-01,Treadmill,Bulky,2,300.0,600.0,Meta,cpc
ORD-1937,2023-10-29,TRD-01,Treadmill,Bulky,1,300.0,300.0,Meta,cpc
ORD-1938,2023-10-29,TRD-01,Treadmill,Bulky,3,300.0,900.0,Meta,cpc
ORD-1939,2023-10-29,TRD-01,Treadmill,Bulky,3,300.0,900.0,Meta,cpc
ORD-1940,2023-10-29,TRD-01,Treadmill,Bulky,3,300.0,900.0,Meta,cpc
ORD-1941,2023-10-29,TRD-01,Treadmill,Bulky,1,300.0,300.0,Meta,cpc
ORD-1942,2023-10-29,TRD-01,Treadmill,Bulky,1,300.0,300.0,Meta,cpc
ORD-1943,2023-10-29,TRD-01,Treadmill,Bulky,1,300.0,300.0,Meta,cpc
ORD-1944,2023-10-29,TRD-01,Treadmill,Bulky,3,300.0,900.0,Meta,cpc
ORD-1945,2023-10-29,TRD-01,Treadmill,Bulky,2,300.0,600.0,Meta,cpc
ORD-1946,2023-10-29,TRD-01,Treadmill,Bulky,2,300.0,600.0,Meta,cpc
ORD-1947,2023-10-30,TRD-01,Treadmill,Bulky,3,300.0,900.0,Meta,cpc
ORD-1948,2023-10-30,TRD-01,Treadmill,Bulky,3,300.0,900.0,Meta,cpc
ORD-1949,2023-10-30,TRD-01,Treadmill,Bulky,3,300.0,900.0,Meta,cpc
ORD-1950,2023-10-30,TRD-01,Treadmill,Bulky,3,300.0,900.0,Meta,cpc
ORD-1951,2023-10-30,TRD-01,Treadmill,Bulky,2,300.0,600.0,Meta,cpc
ORD-1952,2023-10-30,TRD-01,Treadmill,Bulky,1,300.0,300.0,Meta,cpc
ORD-1953,2023-10-30,TRD-01,Treadmill,Bulky,1,300.0,300.0,Meta,cpc
ORD-1954,2023-10-30,TRD-01,Treadmill,Bulky,2,300.0,600.0,Meta,cpc
ORD-1955,2023-10-30,TRD-01,Treadmill,Bulky,1,300.0,300.0,Meta,cpc
ORD-1956,2023-10-30,TRD-01,Treadmill,Bulky,2,300.0,600.0,Meta,cpc
ORD-1957,2023-10-30,TRD-01,Treadmill,Bulky,1,300.0,300.0,Meta,cpc
ORD-1958,2023-10-30,TRD-01,Treadmill,Bulky,2,300.0,600.0,Meta,cpc
ORD-1959,2023-10-30,TRD-01,Treadmill,Bulky,1,300.0,300.0,Meta,cpc
ORD-1960,2023-10-30,TRD-01,Treadmill,Bulky,3,300.0,900.0,Meta,cpc
ORD-1961,2023-10-30,TRD-01,Treadmill,Bulky,3,300.0,900.0,Meta,cpc
ORD-1962,2023-10-30,TRD-01,Treadmill,Bulky,1,300.0,300.0,Meta,cpc
ORD-1963,2023-10-30,TRD-01,Treadmill,Bulky,2,300.0,600.0,Meta,cpc
ORD-1964,2023-10-30,TRD-01,Treadmill,Bulky,1,300.0,300.0,Meta,cpc
ORD-1965,2023-10-30,TRD-01,Treadmill,Bulky,1,300.0,300.0,Meta,cpc
ORD-1966,2023-10-30,TRD-01,Treadmill,Bulky,3,300.0,900.0,Meta,cpc
ORD-1967,2023-10-30,TRD-01,Treadmill,Bulky,2,300.0,600.0,Meta,cpc
ORD-1968,2023-10-30,TRD-01,Treadmill,Bulky,3,300.0,900.0,Meta,cpc
ORD-1969,2023-10-30,TRD-01,Treadmill,Bulky,1,300.0,300.0,Meta,cpc
ORD-1970,2023-10-30,TRD-01,Treadmill,Bulky,3,300.0,900.0,Meta,cpc
ORD-1971,2023-10-30,TRD-01,Treadmill,Bulky,2,300.0,600.0,Meta,cpc
ORD-1972,2023-10-30,TRD-01,Treadmill,Bulky,1,300.0,300.0,Meta,cpc
ORD-1973,2023-10-30,TRD-01,Treadmill,Bulky,1,300.0,300.0,Meta,cpc
ORD-1974,2023-10-30,TRD-01,Treadmill,Bulky,3,300.0,900.0,Meta,cpc
ORD-1975,2023-10-30,TRD-01,Treadmill,Bulky,2,300.0,600.0,Meta,cpc
ORD-1976,2023-10-30,TRD-01,Treadmill,Bulky,2,300.0,600.0,Meta,cpc
ORD-1977,2023-10-30,TRD-01,Treadmill,Bulky,2,300.0,600.0,Meta,cpc
ORD-1978,2023-10-30,TRD-01,Treadmill,Bulky,2,300.0,600.0,Meta,cpc
ORD-1979,2023-10-30,TRD-01,Treadmill,Bulky,2,300.0,600.0,Meta,cpc
ORD-1980,2023-10-30,TRD-01,Treadmill,Bulky,1,300.0,300.0,Meta,cpc
ORD-1981,2023-10-30,TRD-01,Treadmill,Bulky,1,300.0,300.0,Meta,cpc
ORD-1982,2023-10-30,TRD-01,Treadmill,Bulky,1,300.0,300.0,Meta,cpc
ORD-1983,2023-10-31,TRD-01,Treadmill,Bulky,2,300.0,600.0,Meta,cpc
ORD-1984,2023-10-31,TRD-01,Treadmill,Bulky,1,300.0,300.0,Meta,cpc
ORD-1985,2023-10-31,TRD-01,Treadmill,Bulky,1,300.0,300.0,Meta,cpc
ORD-1986,2023-10-31,TRD-01,Treadmill,Bulky,2,300.0,600.0,Meta,cpc
ORD-1987,2023-10-31,TRD-01,Treadmill,Bulky,2,300.0,600.0,Meta,cpc
ORD-1988,2023-10-31,TRD-01,Treadmill,Bulky,1,300.0,300.0,Meta,cpc
ORD-1989,2023-10-31,TRD-01,Treadmill,Bulky,3,300.0,900.0,Meta,cpc
ORD-1990,2023-10-31,TRD-01,Treadmill,Bulky,3,300.0,900.0,Meta,cpc
ORD-1991,2023-10-31,TRD-01,Treadmill,Bulky,3,300.0,900.0,Meta,cpc
ORD-1992,2023-10-31,TRD-01,Treadmill,Bulky,1,300.0,300.0,Meta,cpc
ORD-1993,2023-10-31,TRD-01,Treadmill,Bulky,1,300.0,300.0,Meta,cpc
ORD-1994,2023-10-31,TRD-01,Treadmill,Bulky,1,300.0,300.0,Meta,cpc
ORD-1995,2023-10-31,TRD-01,Treadmill,Bulky,3,300.0,900.0,Meta,cpc
ORD-1996,2023-10-31,TRD-01,Treadmill,Bulky,2,300.0,600.0,Meta,cpc
ORD-1997,2023-10-31,TRD-01,Treadmill,Bulky,1,300.0,300.0,Meta,cpc
ORD-1998,2023-10-31,TRD-01,Treadmill,Bulky,1,300.0,300.0,Meta,cpc
ORD-1999,2023-10-31,TRD-01,Treadmill,Bulky,1,300.0,300.0,Meta,cpc
ORD-2000,2023-10-31,TRD-01,Treadmill,Bulky,3,300.0,900.0,Meta,cpc
ORD-2001,2023-10-31,TRD-01,Treadmill,Bulky,2,300.0,600.0,Meta,cpc
ORD-2002,2023-10-31,TRD-01,Treadmill,Bulky,3,300.0,900.0,Meta,cpc
ORD-2003,2023-10-31,TRD-01,Treadmill,Bulky,3,300.0,900.0,Meta,cpc
ORD-2004,2023-10-31,TRD-01,Treadmill,Bulky,3,300.0,900.0,Meta,cpc
ORD-2005,2023-10-31,TRD-01,Treadmill,Bulky,1,300.0,300.0,Meta,cpc
ORD-2006,2023-10-31,TRD-01,Treadmill,Bulky,3,300.0,900.0,Meta,cpc
ORD-2007,2023-10-31,TRD-01,Treadmill,Bulky,2,300.0,600.0,Meta,cpc
ORD-2008,2023-10-31,TRD-01,Treadmill,Bulky,2,300.0,600.0,Meta,cpc
ORD-2009,2023-10-31,TRD-01,Treadmill,Bulky,2,300.0,600.0,Meta,cpc
ORD-2010,2023-10-31,TRD-01,Treadmill,Bulky,1,300.0,300.0,Meta,cpc
ORD-2011,2023-10-01,SMW-01,SmartWatch,Light,3,100.0,300.0,Meta,cpc
ORD-2012,2023-10-01,SMW-01,SmartWatch,Light,2,100.0,200.0,Meta,cpc
ORD-2013,2023-10-01,SMW-01,SmartWatch,Light,2,100.0,200.0,Meta,cpc
ORD-2014,2023-10-01,SMW-01,SmartWatch,Light,3,100.0,300.0,Meta,cpc
ORD-2015,2023-10-01,SMW-01,SmartWatch,Light,3,100.0,300.0,Meta,cpc
ORD-2016,2023-10-01,SMW-01,SmartWatch,Light,1,100.0,100.0,Meta,cpc
ORD-2017,2023-10-01,SMW-01,SmartWatch,Light,3,100.0,300.0,Meta,cpc
ORD-2018,2023-10-01,SMW-01,SmartWatch,Light,3,100.0,300.0,Meta,cpc
ORD-2019,2023-10-01,SMW-01,SmartWatch,Light,1,100.0,100.0,Meta,cpc
ORD-2020,2023-10-01,SMW-01,SmartWatch,Light,1,100.0,100.0,Meta,cpc
ORD-2021,2023-10-01,SMW-01,SmartWatch,Light,3,100.0,300.0,Meta,cpc
ORD-2022,2023-10-01,SMW-01,SmartWatch,Light,1,100.0,100.0,Meta,cpc
ORD-2023,2023-10-01,SMW-01,SmartWatch,Light,2,100.0,200.0,Meta,cpc
ORD-2024,2023-10-01,SMW-01,SmartWatch,Light,3,100.0,300.0,Meta,cpc
ORD-2025,2023-10-01,SMW-01,SmartWatch,Light,1,100.0,100.0,Meta,cpc
ORD-2026,2023-10-01,SMW-01,SmartWatch,Light,1,100.0,100.0,Meta,cpc
ORD-2027,2023-10-01,SMW-01,SmartWatch,Light,1,100.0,100.0,Meta,cpc
ORD-2028,2023-10-01,SMW-01,SmartWatch,Light,1,100.0,100.0,Meta,cpc
ORD-2029,2023-10-01,SMW-01,SmartWatch,Light,3,100.0,300.0,Meta,cpc
ORD-2030,2023-10-01,SMW-01,SmartWatch,Light,1,100.0,100.0,Meta,cpc
ORD-2031,2023-10-01,SMW-01,SmartWatch,Light,1,100.0,100.0,Meta,cpc
ORD-2032,2023-10-01,SMW-01,SmartWatch,Light,1,100.0,100.0,Meta,cpc
ORD-2033,2023-10-01,SMW-01,SmartWatch,Light,2,100.0,200.0,Meta,cpc
ORD-2034,2023-10-01,SMW-01,SmartWatch,Light,2,100.0,200.0,Meta,cpc
ORD-2035,2023-10-01,SMW-01,SmartWatch,Light,3,100.0,300.0,Meta,cpc
ORD-2036,2023-10-01,SMW-01,SmartWatch,Light,3,100.0,300.0,Meta,cpc
ORD-2037,2023-10-01,SMW-01,SmartWatch,Light,2,100.0,200.0,Meta,cpc
ORD-2038,2023-10-01,SMW-01,SmartWatch,Light,2,100.0,200.0,Meta,cpc
ORD-2039,2023-10-01,SMW-01,SmartWatch,Light,1,100.0,100.0,Meta,cpc
ORD-2040,2023-10-01,SMW-01,SmartWatch,Light,1,100.0,100.0,Meta,cpc
ORD-2041,2023-10-01,SMW-01,SmartWatch,Light,2,100.0,200.0,Meta,cpc
ORD-2042,2023-10-01,SMW-01,SmartWatch,Light,3,100.0,300.0,Meta,cpc
ORD-2043,2023-10-01,SMW-01,SmartWatch,Light,2,100.0,200.0,Meta,cpc
ORD-2044,2023-10-01,SMW-01,SmartWatch,Light,3,100.0,300.0,Meta,cpc
ORD-2045,2023-10-01,SMW-01,SmartWatch,Light,2,100.0,200.0,Meta,cpc
ORD-2046,2023-10-01,SMW-01,SmartWatch,Light,1,100.0,100.0,Meta,cpc
ORD-2047,2023-10-01,SMW-01,SmartWatch,Light,3,100.0,300.0,Meta,cpc
ORD-2048,2023-10-01,SMW-01,SmartWatch,Light,1,100.0,100.0,Meta,cpc
ORD-2049,2023-10-01,SMW-01,SmartWatch,Light,2,100.0,200.0,Meta,cpc
ORD-2050,2023-10-01,SMW-01,SmartWatch,Light,3,100.0,300.0,Meta,cpc
ORD-2051,2023-10-01,SMW-01,SmartWatch,Light,3,100.0,300.0,Meta,cpc
ORD-2052,2023-10-01,SMW-01,SmartWatch,Light,3,100.0,300.0,Meta,cpc
ORD-2053,2023-10-01,SMW-01,SmartWatch,Light,1,100.0,100.0,Meta,cpc
ORD-2054,2023-10-01,SMW-01,SmartWatch,Light,2,100.0,200.0,Meta,cpc
ORD-2055,2023-10-01,SMW-01,SmartWatch,Light,1,100.0,100.0,Meta,cpc
ORD-2056,2023-10-01,SMW-01,SmartWatch,Light,3,100.0,300.0,Meta,cpc
ORD-2057,2023-10-01,SMW-01,SmartWatch,Light,1,100.0,100.0,Meta,cpc
ORD-2058,2023-10-01,SMW-01,SmartWatch,Light,3,100.0,300.0,Meta,cpc
ORD-2059,2023-10-01,SMW-01,SmartWatch,Light,1,100.0,100.0,Meta,cpc
ORD-2060,2023-10-01,SMW-01,SmartWatch,Light,2,100.0,200.0,Meta,cpc
ORD-2061,2023-10-01,SMW-01,SmartWatch,Light,1,100.0,100.0,Meta,cpc
ORD-2062,2023-10-01,SMW-01,SmartWatch,Light,1,100.0,100.0,Meta,cpc
ORD-2063,2023-10-01,SMW-01,SmartWatch,Light,1,100.0,100.0,Meta,cpc
ORD-2064,2023-10-01,SMW-01,SmartWatch,Light,1,100.0,100.0,Meta,cpc
ORD-2065,2023-10-01,SMW-01,SmartWatch,Light,2,100.0,200.0,Meta,cpc
ORD-2066,2023-10-01,SMW-01,SmartWatch,Light,3,100.0,300.0,Meta,cpc
ORD-2067,2023-10-01,SMW-01,SmartWatch,Light,3,100.0,300.0,Meta,cpc
ORD-2068,2023-10-01,SMW-01,SmartWatch,Light,3,100.0,300.0,Meta,cpc
ORD-2069,2023-10-01,SMW-01,SmartWatch,Light,2,100.0,200.0,Meta,cpc
ORD-2070,2023-10-01,SMW-01,SmartWatch,Light,2,100.0,200.0,Meta,cpc
ORD-2071,2023-10-01,SMW-01,SmartWatch,Light,1,100.0,100.0,Meta,cpc
ORD-2072,2023-10-01,SMW-01,SmartWatch,Light,2,100.0,200.0,Meta,cpc
ORD-2073,2023-10-01,SMW-01,SmartWatch,Light,3,100.0,300.0,Meta,cpc
ORD-2074,2023-10-01,SMW-01,SmartWatch,Light,2,100.0,200.0,Meta,cpc
ORD-2075,2023-10-01,SMW-01,SmartWatch,Light,2,100.0,200.0,Meta,cpc
ORD-2076,2023-10-02,SMW-01,SmartWatch,Light,2,100.0,200.0,Meta,cpc
ORD-2077,2023-10-02,SMW-01,SmartWatch,Light,2,100.0,200.0,Meta,cpc
ORD-2078,2023-10-02,SMW-01,SmartWatch,Light,3,100.0,300.0,Meta,cpc
ORD-2079,2023-10-02,SMW-01,SmartWatch,Light,3,100.0,300.0,Meta,cpc
ORD-2080,2023-10-02,SMW-01,SmartWatch,Light,2,100.0,200.0,Meta,cpc
ORD-2081,2023-10-02,SMW-01,SmartWatch,Light,2,100.0,200.0,Meta,cpc
ORD-2082,2023-10-02,SMW-01,SmartWatch,Light,1,100.0,100.0,Meta,cpc
ORD-2083,2023-10-02,SMW-01,SmartWatch,Light,3,100.0,300.0,Meta,cpc
ORD-2084,2023-10-02,SMW-01,SmartWatch,Light,1,100.0,100.0,Meta,cpc
ORD-2085,2023-10-02,SMW-01,SmartWatch,Light,2,100.0,200.0,Meta,cpc
ORD-2086,2023-10-02,SMW-01,SmartWatch,Light,3,100.0,300.0,Meta,cpc
ORD-2087,2023-10-02,SMW-01,SmartWatch,Light,2,100.0,200.0,Meta,cpc
ORD-2088,2023-10-02,SMW-01,SmartWatch,Light,3,100.0,300.0,Meta,cpc
ORD-2089,2023-10-02,SMW-01,SmartWatch,Light,2,100.0,200.0,Meta,cpc
ORD-2090,2023-10-02,SMW-01,SmartWatch,Light,1,100.0,100.0,Meta,cpc
ORD-2091,2023-10-02,SMW-01,SmartWatch,Light,1,100.0,100.0,Meta,cpc
ORD-2092,2023-10-02,SMW-01,SmartWatch,Light,1,100.0,100.0,Meta,cpc
ORD-2093,2023-10-02,SMW-01,SmartWatch,Light,3,100.0,300.0,Meta,cpc
ORD-2094,2023-10-02,SMW-01,SmartWatch,Light,3,100.0,300.0,Meta,cpc
ORD-2095,2023-10-02,SMW-01,SmartWatch,Light,3,100.0,300.0,Meta,cpc
ORD-2096,2023-10-02,SMW-01,SmartWatch,Light,1,100.0,100.0,Meta,cpc
ORD-2097,2023-10-02,SMW-01,SmartWatch,Light,3,100.0,300.0,Meta,cpc
ORD-2098,2023-10-02,SMW-01,SmartWatch,Light,2,100.0,200.0,Meta,cpc
ORD-2099,2023-10-02,SMW-01,SmartWatch,Light,3,100.0,300.0,Meta,cpc
ORD-2100,2023-10-02,SMW-01,SmartWatch,Light,1,100.0,100.0,Meta,cpc
ORD-2101,2023-10-02,SMW-01,SmartWatch,Light,1,100.0,100.0,Meta,cpc
ORD-2102,2023-10-02,SMW-01,SmartWatch,Light,2,100.0,200.0,Meta,cpc
ORD-2103,2023-10-02,SMW-01,SmartWatch,Light,3,100.0,300.0,Meta,cpc
ORD-2104,2023-10-02,SMW-01,SmartWatch,Light,3,100.0,300.0,Meta,cpc
ORD-2105,2023-10-02,SMW-01,SmartWatch,Light,2,100.0,200.0,Meta,cpc
ORD-2106,2023-10-02,SMW-01,SmartWatch,Light,2,100.0,200.0,Meta,cpc
ORD-2107,2023-10-02,SMW-01,SmartWatch,Light,1,100.0,100.0,Meta,cpc
ORD-2108,2023-10-02,SMW-01,SmartWatch,Light,3,100.0,300.0,Meta,cpc
ORD-2109,2023-10-02,SMW-01,SmartWatch,Light,2,100.0,200.0,Meta,cpc
ORD-2110,2023-10-02,SMW-01,SmartWatch,Light,3,100.0,300.0,Meta,cpc
ORD-2111,2023-10-02,SMW-01,SmartWatch,Light,2,100.0,200.0,Meta,cpc
ORD-2112,2023-10-02,SMW-01,SmartWatch,Light,1,100.0,100.0,Meta,cpc
ORD-2113,2023-10-02,SMW-01,SmartWatch,Light,2,100.0,200.0,Meta,cpc
ORD-2114,2023-10-02,SMW-01,SmartWatch,Light,2,100.0,200.0,Meta,cpc
ORD-2115,2023-10-02,SMW-01,SmartWatch,Light,2,100.0,200.0,Meta,cpc
ORD-2116,2023-10-02,SMW-01,SmartWatch,Light,2,100.0,200.0,Meta,cpc
ORD-2117,2023-10-02,SMW-01,SmartWatch,Light,2,100.0,200.0,Meta,cpc
ORD-2118,2023-10-02,SMW-01,SmartWatch,Light,3,100.0,300.0,Meta,cpc
ORD-2119,2023-10-02,SMW-01,SmartWatch,Light,1,100.0,100.0,Meta,cpc
ORD-2120,2023-10-02,SMW-01,SmartWatch,Light,1,100.0,100.0,Meta,cpc
ORD-2121,2023-10-02,SMW-01,SmartWatch,Light,2,100.0,200.0,Meta,cpc
ORD-2122,2023-10-02,SMW-01,SmartWatch,Light,2,100.0,200.0,Meta,cpc
ORD-2123,2023-10-02,SMW-01,SmartWatch,Light,3,100.0,300.0,Meta,cpc
ORD-2124,2023-10-02,SMW-01,SmartWatch,Light,2,100.0,200.0,Meta,cpc
ORD-2125,2023-10-02,SMW-01,SmartWatch,Light,2,100.0,200.0,Meta,cpc
ORD-2126,2023-10-02,SMW-01,SmartWatch,Light,3,100.0,300.0,Meta,cpc
ORD-2127,2023-10-02,SMW-01,SmartWatch,Light,2,100.0,200.0,Meta,cpc
ORD-2128,2023-10-02,SMW-01,SmartWatch,Light,3,100.0,300.0,Meta,cpc
ORD-2129,2023-10-02,SMW-01,SmartWatch,Light,1,100.0,100.0,Meta,cpc
ORD-2130,2023-10-02,SMW-01,SmartWatch,Light,2,100.0,200.0,Meta,cpc
ORD-2131,2023-10-02,SMW-01,SmartWatch,Light,1,100.0,100.0,Meta,cpc
ORD-2132,2023-10-02,SMW-01,SmartWatch,Light,2,100.0,200.0,Meta,cpc
ORD-2133,2023-10-02,SMW-01,SmartWatch,Light,2,100.0,200.0,Meta,cpc
ORD-2134,2023-10-02,SMW-01,SmartWatch,Light,2,100.0,200.0,Meta,cpc
ORD-2135,2023-10-02,SMW-01,SmartWatch,Light,1,100.0,100.0,Meta,cpc
ORD-2136,2023-10-02,SMW-01,SmartWatch,Light,1,100.0,100.0,Meta,cpc
ORD-2137,2023-10-03,SMW-01,SmartWatch,Light,3,100.0,300.0,Meta,cpc
ORD-2138,2023-10-03,SMW-01,SmartWatch,Light,1,100.0,100.0,Meta,cpc
ORD-2139,2023-10-03,SMW-01,SmartWatch,Light,3,100.0,300.0,Meta,cpc
ORD-2140,2023-10-03,SMW-01,SmartWatch,Light,3,100.0,300.0,Meta,cpc
ORD-2141,2023-10-03,SMW-01,SmartWatch,Light,2,100.0,200.0,Meta,cpc
ORD-2142,2023-10-03,SMW-01,SmartWatch,Light,2,100.0,200.0,Meta,cpc
ORD-2143,2023-10-03,SMW-01,SmartWatch,Light,1,100.0,100.0,Meta,cpc
ORD-2144,2023-10-03,SMW-01,SmartWatch,Light,1,100.0,100.0,Meta,cpc
ORD-2145,2023-10-03,SMW-01,SmartWatch,Light,3,100.0,300.0,Meta,cpc
ORD-2146,2023-10-03,SMW-01,SmartWatch,Light,2,100.0,200.0,Meta,cpc
ORD-2147,2023-10-03,SMW-01,SmartWatch,Light,3,100.0,300.0,Meta,cpc
ORD-2148,2023-10-03,SMW-01,SmartWatch,Light,2,100.0,200.0,Meta,cpc
ORD-2149,2023-10-03,SMW-01,SmartWatch,Light,3,100.0,300.0,Meta,cpc
ORD-2150,2023-10-03,SMW-01,SmartWatch,Light,2,100.0,200.0,Meta,cpc
ORD-2151,2023-10-03,SMW-01,SmartWatch,Light,1,100.0,100.0,Meta,cpc
ORD-2152,2023-10-03,SMW-01,SmartWatch,Light,1,100.0,100.0,Meta,cpc
ORD-2153,2023-10-03,SMW-01,SmartWatch,Light,2,100.0,200.0,Meta,cpc
ORD-2154,2023-10-03,SMW-01,SmartWatch,Light,3,100.0,300.0,Meta,cpc
ORD-2155,2023-10-03,SMW-01,SmartWatch,Light,1,100.0,100.0,Meta,cpc
ORD-2156,2023-10-03,SMW-01,SmartWatch,Light,2,100.0,200.0,Meta,cpc
ORD-2157,2023-10-03,SMW-01,SmartWatch,Light,2,100.0,200.0,Meta,cpc
ORD-2158,2023-10-03,SMW-01,SmartWatch,Light,3,100.0,300.0,Meta,cpc
ORD-2159,2023-10-03,SMW-01,SmartWatch,Light,2,100.0,200.0,Meta,cpc
ORD-2160,2023-10-03,SMW-01,SmartWatch,Light,1,100.0,100.0,Meta,cpc
ORD-2161,2023-10-03,SMW-01,SmartWatch,Light,1,100.0,100.0,Meta,cpc
ORD-2162,2023-10-03,SMW-01,SmartWatch,Light,3,100.0,300.0,Meta,cpc
ORD-2163,2023-10-03,SMW-01,SmartWatch,Light,3,100.0,300.0,Meta,cpc
ORD-2164,2023-10-03,SMW-01,SmartWatch,Light,1,100.0,100.0,Meta,cpc
ORD-2165,2023-10-03,SMW-01,SmartWatch,Light,3,100.0,300.0,Meta,cpc
ORD-2166,2023-10-03,SMW-01,SmartWatch,Light,1,100.0,100.0,Meta,cpc
ORD-2167,2023-10-03,SMW-01,SmartWatch,Light,2,100.0,200.0,Meta,cpc
ORD-2168,2023-10-03,SMW-01,SmartWatch,Light,3,100.0,300.0,Meta,cpc
ORD-2169,2023-10-03,SMW-01,SmartWatch,Light,1,100.0,100.0,Meta,cpc
ORD-2170,2023-10-03,SMW-01,SmartWatch,Light,3,100.0,300.0,Meta,cpc
ORD-2171,2023-10-03,SMW-01,SmartWatch,Light,2,100.0,200.0,Meta,cpc
ORD-2172,2023-10-03,SMW-01,SmartWatch,Light,1,100.0,100.0,Meta,cpc
ORD-2173,2023-10-03,SMW-01,SmartWatch,Light,1,100.0,100.0,Meta,cpc
ORD-2174,2023-10-03,SMW-01,SmartWatch,Light,1,100.0,100.0,Meta,cpc
ORD-2175,2023-10-03,SMW-01,SmartWatch,Light,2,100.0,200.0,Meta,cpc
ORD-2176,2023-10-03,SMW-01,SmartWatch,Light,1,100.0,100.0,Meta,cpc
ORD-2177,2023-10-03,SMW-01,SmartWatch,Light,3,100.0,300.0,Meta,cpc
ORD-2178,2023-10-03,SMW-01,SmartWatch,Light,1,100.0,100.0,Meta,cpc
ORD-2179,2023-10-03,SMW-01,SmartWatch,Light,2,100.0,200.0,Meta,cpc
ORD-2180,2023-10-03,SMW-01,SmartWatch,Light,3,100.0,300.0,Meta,cpc
ORD-2181,2023-10-03,SMW-01,SmartWatch,Light,2,100.0,200.0,Meta,cpc
ORD-2182,2023-10-03,SMW-01,SmartWatch,Light,3,100.0,300.0,Meta,cpc
ORD-2183,2023-10-03,SMW-01,SmartWatch,Light,3,100.0,300.0,Meta,cpc
ORD-2184,2023-10-03,SMW-01,SmartWatch,Light,2,100.0,200.0,Meta,cpc
ORD-2185,2023-10-03,SMW-01,SmartWatch,Light,2,100.0,200.0,Meta,cpc
ORD-2186,2023-10-03,SMW-01,SmartWatch,Light,2,100.0,200.0,Meta,cpc
ORD-2187,2023-10-03,SMW-01,SmartWatch,Light,2,100.0,200.0,Meta,cpc
ORD-2188,2023-10-03,SMW-01,SmartWatch,Light,1,100.0,100.0,Meta,cpc
ORD-2189,2023-10-03,SMW-01,SmartWatch,Light,2,100.0,200.0,Meta,cpc
ORD-2190,2023-10-03,SMW-01,SmartWatch,Light,3,100.0,300.0,Meta,cpc
ORD-2191,2023-10-03,SMW-01,SmartWatch,Light,1,100.0,100.0,Meta,cpc
ORD-2192,2023-10-03,SMW-01,SmartWatch,Light,2,100.0,200.0,Meta,cpc
ORD-2193,2023-10-03,SMW-01,SmartWatch,Light,1,100.0,100.0,Meta,cpc
ORD-2194,2023-10-03,SMW-01,SmartWatch,Light,3,100.0,300.0,Meta,cpc
ORD-2195,2023-10-03,SMW-01,SmartWatch,Light,3,100.0,300.0,Meta,cpc
ORD-2196,2023-10-03,SMW-01,SmartWatch,Light,1,100.0,100.0,Meta,cpc
ORD-2197,2023-10-04,SMW-01,SmartWatch,Light,1,100.0,100.0,Meta,cpc
ORD-2198,2023-10-04,SMW-01,SmartWatch,Light,1,100.0,100.0,Meta,cpc
ORD-2199,2023-10-04,SMW-01,SmartWatch,Light,2,100.0,200.0,Meta,cpc
ORD-2200,2023-10-04,SMW-01,SmartWatch,Light,2,100.0,200.0,Meta,cpc
ORD-2201,2023-10-04,SMW-01,SmartWatch,Light,2,100.0,200.0,Meta,cpc
ORD-2202,2023-10-04,SMW-01,SmartWatch,Light,3,100.0,300.0,Meta,cpc
ORD-2203,2023-10-04,SMW-01,SmartWatch,Light,2,100.0,200.0,Meta,cpc
ORD-2204,2023-10-04,SMW-01,SmartWatch,Light,1,100.0,100.0,Meta,cpc
ORD-2205,2023-10-04,SMW-01,SmartWatch,Light,2,100.0,200.0,Meta,cpc
ORD-2206,2023-10-04,SMW-01,SmartWatch,Light,3,100.0,300.0,Meta,cpc
ORD-2207,2023-10-04,SMW-01,SmartWatch,Light,2,100.0,200.0,Meta,cpc
ORD-2208,2023-10-04,SMW-01,SmartWatch,Light,3,100.0,300.0,Meta,cpc
ORD-2209,2023-10-04,SMW-01,SmartWatch,Light,3,100.0,300.0,Meta,cpc
ORD-2210,2023-10-04,SMW-01,SmartWatch,Light,3,100.0,300.0,Meta,cpc
ORD-2211,2023-10-04,SMW-01,SmartWatch,Light,2,100.0,200.0,Meta,cpc
ORD-2212,2023-10-04,SMW-01,SmartWatch,Light,1,100.0,100.0,Meta,cpc
ORD-2213,2023-10-04,SMW-01,SmartWatch,Light,2,100.0,200.0,Meta,cpc
ORD-2214,2023-10-04,SMW-01,SmartWatch,Light,3,100.0,300.0,Meta,cpc
ORD-2215,2023-10-04,SMW-01,SmartWatch,Light,2,100.0,200.0,Meta,cpc
ORD-2216,2023-10-04,SMW-01,SmartWatch,Light,2,100.0,200.0,Meta,cpc
ORD-2217,2023-10-04,SMW-01,SmartWatch,Light,2,100.0,200.0,Meta,cpc
ORD-2218,2023-10-04,SMW-01,SmartWatch,Light,3,100.0,300.0,Meta,cpc
ORD-2219,2023-10-04,SMW-01,SmartWatch,Light,3,100.0,300.0,Meta,cpc
ORD-2220,2023-10-04,SMW-01,SmartWatch,Light,2,100.0,200.0,Meta,cpc
ORD-2221,2023-10-04,SMW-01,SmartWatch,Light,2,100.0,200.0,Meta,cpc
ORD-2222,2023-10-04,SMW-01,SmartWatch,Light,2,100.0,200.0,Meta,cpc
ORD-2223,2023-10-04,SMW-01,SmartWatch,Light,1,100.0,100.0,Meta,cpc
ORD-2224,2023-10-04,SMW-01,SmartWatch,Light,3,100.0,300.0,Meta,cpc
ORD-2225,2023-10-04,SMW-01,SmartWatch,Light,1,100.0,100.0,Meta,cpc
ORD-2226,2023-10-04,SMW-01,SmartWatch,Light,3,100.0,300.0,Meta,cpc
ORD-2227,2023-10-04,SMW-01,SmartWatch,Light,2,100.0,200.0,Meta,cpc
ORD-2228,2023-10-04,SMW-01,SmartWatch,Light,1,100.0,100.0,Meta,cpc
ORD-2229,2023-10-04,SMW-01,SmartWatch,Light,2,100.0,200.0,Meta,cpc
ORD-2230,2023-10-04,SMW-01,SmartWatch,Light,1,100.0,100.0,Meta,cpc
ORD-2231,2023-10-04,SMW-01,SmartWatch,Light,2,100.0,200.0,Meta,cpc
ORD-2232,2023-10-04,SMW-01,SmartWatch,Light,3,100.0,300.0,Meta,cpc
ORD-2233,2023-10-04,SMW-01,SmartWatch,Light,2,100.0,200.0,Meta,cpc
ORD-2234,2023-10-04,SMW-01,SmartWatch,Light,3,100.0,300.0,Meta,cpc
ORD-2235,2023-10-04,SMW-01,SmartWatch,Light,2,100.0,200.0,Meta,cpc
ORD-2236,2023-10-04,SMW-01,SmartWatch,Light,2,100.0,200.0,Meta,cpc
ORD-2237,2023-10-04,SMW-01,SmartWatch,Light,3,100.0,300.0,Meta,cpc
ORD-2238,2023-10-04,SMW-01,SmartWatch,Light,3,100.0,300.0,Meta,cpc
ORD-2239,2023-10-04,SMW-01,SmartWatch,Light,1,100.0,100.0,Meta,cpc
ORD-2240,2023-10-04,SMW-01,SmartWatch,Light,2,100.0,200.0,Meta,cpc
ORD-2241,2023-10-04,SMW-01,SmartWatch,Light,1,100.0,100.0,Meta,cpc
ORD-2242,2023-10-04,SMW-01,SmartWatch,Light,1,100.0,100.0,Meta,cpc
ORD-2243,2023-10-04,SMW-01,SmartWatch,Light,3,100.0,300.0,Meta,cpc
ORD-2244,2023-10-04,SMW-01,SmartWatch,Light,3,100.0,300.0,Meta,cpc
ORD-2245,2023-10-04,SMW-01,SmartWatch,Light,2,100.0,200.0,Meta,cpc
ORD-2246,2023-10-04,SMW-01,SmartWatch,Light,1,100.0,100.0,Meta,cpc
ORD-2247,2023-10-04,SMW-01,SmartWatch,Light,2,100.0,200.0,Meta,cpc
ORD-2248,2023-10-04,SMW-01,SmartWatch,Light,1,100.0,100.0,Meta,cpc
ORD-2249,2023-10-04,SMW-01,SmartWatch,Light,3,100.0,300.0,Meta,cpc
ORD-2250,2023-10-04,SMW-01,SmartWatch,Light,2,100.0,200.0,Meta,cpc
ORD-2251,2023-10-04,SMW-01,SmartWatch,Light,1,100.0,100.0,Meta,cpc
ORD-2252,2023-10-04,SMW-01,SmartWatch,Light,3,100.0,300.0,Meta,cpc
ORD-2253,2023-10-04,SMW-01,SmartWatch,Light,1,100.0,100.0,Meta,cpc
ORD-2254,2023-10-04,SMW-01,SmartWatch,Light,2,100.0,200.0,Meta,cpc
ORD-2255,2023-10-04,SMW-01,SmartWatch,Light,3,100.0,300.0,Meta,cpc
ORD-2256,2023-10-04,SMW-01,SmartWatch,Light,1,100.0,100.0,Meta,cpc
ORD-2257,2023-10-04,SMW-01,SmartWatch,Light,1,100.0,100.0,Meta,cpc
ORD-2258,2023-10-04,SMW-01,SmartWatch,Light,2,100.0,200.0,Meta,cpc
ORD-2259,2023-10-04,SMW-01,SmartWatch,Light,2,100.0,200.0,Meta,cpc
ORD-2260,2023-10-04,SMW-01,SmartWatch,Light,2,100.0,200.0,Meta,cpc
ORD-2261,2023-10-04,SMW-01,SmartWatch,Light,3,100.0,300.0,Meta,cpc
ORD-2262,2023-10-04,SMW-01,SmartWatch,Light,3,100.0,300.0,Meta,cpc
ORD-2263,2023-10-04,SMW-01,SmartWatch,Light,1,100.0,100.0,Meta,cpc
ORD-2264,2023-10-05,SMW-01,SmartWatch,Light,3,100.0,300.0,Meta,cpc
ORD-2265,2023-10-05,SMW-01,SmartWatch,Light,1,100.0,100.0,Meta,cpc
ORD-2266,2023-10-05,SMW-01,SmartWatch,Light,2,100.0,200.0,Meta,cpc
ORD-2267,2023-10-05,SMW-01,SmartWatch,Light,3,100.0,300.0,Meta,cpc
ORD-2268,2023-10-05,SMW-01,SmartWatch,Light,3,100.0,300.0,Meta,cpc
ORD-2269,2023-10-05,SMW-01,SmartWatch,Light,2,100.0,200.0,Meta,cpc
ORD-2270,2023-10-05,SMW-01,SmartWatch,Light,2,100.0,200.0,Meta,cpc
ORD-2271,2023-10-05,SMW-01,SmartWatch,Light,3,100.0,300.0,Meta,cpc
ORD-2272,2023-10-05,SMW-01,SmartWatch,Light,3,100.0,300.0,Meta,cpc
ORD-2273,2023-10-05,SMW-01,SmartWatch,Light,2,100.0,200.0,Meta,cpc
ORD-2274,2023-10-05,SMW-01,SmartWatch,Light,3,100.0,300.0,Meta,cpc
ORD-2275,2023-10-05,SMW-01,SmartWatch,Light,1,100.0,100.0,Meta,cpc
ORD-2276,2023-10-05,SMW-01,SmartWatch,Light,3,100.0,300.0,Meta,cpc
ORD-2277,2023-10-05,SMW-01,SmartWatch,Light,1,100.0,100.0,Meta,cpc
ORD-2278,2023-10-05,SMW-01,SmartWatch,Light,1,100.0,100.0,Meta,cpc
ORD-2279,2023-10-05,SMW-01,SmartWatch,Light,3,100.0,300.0,Meta,cpc
ORD-2280,2023-10-05,SMW-01,SmartWatch,Light,3,100.0,300.0,Meta,cpc
ORD-2281,2023-10-05,SMW-01,SmartWatch,Light,2,100.0,200.0,Meta,cpc
ORD-2282,2023-10-05,SMW-01,SmartWatch,Light,1,100.0,100.0,Meta,cpc
ORD-2283,2023-10-05,SMW-01,SmartWatch,Light,3,100.0,300.0,Meta,cpc
ORD-2284,2023-10-05,SMW-01,SmartWatch,Light,1,100.0,100.0,Meta,cpc
ORD-2285,2023-10-05,SMW-01,SmartWatch,Light,2,100.0,200.0,Meta,cpc
ORD-2286,2023-10-05,SMW-01,SmartWatch,Light,1,100.0,100.0,Meta,cpc
ORD-2287,2023-10-05,SMW-01,SmartWatch,Light,3,100.0,300.0,Meta,cpc
ORD-2288,2023-10-05,SMW-01,SmartWatch,Light,3,100.0,300.0,Meta,cpc
ORD-2289,2023-10-05,SMW-01,SmartWatch,Light,1,100.0,100.0,Meta,cpc
ORD-2290,2023-10-05,SMW-01,SmartWatch,Light,2,100.0,200.0,Meta,cpc
ORD-2291,2023-10-05,SMW-01,SmartWatch,Light,1,100.0,100.0,Meta,cpc
ORD-2292,2023-10-05,SMW-01,SmartWatch,Light,3,100.0,300.0,Meta,cpc
ORD-2293,2023-10-05,SMW-01,SmartWatch,Light,2,100.0,200.0,Meta,cpc
ORD-2294,2023-10-05,SMW-01,SmartWatch,Light,1,100.0,100.0,Meta,cpc
ORD-2295,2023-10-05,SMW-01,SmartWatch,Light,1,100.0,100.0,Meta,cpc
ORD-2296,2023-10-05,SMW-01,SmartWatch,Light,2,100.0,200.0,Meta,cpc
ORD-2297,2023-10-05,SMW-01,SmartWatch,Light,1,100.0,100.0,Meta,cpc
ORD-2298,2023-10-05,SMW-01,SmartWatch,Light,2,100.0,200.0,Meta,cpc
ORD-2299,2023-10-05,SMW-01,SmartWatch,Light,2,100.0,200.0,Meta,cpc
ORD-2300,2023-10-05,SMW-01,SmartWatch,Light,2,100.0,200.0,Meta,cpc
ORD-2301,2023-10-05,SMW-01,SmartWatch,Light,2,100.0,200.0,Meta,cpc
ORD-2302,2023-10-05,SMW-01,SmartWatch,Light,1,100.0,100.0,Meta,cpc
ORD-2303,2023-10-05,SMW-01,SmartWatch,Light,1,100.0,100.0,Meta,cpc
ORD-2304,2023-10-05,SMW-01,SmartWatch,Light,3,100.0,300.0,Meta,cpc
ORD-2305,2023-10-05,SMW-01,SmartWatch,Light,2,100.0,200.0,Meta,cpc
ORD-2306,2023-10-05,SMW-01,SmartWatch,Light,3,100.0,300.0,Meta,cpc
ORD-2307,2023-10-05,SMW-01,SmartWatch,Light,3,100.0,300.0,Meta,cpc
ORD-2308,2023-10-05,SMW-01,SmartWatch,Light,1,100.0,100.0,Meta,cpc
ORD-2309,2023-10-05,SMW-01,SmartWatch,Light,1,100.0,100.0,Meta,cpc
ORD-2310,2023-10-05,SMW-01,SmartWatch,Light,1,100.0,100.0,Meta,cpc
ORD-2311,2023-10-05,SMW-01,SmartWatch,Light,1,100.0,100.0,Meta,cpc
ORD-2312,2023-10-05,SMW-01,SmartWatch,Light,3,100.0,300.0,Meta,cpc
ORD-2313,2023-10-05,SMW-01,SmartWatch,Light,2,100.0,200.0,Meta,cpc
ORD-2314,2023-10-05,SMW-01,SmartWatch,Light,3,100.0,300.0,Meta,cpc
ORD-2315,2023-10-05,SMW-01,SmartWatch,Light,3,100.0,300.0,Meta,cpc
ORD-2316,2023-10-05,SMW-01,SmartWatch,Light,1,100.0,100.0,Meta,cpc
ORD-2317,2023-10-05,SMW-01,SmartWatch,Light,2,100.0,200.0,Meta,cpc
ORD-2318,2023-10-05,SMW-01,SmartWatch,Light,3,100.0,300.0,Meta,cpc
ORD-2319,2023-10-05,SMW-01,SmartWatch,Light,1,100.0,100.0,Meta,cpc
ORD-2320,2023-10-05,SMW-01,SmartWatch,Light,1,100.0,100.0,Meta,cpc
ORD-2321,2023-10-05,SMW-01,SmartWatch,Light,2,100.0,200.0,Meta,cpc
ORD-2322,2023-10-05,SMW-01,SmartWatch,Light,3,100.0,300.0,Meta,cpc
ORD-2323,2023-10-05,SMW-01,SmartWatch,Light,2,100.0,200.0,Meta,cpc
ORD-2324,2023-10-05,SMW-01,SmartWatch,Light,2,100.0,200.0,Meta,cpc
ORD-2325,2023-10-05,SMW-01,SmartWatch,Light,2,100.0,200.0,Meta,cpc
ORD-2326,2023-10-05,SMW-01,SmartWatch,Light,3,100.0,300.0,Meta,cpc
ORD-2327,2023-10-06,SMW-01,SmartWatch,Light,1,100.0,100.0,Meta,cpc
ORD-2328,2023-10-06,SMW-01,SmartWatch,Light,2,100.0,200.0,Meta,cpc
ORD-2329,2023-10-06,SMW-01,SmartWatch,Light,2,100.0,200.0,Meta,cpc
ORD-2330,2023-10-06,SMW-01,SmartWatch,Light,3,100.0,300.0,Meta,cpc
ORD-2331,2023-10-06,SMW-01,SmartWatch,Light,3,100.0,300.0,Meta,cpc
ORD-2332,2023-10-06,SMW-01,SmartWatch,Light,1,100.0,100.0,Meta,cpc
ORD-2333,2023-10-06,SMW-01,SmartWatch,Light,1,100.0,100.0,Meta,cpc
ORD-2334,2023-10-06,SMW-01,SmartWatch,Light,2,100.0,200.0,Meta,cpc
ORD-2335,2023-10-06,SMW-01,SmartWatch,Light,2,100.0,200.0,Meta,cpc
ORD-2336,2023-10-06,SMW-01,SmartWatch,Light,3,100.0,300.0,Meta,cpc
ORD-2337,2023-10-06,SMW-01,SmartWatch,Light,2,100.0,200.0,Meta,cpc
ORD-2338,2023-10-06,SMW-01,SmartWatch,Light,3,100.0,300.0,Meta,cpc
ORD-2339,2023-10-06,SMW-01,SmartWatch,Light,2,100.0,200.0,Meta,cpc
ORD-2340,2023-10-06,SMW-01,SmartWatch,Light,3,100.0,300.0,Meta,cpc
ORD-2341,2023-10-06,SMW-01,SmartWatch,Light,2,100.0,200.0,Meta,cpc
ORD-2342,2023-10-06,SMW-01,SmartWatch,Light,2,100.0,200.0,Meta,cpc
ORD-2343,2023-10-06,SMW-01,SmartWatch,Light,2,100.0,200.0,Meta,cpc
ORD-2344,2023-10-06,SMW-01,SmartWatch,Light,1,100.0,100.0,Meta,cpc
ORD-2345,2023-10-06,SMW-01,SmartWatch,Light,2,100.0,200.0,Meta,cpc
ORD-2346,2023-10-06,SMW-01,SmartWatch,Light,2,100.0,200.0,Meta,cpc
ORD-2347,2023-10-06,SMW-01,SmartWatch,Light,1,100.0,100.0,Meta,cpc
ORD-2348,2023-10-06,SMW-01,SmartWatch,Light,1,100.0,100.0,Meta,cpc
ORD-2349,2023-10-06,SMW-01,SmartWatch,Light,2,100.0,200.0,Meta,cpc
ORD-2350,2023-10-06,SMW-01,SmartWatch,Light,3,100.0,300.0,Meta,cpc
ORD-2351,2023-10-06,SMW-01,SmartWatch,Light,2,100.0,200.0,Meta,cpc
ORD-2352,2023-10-06,SMW-01,SmartWatch,Light,3,100.0,300.0,Meta,cpc
ORD-2353,2023-10-06,SMW-01,SmartWatch,Light,2,100.0,200.0,Meta,cpc
ORD-2354,2023-10-06,SMW-01,SmartWatch,Light,3,100.0,300.0,Meta,cpc
ORD-2355,2023-10-06,SMW-01,SmartWatch,Light,2,100.0,200.0,Meta,cpc
ORD-2356,2023-10-06,SMW-01,SmartWatch,Light,1,100.0,100.0,Meta,cpc
ORD-2357,2023-10-06,SMW-01,SmartWatch,Light,3,100.0,300.0,Meta,cpc
ORD-2358,2023-10-06,SMW-01,SmartWatch,Light,2,100.0,200.0,Meta,cpc
ORD-2359,2023-10-06,SMW-01,SmartWatch,Light,2,100.0,200.0,Meta,cpc
ORD-2360,2023-10-06,SMW-01,SmartWatch,Light,1,100.0,100.0,Meta,cpc
ORD-2361,2023-10-06,SMW-01,SmartWatch,Light,3,100.0,300.0,Meta,cpc
ORD-2362,2023-10-06,SMW-01,SmartWatch,Light,3,100.0,300.0,Meta,cpc
ORD-2363,2023-10-06,SMW-01,SmartWatch,Light,3,100.0,300.0,Meta,cpc
ORD-2364,2023-10-06,SMW-01,SmartWatch,Light,1,100.0,100.0,Meta,cpc
ORD-2365,2023-10-06,SMW-01,SmartWatch,Light,3,100.0,300.0,Meta,cpc
ORD-2366,2023-10-06,SMW-01,SmartWatch,Light,3,100.0,300.0,Meta,cpc
ORD-2367,2023-10-06,SMW-01,SmartWatch,Light,2,100.0,200.0,Meta,cpc
ORD-2368,2023-10-06,SMW-01,SmartWatch,Light,2,100.0,200.0,Meta,cpc
ORD-2369,2023-10-06,SMW-01,SmartWatch,Light,1,100.0,100.0,Meta,cpc
ORD-2370,2023-10-06,SMW-01,SmartWatch,Light,3,100.0,300.0,Meta,cpc
ORD-2371,2023-10-06,SMW-01,SmartWatch,Light,2,100.0,200.0,Meta,cpc
ORD-2372,2023-10-06,SMW-01,SmartWatch,Light,1,100.0,100.0,Meta,cpc
ORD-2373,2023-10-06,SMW-01,SmartWatch,Light,3,100.0,300.0,Meta,cpc
ORD-2374,2023-10-06,SMW-01,SmartWatch,Light,1,100.0,100.0,Meta,cpc
ORD-2375,2023-10-06,SMW-01,SmartWatch,Light,3,100.0,300.0,Meta,cpc
ORD-2376,2023-10-06,SMW-01,SmartWatch,Light,2,100.0,200.0,Meta,cpc
ORD-2377,2023-10-06,SMW-01,SmartWatch,Light,3,100.0,300.0,Meta,cpc
ORD-2378,2023-10-06,SMW-01,SmartWatch,Light,3,100.0,300.0,Meta,cpc
ORD-2379,2023-10-06,SMW-01,SmartWatch,Light,3,100.0,300.0,Meta,cpc
ORD-2380,2023-10-06,SMW-01,SmartWatch,Light,3,100.0,300.0,Meta,cpc
ORD-2381,2023-10-06,SMW-01,SmartWatch,Light,1,100.0,100.0,Meta,cpc
ORD-2382,2023-10-06,SMW-01,SmartWatch,Light,3,100.0,300.0,Meta,cpc
ORD-2383,2023-10-06,SMW-01,SmartWatch,Light,1,100.0,100.0,Meta,cpc
ORD-2384,2023-10-06,SMW-01,SmartWatch,Light,3,100.0,300.0,Meta,cpc
ORD-2385,2023-10-06,SMW-01,SmartWatch,Light,3,100.0,300.0,Meta,cpc
ORD-2386,2023-10-06,SMW-01,SmartWatch,Light,1,100.0,100.0,Meta,cpc
ORD-2387,2023-10-06,SMW-01,SmartWatch,Light,2,100.0,200.0,Meta,cpc
ORD-2388,2023-10-06,SMW-01,SmartWatch,Light,2,100.0,200.0,Meta,cpc
ORD-2389,2023-10-06,SMW-01,SmartWatch,Light,1,100.0,100.0,Meta,cpc
ORD-2390,2023-10-06,SMW-01,SmartWatch,Light,3,100.0,300.0,Meta,cpc
ORD-2391,2023-10-06,SMW-01,SmartWatch,Light,2,100.0,200.0,Meta,cpc
ORD-2392,2023-10-06,SMW-01,SmartWatch,Light,1,100.0,100.0,Meta,cpc
ORD-2393,2023-10-07,SMW-01,SmartWatch,Light,1,100.0,100.0,Meta,cpc
ORD-2394,2023-10-07,SMW-01,SmartWatch,Light,1,100.0,100.0,Meta,cpc
ORD-2395,2023-10-07,SMW-01,SmartWatch,Light,2,100.0,200.0,Meta,cpc
ORD-2396,2023-10-07,SMW-01,SmartWatch,Light,2,100.0,200.0,Meta,cpc
ORD-2397,2023-10-07,SMW-01,SmartWatch,Light,3,100.0,300.0,Meta,cpc
ORD-2398,2023-10-07,SMW-01,SmartWatch,Light,2,100.0,200.0,Meta,cpc
ORD-2399,2023-10-07,SMW-01,SmartWatch,Light,1,100.0,100.0,Meta,cpc
ORD-2400,2023-10-07,SMW-01,SmartWatch,Light,1,100.0,100.0,Meta,cpc
ORD-2401,2023-10-07,SMW-01,SmartWatch,Light,1,100.0,100.0,Meta,cpc
ORD-2402,2023-10-07,SMW-01,SmartWatch,Light,3,100.0,300.0,Meta,cpc
ORD-2403,2023-10-07,SMW-01,SmartWatch,Light,2,100.0,200.0,Meta,cpc
ORD-2404,2023-10-07,SMW-01,SmartWatch,Light,3,100.0,300.0,Meta,cpc
ORD-2405,2023-10-07,SMW-01,SmartWatch,Light,3,100.0,300.0,Meta,cpc
ORD-2406,2023-10-07,SMW-01,SmartWatch,Light,2,100.0,200.0,Meta,cpc
ORD-2407,2023-10-07,SMW-01,SmartWatch,Light,1,100.0,100.0,Meta,cpc
ORD-2408,2023-10-07,SMW-01,SmartWatch,Light,2,100.0,200.0,Meta,cpc
ORD-2409,2023-10-07,SMW-01,SmartWatch,Light,2,100.0,200.0,Meta,cpc
ORD-2410,2023-10-07,SMW-01,SmartWatch,Light,2,100.0,200.0,Meta,cpc
ORD-2411,2023-10-07,SMW-01,SmartWatch,Light,3,100.0,300.0,Meta,cpc
ORD-2412,2023-10-07,SMW-01,SmartWatch,Light,2,100.0,200.0,Meta,cpc
ORD-2413,2023-10-07,SMW-01,SmartWatch,Light,1,100.0,100.0,Meta,cpc
ORD-2414,2023-10-07,SMW-01,SmartWatch,Light,2,100.0,200.0,Meta,cpc
ORD-2415,2023-10-07,SMW-01,SmartWatch,Light,1,100.0,100.0,Meta,cpc
ORD-2416,2023-10-07,SMW-01,SmartWatch,Light,1,100.0,100.0,Meta,cpc
ORD-2417,2023-10-07,SMW-01,SmartWatch,Light,1,100.0,100.0,Meta,cpc
ORD-2418,2023-10-07,SMW-01,SmartWatch,Light,3,100.0,300.0,Meta,cpc
ORD-2419,2023-10-07,SMW-01,SmartWatch,Light,3,100.0,300.0,Meta,cpc
ORD-2420,2023-10-07,SMW-01,SmartWatch,Light,3,100.0,300.0,Meta,cpc
ORD-2421,2023-10-07,SMW-01,SmartWatch,Light,2,100.0,200.0,Meta,cpc
ORD-2422,2023-10-07,SMW-01,SmartWatch,Light,3,100.0,300.0,Meta,cpc
ORD-2423,2023-10-07,SMW-01,SmartWatch,Light,2,100.0,200.0,Meta,cpc
ORD-2424,2023-10-07,SMW-01,SmartWatch,Light,1,100.0,100.0,Meta,cpc
ORD-2425,2023-10-07,SMW-01,SmartWatch,Light,2,100.0,200.0,Meta,cpc
ORD-2426,2023-10-07,SMW-01,SmartWatch,Light,1,100.0,100.0,Meta,cpc
ORD-2427,2023-10-07,SMW-01,SmartWatch,Light,2,100.0,200.0,Meta,cpc
ORD-2428,2023-10-07,SMW-01,SmartWatch,Light,3,100.0,300.0,Meta,cpc
ORD-2429,2023-10-07,SMW-01,SmartWatch,Light,1,100.0,100.0,Meta,cpc
ORD-2430,2023-10-07,SMW-01,SmartWatch,Light,2,100.0,200.0,Meta,cpc
ORD-2431,2023-10-07,SMW-01,SmartWatch,Light,2,100.0,200.0,Meta,cpc
ORD-2432,2023-10-07,SMW-01,SmartWatch,Light,3,100.0,300.0,Meta,cpc
ORD-2433,2023-10-07,SMW-01,SmartWatch,Light,3,100.0,300.0,Meta,cpc
ORD-2434,2023-10-07,SMW-01,SmartWatch,Light,3,100.0,300.0,Meta,cpc
ORD-2435,2023-10-07,SMW-01,SmartWatch,Light,2,100.0,200.0,Meta,cpc
ORD-2436,2023-10-07,SMW-01,SmartWatch,Light,3,100.0,300.0,Meta,cpc
ORD-2437,2023-10-07,SMW-01,SmartWatch,Light,2,100.0,200.0,Meta,cpc
ORD-2438,2023-10-07,SMW-01,SmartWatch,Light,3,100.0,300.0,Meta,cpc
ORD-2439,2023-10-07,SMW-01,SmartWatch,Light,2,100.0,200.0,Meta,cpc
ORD-2440,2023-10-07,SMW-01,SmartWatch,Light,1,100.0,100.0,Meta,cpc
ORD-2441,2023-10-07,SMW-01,SmartWatch,Light,3,100.0,300.0,Meta,cpc
ORD-2442,2023-10-07,SMW-01,SmartWatch,Light,1,100.0,100.0,Meta,cpc
ORD-2443,2023-10-07,SMW-01,SmartWatch,Light,2,100.0,200.0,Meta,cpc
ORD-2444,2023-10-07,SMW-01,SmartWatch,Light,1,100.0,100.0,Meta,cpc
ORD-2445,2023-10-07,SMW-01,SmartWatch,Light,3,100.0,300.0,Meta,cpc
ORD-2446,2023-10-07,SMW-01,SmartWatch,Light,3,100.0,300.0,Meta,cpc
ORD-2447,2023-10-07,SMW-01,SmartWatch,Light,2,100.0,200.0,Meta,cpc
ORD-2448,2023-10-08,SMW-01,SmartWatch,Light,3,100.0,300.0,Meta,cpc
ORD-2449,2023-10-08,SMW-01,SmartWatch,Light,1,100.0,100.0,Meta,cpc
ORD-2450,2023-10-08,SMW-01,SmartWatch,Light,3,100.0,300.0,Meta,cpc
ORD-2451,2023-10-08,SMW-01,SmartWatch,Light,1,100.0,100.0,Meta,cpc
ORD-2452,2023-10-08,SMW-01,SmartWatch,Light,3,100.0,300.0,Meta,cpc
ORD-2453,2023-10-08,SMW-01,SmartWatch,Light,2,100.0,200.0,Meta,cpc
ORD-2454,2023-10-08,SMW-01,SmartWatch,Light,3,100.0,300.0,Meta,cpc
ORD-2455,2023-10-08,SMW-01,SmartWatch,Light,2,100.0,200.0,Meta,cpc
ORD-2456,2023-10-08,SMW-01,SmartWatch,Light,3,100.0,300.0,Meta,cpc
ORD-2457,2023-10-08,SMW-01,SmartWatch,Light,2,100.0,200.0,Meta,cpc
ORD-2458,2023-10-08,SMW-01,SmartWatch,Light,1,100.0,100.0,Meta,cpc
ORD-2459,2023-10-08,SMW-01,SmartWatch,Light,1,100.0,100.0,Meta,cpc
ORD-2460,2023-10-08,SMW-01,SmartWatch,Light,1,100.0,100.0,Meta,cpc
ORD-2461,2023-10-08,SMW-01,SmartWatch,Light,1,100.0,100.0,Meta,cpc
ORD-2462,2023-10-08,SMW-01,SmartWatch,Light,2,100.0,200.0,Meta,cpc
ORD-2463,2023-10-08,SMW-01,SmartWatch,Light,2,100.0,200.0,Meta,cpc
ORD-2464,2023-10-08,SMW-01,SmartWatch,Light,1,100.0,100.0,Meta,cpc
ORD-2465,2023-10-08,SMW-01,SmartWatch,Light,1,100.0,100.0,Meta,cpc
ORD-2466,2023-10-08,SMW-01,SmartWatch,Light,1,100.0,100.0,Meta,cpc
ORD-2467,2023-10-08,SMW-01,SmartWatch,Light,3,100.0,300.0,Meta,cpc
ORD-2468,2023-10-08,SMW-01,SmartWatch,Light,1,100.0,100.0,Meta,cpc
ORD-2469,2023-10-08,SMW-01,SmartWatch,Light,2,100.0,200.0,Meta,cpc
ORD-2470,2023-10-08,SMW-01,SmartWatch,Light,2,100.0,200.0,Meta,cpc
ORD-2471,2023-10-08,SMW-01,SmartWatch,Light,2,100.0,200.0,Meta,cpc
ORD-2472,2023-10-08,SMW-01,SmartWatch,Light,3,100.0,300.0,Meta,cpc
ORD-2473,2023-10-08,SMW-01,SmartWatch,Light,3,100.0,300.0,Meta,cpc
ORD-2474,2023-10-08,SMW-01,SmartWatch,Light,3,100.0,300.0,Meta,cpc
ORD-2475,2023-10-08,SMW-01,SmartWatch,Light,3,100.0,300.0,Meta,cpc
ORD-2476,2023-10-08,SMW-01,SmartWatch,Light,2,100.0,200.0,Meta,cpc
ORD-2477,2023-10-08,SMW-01,SmartWatch,Light,3,100.0,300.0,Meta,cpc
ORD-2478,2023-10-08,SMW-01,SmartWatch,Light,3,100.0,300.0,Meta,cpc
ORD-2479,2023-10-08,SMW-01,SmartWatch,Light,3,100.0,300.0,Meta,cpc
ORD-2480,2023-10-08,SMW-01,SmartWatch,Light,1,100.0,100.0,Meta,cpc
ORD-2481,2023-10-08,SMW-01,SmartWatch,Light,2,100.0,200.0,Meta,cpc
ORD-2482,2023-10-08,SMW-01,SmartWatch,Light,3,100.0,300.0,Meta,cpc
ORD-2483,2023-10-08,SMW-01,SmartWatch,Light,1,100.0,100.0,Meta,cpc
ORD-2484,2023-10-08,SMW-01,SmartWatch,Light,2,100.0,200.0,Meta,cpc
ORD-2485,2023-10-08,SMW-01,SmartWatch,Light,3,100.0,300.0,Meta,cpc
ORD-2486,2023-10-08,SMW-01,SmartWatch,Light,2,100.0,200.0,Meta,cpc
ORD-2487,2023-10-08,SMW-01,SmartWatch,Light,2,100.0,200.0,Meta,cpc
ORD-2488,2023-10-08,SMW-01,SmartWatch,Light,1,100.0,100.0,Meta,cpc
ORD-2489,2023-10-08,SMW-01,SmartWatch,Light,3,100.0,300.0,Meta,cpc
ORD-2490,2023-10-08,SMW-01,SmartWatch,Light,2,100.0,200.0,Meta,cpc
ORD-2491,2023-10-08,SMW-01,SmartWatch,Light,1,100.0,100.0,Meta,cpc
ORD-2492,2023-10-08,SMW-01,SmartWatch,Light,2,100.0,200.0,Meta,cpc
ORD-2493,2023-10-08,SMW-01,SmartWatch,Light,2,100.0,200.0,Meta,cpc
ORD-2494,2023-10-08,SMW-01,SmartWatch,Light,1,100.0,100.0,Meta,cpc
ORD-2495,2023-10-08,SMW-01,SmartWatch,Light,2,100.0,200.0,Meta,cpc
ORD-2496,2023-10-08,SMW-01,SmartWatch,Light,1,100.0,100.0,Meta,cpc
ORD-2497,2023-10-08,SMW-01,SmartWatch,Light,3,100.0,300.0,Meta,cpc
ORD-2498,2023-10-08,SMW-01,SmartWatch,Light,2,100.0,200.0,Meta,cpc
ORD-2499,2023-10-08,SMW-01,SmartWatch,Light,3,100.0,300.0,Meta,cpc
ORD-2500,2023-10-08,SMW-01,SmartWatch,Light,1,100.0,100.0,Meta,cpc
ORD-2501,2023-10-09,SMW-01,SmartWatch,Light,2,100.0,200.0,Meta,cpc
ORD-2502,2023-10-09,SMW-01,SmartWatch,Light,1,100.0,100.0,Meta,cpc
ORD-2503,2023-10-09,SMW-01,SmartWatch,Light,2,100.0,200.0,Meta,cpc
ORD-2504,2023-10-09,SMW-01,SmartWatch,Light,2,100.0,200.0,Meta,cpc
ORD-2505,2023-10-09,SMW-01,SmartWatch,Light,1,100.0,100.0,Meta,cpc
ORD-2506,2023-10-09,SMW-01,SmartWatch,Light,1,100.0,100.0,Meta,cpc
ORD-2507,2023-10-09,SMW-01,SmartWatch,Light,2,100.0,200.0,Meta,cpc
ORD-2508,2023-10-09,SMW-01,SmartWatch,Light,1,100.0,100.0,Meta,cpc
ORD-2509,2023-10-09,SMW-01,SmartWatch,Light,3,100.0,300.0,Meta,cpc
ORD-2510,2023-10-09,SMW-01,SmartWatch,Light,1,100.0,100.0,Meta,cpc
ORD-2511,2023-10-09,SMW-01,SmartWatch,Light,3,100.0,300.0,Meta,cpc
ORD-2512,2023-10-09,SMW-01,SmartWatch,Light,3,100.0,300.0,Meta,cpc
ORD-2513,2023-10-09,SMW-01,SmartWatch,Light,3,100.0,300.0,Meta,cpc
ORD-2514,2023-10-09,SMW-01,SmartWatch,Light,1,100.0,100.0,Meta,cpc
ORD-2515,2023-10-09,SMW-01,SmartWatch,Light,1,100.0,100.0,Meta,cpc
ORD-2516,2023-10-09,SMW-01,SmartWatch,Light,2,100.0,200.0,Meta,cpc
ORD-2517,2023-10-09,SMW-01,SmartWatch,Light,1,100.0,100.0,Meta,cpc
ORD-2518,2023-10-09,SMW-01,SmartWatch,Light,1,100.0,100.0,Meta,cpc
ORD-2519,2023-10-09,SMW-01,SmartWatch,Light,3,100.0,300.0,Meta,cpc
ORD-2520,2023-10-09,SMW-01,SmartWatch,Light,1,100.0,100.0,Meta,cpc
ORD-2521,2023-10-09,SMW-01,SmartWatch,Light,1,100.0,100.0,Meta,cpc
ORD-2522,2023-10-09,SMW-01,SmartWatch,Light,3,100.0,300.0,Meta,cpc
ORD-2523,2023-10-09,SMW-01,SmartWatch,Light,1,100.0,100.0,Meta,cpc
ORD-2524,2023-10-09,SMW-01,SmartWatch,Light,3,100.0,300.0,Meta,cpc
ORD-2525,2023-10-09,SMW-01,SmartWatch,Light,1,100.0,100.0,Meta,cpc
ORD-2526,2023-10-09,SMW-01,SmartWatch,Light,1,100.0,100.0,Meta,cpc
ORD-2527,2023-10-09,SMW-01,SmartWatch,Light,2,100.0,200.0,Meta,cpc
ORD-2528,2023-10-09,SMW-01,SmartWatch,Light,1,100.0,100.0,Meta,cpc
ORD-2529,2023-10-09,SMW-01,SmartWatch,Light,3,100.0,300.0,Meta,cpc
ORD-2530,2023-10-09,SMW-01,SmartWatch,Light,1,100.0,100.0,Meta,cpc
ORD-2531,2023-10-09,SMW-01,SmartWatch,Light,2,100.0,200.0,Meta,cpc
ORD-2532,2023-10-09,SMW-01,SmartWatch,Light,1,100.0,100.0,Meta,cpc
ORD-2533,2023-10-09,SMW-01,SmartWatch,Light,1,100.0,100.0,Meta,cpc
ORD-2534,2023-10-09,SMW-01,SmartWatch,Light,3,100.0,300.0,Meta,cpc
ORD-2535,2023-10-09,SMW-01,SmartWatch,Light,2,100.0,200.0,Meta,cpc
ORD-2536,2023-10-09,SMW-01,SmartWatch,Light,1,100.0,100.0,Meta,cpc
ORD-2537,2023-10-09,SMW-01,SmartWatch,Light,1,100.0,100.0,Meta,cpc
ORD-2538,2023-10-09,SMW-01,SmartWatch,Light,3,100.0,300.0,Meta,cpc
ORD-2539,2023-10-09,SMW-01,SmartWatch,Light,1,100.0,100.0,Meta,cpc
ORD-2540,2023-10-09,SMW-01,SmartWatch,Light,1,100.0,100.0,Meta,cpc
ORD-2541,2023-10-09,SMW-01,SmartWatch,Light,1,100.0,100.0,Meta,cpc
ORD-2542,2023-10-09,SMW-01,SmartWatch,Light,2,100.0,200.0,Meta,cpc
ORD-2543,2023-10-09,SMW-01,SmartWatch,Light,1,100.0,100.0,Meta,cpc
ORD-2544,2023-10-09,SMW-01,SmartWatch,Light,3,100.0,300.0,Meta,cpc
ORD-2545,2023-10-09,SMW-01,SmartWatch,Light,2,100.0,200.0,Meta,cpc
ORD-2546,2023-10-09,SMW-01,SmartWatch,Light,1,100.0,100.0,Meta,cpc
ORD-2547,2023-10-09,SMW-01,SmartWatch,Light,1,100.0,100.0,Meta,cpc
ORD-2548,2023-10-09,SMW-01,SmartWatch,Light,2,100.0,200.0,Meta,cpc
ORD-2549,2023-10-09,SMW-01,SmartWatch,Light,1,100.0,100.0,Meta,cpc
ORD-2550,2023-10-09,SMW-01,SmartWatch,Light,1,100.0,100.0,Meta,cpc
ORD-2551,2023-10-09,SMW-01,SmartWatch,Light,3,100.0,300.0,Meta,cpc
ORD-2552,2023-10-09,SMW-01,SmartWatch,Light,2,100.0,200.0,Meta,cpc
ORD-2553,2023-10-09,SMW-01,SmartWatch,Light,3,100.0,300.0,Meta,cpc
ORD-2554,2023-10-09,SMW-01,SmartWatch,Light,1,100.0,100.0,Meta,cpc
ORD-2555,2023-10-09,SMW-01,SmartWatch,Light,3,100.0,300.0,Meta,cpc
ORD-2556,2023-10-09,SMW-01,SmartWatch,Light,1,100.0,100.0,Meta,cpc
ORD-2557,2023-10-09,SMW-01,SmartWatch,Light,2,100.0,200.0,Meta,cpc
ORD-2558,2023-10-09,SMW-01,SmartWatch,Light,2,100.0,200.0,Meta,cpc
ORD-2559,2023-10-09,SMW-01,SmartWatch,Light,2,100.0,200.0,Meta,cpc
ORD-2560,2023-10-09,SMW-01,SmartWatch,Light,3,100.0,300.0,Meta,cpc
ORD-2561,2023-10-09,SMW-01,SmartWatch,Light,3,100.0,300.0,Meta,cpc
ORD-2562,2023-10-09,SMW-01,SmartWatch,Light,1,100.0,100.0,Meta,cpc
ORD-2563,2023-10-09,SMW-01,SmartWatch,Light,2,100.0,200.0,Meta,cpc
ORD-2564,2023-10-09,SMW-01,SmartWatch,Light,3,100.0,300.0,Meta,cpc
ORD-2565,2023-10-09,SMW-01,SmartWatch,Light,1,100.0,100.0,Meta,cpc
ORD-2566,2023-10-09,SMW-01,SmartWatch,Light,3,100.0,300.0,Meta,cpc
ORD-2567,2023-10-09,SMW-01,SmartWatch,Light,1,100.0,100.0,Meta,cpc
ORD-2568,2023-10-10,SMW-01,SmartWatch,Light,3,100.0,300.0,Meta,cpc
ORD-2569,2023-10-10,SMW-01,SmartWatch,Light,3,100.0,300.0,Meta,cpc
ORD-2570,2023-10-10,SMW-01,SmartWatch,Light,3,100.0,300.0,Meta,cpc
ORD-2571,2023-10-10,SMW-01,SmartWatch,Light,2,100.0,200.0,Meta,cpc
ORD-2572,2023-10-10,SMW-01,SmartWatch,Light,2,100.0,200.0,Meta,cpc
ORD-2573,2023-10-10,SMW-01,SmartWatch,Light,3,100.0,300.0,Meta,cpc
ORD-2574,2023-10-10,SMW-01,SmartWatch,Light,1,100.0,100.0,Meta,cpc
ORD-2575,2023-10-10,SMW-01,SmartWatch,Light,1,100.0,100.0,Meta,cpc
ORD-2576,2023-10-10,SMW-01,SmartWatch,Light,2,100.0,200.0,Meta,cpc
ORD-2577,2023-10-10,SMW-01,SmartWatch,Light,2,100.0,200.0,Meta,cpc
ORD-2578,2023-10-10,SMW-01,SmartWatch,Light,2,100.0,200.0,Meta,cpc
ORD-2579,2023-10-10,SMW-01,SmartWatch,Light,3,100.0,300.0,Meta,cpc
ORD-2580,2023-10-10,SMW-01,SmartWatch,Light,1,100.0,100.0,Meta,cpc
ORD-2581,2023-10-10,SMW-01,SmartWatch,Light,2,100.0,200.0,Meta,cpc
ORD-2582,2023-10-10,SMW-01,SmartWatch,Light,3,100.0,300.0,Meta,cpc
ORD-2583,2023-10-10,SMW-01,SmartWatch,Light,2,100.0,200.0,Meta,cpc
ORD-2584,2023-10-10,SMW-01,SmartWatch,Light,1,100.0,100.0,Meta,cpc
ORD-2585,2023-10-10,SMW-01,SmartWatch,Light,1,100.0,100.0,Meta,cpc
ORD-2586,2023-10-10,SMW-01,SmartWatch,Light,2,100.0,200.0,Meta,cpc
ORD-2587,2023-10-10,SMW-01,SmartWatch,Light,3,100.0,300.0,Meta,cpc
ORD-2588,2023-10-10,SMW-01,SmartWatch,Light,1,100.0,100.0,Meta,cpc
ORD-2589,2023-10-10,SMW-01,SmartWatch,Light,1,100.0,100.0,Meta,cpc
ORD-2590,2023-10-10,SMW-01,SmartWatch,Light,1,100.0,100.0,Meta,cpc
ORD-2591,2023-10-10,SMW-01,SmartWatch,Light,2,100.0,200.0,Meta,cpc
ORD-2592,2023-10-10,SMW-01,SmartWatch,Light,3,100.0,300.0,Meta,cpc
ORD-2593,2023-10-10,SMW-01,SmartWatch,Light,3,100.0,300.0,Meta,cpc
ORD-2594,2023-10-10,SMW-01,SmartWatch,Light,3,100.0,300.0,Meta,cpc
ORD-2595,2023-10-10,SMW-01,SmartWatch,Light,3,100.0,300.0,Meta,cpc
ORD-2596,2023-10-10,SMW-01,SmartWatch,Light,3,100.0,300.0,Meta,cpc
ORD-2597,2023-10-10,SMW-01,SmartWatch,Light,2,100.0,200.0,Meta,cpc
ORD-2598,2023-10-10,SMW-01,SmartWatch,Light,2,100.0,200.0,Meta,cpc
ORD-2599,2023-10-10,SMW-01,SmartWatch,Light,3,100.0,300.0,Meta,cpc
ORD-2600,2023-10-10,SMW-01,SmartWatch,Light,3,100.0,300.0,Meta,cpc
ORD-2601,2023-10-10,SMW-01,SmartWatch,Light,2,100.0,200.0,Meta,cpc
ORD-2602,2023-10-10,SMW-01,SmartWatch,Light,2,100.0,200.0,Meta,cpc
ORD-2603,2023-10-10,SMW-01,SmartWatch,Light,3,100.0,300.0,Meta,cpc
ORD-2604,2023-10-10,SMW-01,SmartWatch,Light,3,100.0,300.0,Meta,cpc
ORD-2605,2023-10-10,SMW-01,SmartWatch,Light,2,100.0,200.0,Meta,cpc
ORD-2606,2023-10-10,SMW-01,SmartWatch,Light,1,100.0,100.0,Meta,cpc
ORD-2607,2023-10-10,SMW-01,SmartWatch,Light,3,100.0,300.0,Meta,cpc
ORD-2608,2023-10-10,SMW-01,SmartWatch,Light,1,100.0,100.0,Meta,cpc
ORD-2609,2023-10-10,SMW-01,SmartWatch,Light,3,100.0,300.0,Meta,cpc
ORD-2610,2023-10-10,SMW-01,SmartWatch,Light,3,100.0,300.0,Meta,cpc
ORD-2611,2023-10-10,SMW-01,SmartWatch,Light,3,100.0,300.0,Meta,cpc
ORD-2612,2023-10-10,SMW-01,SmartWatch,Light,3,100.0,300.0,Meta,cpc
ORD-2613,2023-10-10,SMW-01,SmartWatch,Light,1,100.0,100.0,Meta,cpc
ORD-2614,2023-10-10,SMW-01,SmartWatch,Light,2,100.0,200.0,Meta,cpc
ORD-2615,2023-10-10,SMW-01,SmartWatch,Light,2,100.0,200.0,Meta,cpc
ORD-2616,2023-10-10,SMW-01,SmartWatch,Light,1,100.0,100.0,Meta,cpc
ORD-2617,2023-10-10,SMW-01,SmartWatch,Light,2,100.0,200.0,Meta,cpc
ORD-2618,2023-10-10,SMW-01,SmartWatch,Light,2,100.0,200.0,Meta,cpc
ORD-2619,2023-10-10,SMW-01,SmartWatch,Light,2,100.0,200.0,Meta,cpc
ORD-2620,2023-10-10,SMW-01,SmartWatch,Light,2,100.0,200.0,Meta,cpc
ORD-2621,2023-10-10,SMW-01,SmartWatch,Light,2,100.0,200.0,Meta,cpc
ORD-2622,2023-10-10,SMW-01,SmartWatch,Light,3,100.0,300.0,Meta,cpc
ORD-2623,2023-10-10,SMW-01,SmartWatch,Light,1,100.0,100.0,Meta,cpc
ORD-2624,2023-10-10,SMW-01,SmartWatch,Light,2,100.0,200.0,Meta,cpc
ORD-2625,2023-10-10,SMW-01,SmartWatch,Light,2,100.0,200.0,Meta,cpc
ORD-2626,2023-10-10,SMW-01,SmartWatch,Light,2,100.0,200.0,Meta,cpc
ORD-2627,2023-10-10,SMW-01,SmartWatch,Light,3,100.0,300.0,Meta,cpc
ORD-2628,2023-10-10,SMW-01,SmartWatch,Light,2,100.0,200.0,Meta,cpc
ORD-2629,2023-10-10,SMW-01,SmartWatch,Light,2,100.0,200.0,Meta,cpc
ORD-2630,2023-10-10,SMW-01,SmartWatch,Light,1,100.0,100.0,Meta,cpc
ORD-2631,2023-10-10,SMW-01,SmartWatch,Light,3,100.0,300.0,Meta,cpc
ORD-2632,2023-10-10,SMW-01,SmartWatch,Light,2,100.0,200.0,Meta,cpc
ORD-2633,2023-10-10,SMW-01,SmartWatch,Light,1,100.0,100.0,Meta,cpc
ORD-2634,2023-10-11,SMW-01,SmartWatch,Light,1,100.0,100.0,Meta,cpc
ORD-2635,2023-10-11,SMW-01,SmartWatch,Light,1,100.0,100.0,Meta,cpc
ORD-2636,2023-10-11,SMW-01,SmartWatch,Light,1,100.0,100.0,Meta,cpc
ORD-2637,2023-10-11,SMW-01,SmartWatch,Light,2,100.0,200.0,Meta,cpc
ORD-2638,2023-10-11,SMW-01,SmartWatch,Light,1,100.0,100.0,Meta,cpc
ORD-2639,2023-10-11,SMW-01,SmartWatch,Light,3,100.0,300.0,Meta,cpc
ORD-2640,2023-10-11,SMW-01,SmartWatch,Light,3,100.0,300.0,Meta,cpc
ORD-2641,2023-10-11,SMW-01,SmartWatch,Light,2,100.0,200.0,Meta,cpc
ORD-2642,2023-10-11,SMW-01,SmartWatch,Light,1,100.0,100.0,Meta,cpc
ORD-2643,2023-10-11,SMW-01,SmartWatch,Light,3,100.0,300.0,Meta,cpc
ORD-2644,2023-10-11,SMW-01,SmartWatch,Light,1,100.0,100.0,Meta,cpc
ORD-2645,2023-10-11,SMW-01,SmartWatch,Light,3,100.0,300.0,Meta,cpc
ORD-2646,2023-10-11,SMW-01,SmartWatch,Light,3,100.0,300.0,Meta,cpc
ORD-2647,2023-10-11,SMW-01,SmartWatch,Light,3,100.0,300.0,Meta,cpc
ORD-2648,2023-10-11,SMW-01,SmartWatch,Light,2,100.0,200.0,Meta,cpc
ORD-2649,2023-10-11,SMW-01,SmartWatch,Light,3,100.0,300.0,Meta,cpc
ORD-2650,2023-10-11,SMW-01,SmartWatch,Light,1,100.0,100.0,Meta,cpc
ORD-2651,2023-10-11,SMW-01,SmartWatch,Light,2,100.0,200.0,Meta,cpc
ORD-2652,2023-10-11,SMW-01,SmartWatch,Light,2,100.0,200.0,Meta,cpc
ORD-2653,2023-10-11,SMW-01,SmartWatch,Light,3,100.0,300.0,Meta,cpc
ORD-2654,2023-10-11,SMW-01,SmartWatch,Light,2,100.0,200.0,Meta,cpc
ORD-2655,2023-10-11,SMW-01,SmartWatch,Light,3,100.0,300.0,Meta,cpc
ORD-2656,2023-10-11,SMW-01,SmartWatch,Light,1,100.0,100.0,Meta,cpc
ORD-2657,2023-10-11,SMW-01,SmartWatch,Light,2,100.0,200.0,Meta,cpc
ORD-2658,2023-10-11,SMW-01,SmartWatch,Light,3,100.0,300.0,Meta,cpc
ORD-2659,2023-10-11,SMW-01,SmartWatch,Light,2,100.0,200.0,Meta,cpc
ORD-2660,2023-10-11,SMW-01,SmartWatch,Light,2,100.0,200.0,Meta,cpc
ORD-2661,2023-10-11,SMW-01,SmartWatch,Light,1,100.0,100.0,Meta,cpc
ORD-2662,2023-10-11,SMW-01,SmartWatch,Light,3,100.0,300.0,Meta,cpc
ORD-2663,2023-10-11,SMW-01,SmartWatch,Light,3,100.0,300.0,Meta,cpc
ORD-2664,2023-10-11,SMW-01,SmartWatch,Light,1,100.0,100.0,Meta,cpc
ORD-2665,2023-10-11,SMW-01,SmartWatch,Light,1,100.0,100.0,Meta,cpc
ORD-2666,2023-10-11,SMW-01,SmartWatch,Light,3,100.0,300.0,Meta,cpc
ORD-2667,2023-10-11,SMW-01,SmartWatch,Light,2,100.0,200.0,Meta,cpc
ORD-2668,2023-10-11,SMW-01,SmartWatch,Light,1,100.0,100.0,Meta,cpc
ORD-2669,2023-10-11,SMW-01,SmartWatch,Light,1,100.0,100.0,Meta,cpc
ORD-2670,2023-10-11,SMW-01,SmartWatch,Light,2,100.0,200.0,Meta,cpc
ORD-2671,2023-10-11,SMW-01,SmartWatch,Light,3,100.0,300.0,Meta,cpc
ORD-2672,2023-10-11,SMW-01,SmartWatch,Light,2,100.0,200.0,Meta,cpc
ORD-2673,2023-10-11,SMW-01,SmartWatch,Light,1,100.0,100.0,Meta,cpc
ORD-2674,2023-10-11,SMW-01,SmartWatch,Light,2,100.0,200.0,Meta,cpc
ORD-2675,2023-10-11,SMW-01,SmartWatch,Light,3,100.0,300.0,Meta,cpc
ORD-2676,2023-10-11,SMW-01,SmartWatch,Light,1,100.0,100.0,Meta,cpc
ORD-2677,2023-10-11,SMW-01,SmartWatch,Light,2,100.0,200.0,Meta,cpc
ORD-2678,2023-10-11,SMW-01,SmartWatch,Light,3,100.0,300.0,Meta,cpc
ORD-2679,2023-10-11,SMW-01,SmartWatch,Light,3,100.0,300.0,Meta,cpc
ORD-2680,2023-10-11,SMW-01,SmartWatch,Light,3,100.0,300.0,Meta,cpc
ORD-2681,2023-10-11,SMW-01,SmartWatch,Light,3,100.0,300.0,Meta,cpc
ORD-2682,2023-10-11,SMW-01,SmartWatch,Light,3,100.0,300.0,Meta,cpc
ORD-2683,2023-10-11,SMW-01,SmartWatch,Light,3,100.0,300.0,Meta,cpc
ORD-2684,2023-10-11,SMW-01,SmartWatch,Light,1,100.0,100.0,Meta,cpc
ORD-2685,2023-10-11,SMW-01,SmartWatch,Light,3,100.0,300.0,Meta,cpc
ORD-2686,2023-10-11,SMW-01,SmartWatch,Light,3,100.0,300.0,Meta,cpc
ORD-2687,2023-10-11,SMW-01,SmartWatch,Light,2,100.0,200.0,Meta,cpc
ORD-2688,2023-10-12,SMW-01,SmartWatch,Light,2,100.0,200.0,Meta,cpc
ORD-2689,2023-10-12,SMW-01,SmartWatch,Light,1,100.0,100.0,Meta,cpc
ORD-2690,2023-10-12,SMW-01,SmartWatch,Light,1,100.0,100.0,Meta,cpc
ORD-2691,2023-10-12,SMW-01,SmartWatch,Light,2,100.0,200.0,Meta,cpc
ORD-2692,2023-10-12,SMW-01,SmartWatch,Light,3,100.0,300.0,Meta,cpc
ORD-2693,2023-10-12,SMW-01,SmartWatch,Light,2,100.0,200.0,Meta,cpc
ORD-2694,2023-10-12,SMW-01,SmartWatch,Light,2,100.0,200.0,Meta,cpc
ORD-2695,2023-10-12,SMW-01,SmartWatch,Light,2,100.0,200.0,Meta,cpc
ORD-2696,2023-10-12,SMW-01,SmartWatch,Light,1,100.0,100.0,Meta,cpc
ORD-2697,2023-10-12,SMW-01,SmartWatch,Light,1,100.0,100.0,Meta,cpc
ORD-2698,2023-10-12,SMW-01,SmartWatch,Light,1,100.0,100.0,Meta,cpc
ORD-2699,2023-10-12,SMW-01,SmartWatch,Light,3,100.0,300.0,Meta,cpc
ORD-2700,2023-10-12,SMW-01,SmartWatch,Light,3,100.0,300.0,Meta,cpc
ORD-2701,2023-10-12,SMW-01,SmartWatch,Light,2,100.0,200.0,Meta,cpc
ORD-2702,2023-10-12,SMW-01,SmartWatch,Light,1,100.0,100.0,Meta,cpc
ORD-2703,2023-10-12,SMW-01,SmartWatch,Light,1,100.0,100.0,Meta,cpc
ORD-2704,2023-10-12,SMW-01,SmartWatch,Light,3,100.0,300.0,Meta,cpc
ORD-2705,2023-10-12,SMW-01,SmartWatch,Light,3,100.0,300.0,Meta,cpc
ORD-2706,2023-10-12,SMW-01,SmartWatch,Light,1,100.0,100.0,Meta,cpc
ORD-2707,2023-10-12,SMW-01,SmartWatch,Light,1,100.0,100.0,Meta,cpc
ORD-2708,2023-10-12,SMW-01,SmartWatch,Light,3,100.0,300.0,Meta,cpc
ORD-2709,2023-10-12,SMW-01,SmartWatch,Light,3,100.0,300.0,Meta,cpc
ORD-2710,2023-10-12,SMW-01,SmartWatch,Light,1,100.0,100.0,Meta,cpc
ORD-2711,2023-10-12,SMW-01,SmartWatch,Light,2,100.0,200.0,Meta,cpc
ORD-2712,2023-10-12,SMW-01,SmartWatch,Light,2,100.0,200.0,Meta,cpc
ORD-2713,2023-10-12,SMW-01,SmartWatch,Light,2,100.0,200.0,Meta,cpc
ORD-2714,2023-10-12,SMW-01,SmartWatch,Light,2,100.0,200.0,Meta,cpc
ORD-2715,2023-10-12,SMW-01,SmartWatch,Light,1,100.0,100.0,Meta,cpc
ORD-2716,2023-10-12,SMW-01,SmartWatch,Light,2,100.0,200.0,Meta,cpc
ORD-2717,2023-10-12,SMW-01,SmartWatch,Light,2,100.0,200.0,Meta,cpc
ORD-2718,2023-10-12,SMW-01,SmartWatch,Light,3,100.0,300.0,Meta,cpc
ORD-2719,2023-10-12,SMW-01,SmartWatch,Light,2,100.0,200.0,Meta,cpc
ORD-2720,2023-10-12,SMW-01,SmartWatch,Light,3,100.0,300.0,Meta,cpc
ORD-2721,2023-10-12,SMW-01,SmartWatch,Light,3,100.0,300.0,Meta,cpc
ORD-2722,2023-10-12,SMW-01,SmartWatch,Light,1,100.0,100.0,Meta,cpc
ORD-2723,2023-10-12,SMW-01,SmartWatch,Light,1,100.0,100.0,Meta,cpc
ORD-2724,2023-10-12,SMW-01,SmartWatch,Light,1,100.0,100.0,Meta,cpc
ORD-2725,2023-10-12,SMW-01,SmartWatch,Light,1,100.0,100.0,Meta,cpc
ORD-2726,2023-10-12,SMW-01,SmartWatch,Light,3,100.0,300.0,Meta,cpc
ORD-2727,2023-10-12,SMW-01,SmartWatch,Light,1,100.0,100.0,Meta,cpc
ORD-2728,2023-10-12,SMW-01,SmartWatch,Light,3,100.0,300.0,Meta,cpc
ORD-2729,2023-10-12,SMW-01,SmartWatch,Light,1,100.0,100.0,Meta,cpc
ORD-2730,2023-10-12,SMW-01,SmartWatch,Light,2,100.0,200.0,Meta,cpc
ORD-2731,2023-10-12,SMW-01,SmartWatch,Light,2,100.0,200.0,Meta,cpc
ORD-2732,2023-10-12,SMW-01,SmartWatch,Light,3,100.0,300.0,Meta,cpc
ORD-2733,2023-10-12,SMW-01,SmartWatch,Light,2,100.0,200.0,Meta,cpc
ORD-2734,2023-10-12,SMW-01,SmartWatch,Light,2,100.0,200.0,Meta,cpc
ORD-2735,2023-10-12,SMW-01,SmartWatch,Light,3,100.0,300.0,Meta,cpc
ORD-2736,2023-10-12,SMW-01,SmartWatch,Light,2,100.0,200.0,Meta,cpc
ORD-2737,2023-10-12,SMW-01,SmartWatch,Light,2,100.0,200.0,Meta,cpc
ORD-2738,2023-10-12,SMW-01,SmartWatch,Light,2,100.0,200.0,Meta,cpc
ORD-2739,2023-10-12,SMW-01,SmartWatch,Light,1,100.0,100.0,Meta,cpc
ORD-2740,2023-10-12,SMW-01,SmartWatch,Light,3,100.0,300.0,Meta,cpc
ORD-2741,2023-10-12,SMW-01,SmartWatch,Light,1,100.0,100.0,Meta,cpc
ORD-2742,2023-10-12,SMW-01,SmartWatch,Light,2,100.0,200.0,Meta,cpc
ORD-2743,2023-10-12,SMW-01,SmartWatch,Light,2,100.0,200.0,Meta,cpc
ORD-2744,2023-10-12,SMW-01,SmartWatch,Light,1,100.0,100.0,Meta,cpc
ORD-2745,2023-10-12,SMW-01,SmartWatch,Light,2,100.0,200.0,Meta,cpc
ORD-2746,2023-10-12,SMW-01,SmartWatch,Light,3,100.0,300.0,Meta,cpc
ORD-2747,2023-10-12,SMW-01,SmartWatch,Light,3,100.0,300.0,Meta,cpc
ORD-2748,2023-10-12,SMW-01,SmartWatch,Light,3,100.0,300.0,Meta,cpc
ORD-2749,2023-10-12,SMW-01,SmartWatch,Light,2,100.0,200.0,Meta,cpc
ORD-2750,2023-10-12,SMW-01,SmartWatch,Light,3,100.0,300.0,Meta,cpc
ORD-2751,2023-10-12,SMW-01,SmartWatch,Light,3,100.0,300.0,Meta,cpc
ORD-2752,2023-10-12,SMW-01,SmartWatch,Light,2,100.0,200.0,Meta,cpc
ORD-2753,2023-10-12,SMW-01,SmartWatch,Light,1,100.0,100.0,Meta,cpc
ORD-2754,2023-10-12,SMW-01,SmartWatch,Light,1,100.0,100.0,Meta,cpc
ORD-2755,2023-10-12,SMW-01,SmartWatch,Light,2,100.0,200.0,Meta,cpc
ORD-2756,2023-10-12,SMW-01,SmartWatch,Light,3,100.0,300.0,Meta,cpc
ORD-2757,2023-10-12,SMW-01,SmartWatch,Light,1,100.0,100.0,Meta,cpc
ORD-2758,2023-10-12,SMW-01,SmartWatch,Light,1,100.0,100.0,Meta,cpc
ORD-2759,2023-10-12,SMW-01,SmartWatch,Light,1,100.0,100.0,Meta,cpc
ORD-2760,2023-10-12,SMW-01,SmartWatch,Light,2,100.0,200.0,Meta,cpc
ORD-2761,2023-10-12,SMW-01,SmartWatch,Light,1,100.0,100.0,Meta,cpc
ORD-2762,2023-10-13,SMW-01,SmartWatch,Light,1,100.0,100.0,Meta,cpc
ORD-2763,2023-10-13,SMW-01,SmartWatch,Light,2,100.0,200.0,Meta,cpc
ORD-2764,2023-10-13,SMW-01,SmartWatch,Light,2,100.0,200.0,Meta,cpc
ORD-2765,2023-10-13,SMW-01,SmartWatch,Light,2,100.0,200.0,Meta,cpc
ORD-2766,2023-10-13,SMW-01,SmartWatch,Light,1,100.0,100.0,Meta,cpc
ORD-2767,2023-10-13,SMW-01,SmartWatch,Light,1,100.0,100.0,Meta,cpc
ORD-2768,2023-10-13,SMW-01,SmartWatch,Light,2,100.0,200.0,Meta,cpc
ORD-2769,2023-10-13,SMW-01,SmartWatch,Light,3,100.0,300.0,Meta,cpc
ORD-2770,2023-10-13,SMW-01,SmartWatch,Light,2,100.0,200.0,Meta,cpc
ORD-2771,2023-10-13,SMW-01,SmartWatch,Light,1,100.0,100.0,Meta,cpc
ORD-2772,2023-10-13,SMW-01,SmartWatch,Light,1,100.0,100.0,Meta,cpc
ORD-2773,2023-10-13,SMW-01,SmartWatch,Light,2,100.0,200.0,Meta,cpc
ORD-2774,2023-10-13,SMW-01,SmartWatch,Light,3,100.0,300.0,Meta,cpc
ORD-2775,2023-10-13,SMW-01,SmartWatch,Light,3,100.0,300.0,Meta,cpc
ORD-2776,2023-10-13,SMW-01,SmartWatch,Light,1,100.0,100.0,Meta,cpc
ORD-2777,2023-10-13,SMW-01,SmartWatch,Light,3,100.0,300.0,Meta,cpc
ORD-2778,2023-10-13,SMW-01,SmartWatch,Light,3,100.0,300.0,Meta,cpc
ORD-2779,2023-10-13,SMW-01,SmartWatch,Light,3,100.0,300.0,Meta,cpc
ORD-2780,2023-10-13,SMW-01,SmartWatch,Light,2,100.0,200.0,Meta,cpc
ORD-2781,2023-10-13,SMW-01,SmartWatch,Light,1,100.0,100.0,Meta,cpc
ORD-2782,2023-10-13,SMW-01,SmartWatch,Light,2,100.0,200.0,Meta,cpc
ORD-2783,2023-10-13,SMW-01,SmartWatch,Light,3,100.0,300.0,Meta,cpc
ORD-2784,2023-10-13,SMW-01,SmartWatch,Light,1,100.0,100.0,Meta,cpc
ORD-2785,2023-10-13,SMW-01,SmartWatch,Light,2,100.0,200.0,Meta,cpc
ORD-2786,2023-10-13,SMW-01,SmartWatch,Light,1,100.0,100.0,Meta,cpc
ORD-2787,2023-10-13,SMW-01,SmartWatch,Light,2,100.0,200.0,Meta,cpc
ORD-2788,2023-10-13,SMW-01,SmartWatch,Light,1,100.0,100.0,Meta,cpc
ORD-2789,2023-10-13,SMW-01,SmartWatch,Light,2,100.0,200.0,Meta,cpc
ORD-2790,2023-10-13,SMW-01,SmartWatch,Light,3,100.0,300.0,Meta,cpc
ORD-2791,2023-10-13,SMW-01,SmartWatch,Light,2,100.0,200.0,Meta,cpc
ORD-2792,2023-10-13,SMW-01,SmartWatch,Light,3,100.0,300.0,Meta,cpc
ORD-2793,2023-10-13,SMW-01,SmartWatch,Light,2,100.0,200.0,Meta,cpc
ORD-2794,2023-10-13,SMW-01,SmartWatch,Light,3,100.0,300.0,Meta,cpc
ORD-2795,2023-10-13,SMW-01,SmartWatch,Light,3,100.0,300.0,Meta,cpc
ORD-2796,2023-10-13,SMW-01,SmartWatch,Light,2,100.0,200.0,Meta,cpc
ORD-2797,2023-10-13,SMW-01,SmartWatch,Light,2,100.0,200.0,Meta,cpc
ORD-2798,2023-10-13,SMW-01,SmartWatch,Light,1,100.0,100.0,Meta,cpc
ORD-2799,2023-10-13,SMW-01,SmartWatch,Light,2,100.0,200.0,Meta,cpc
ORD-2800,2023-10-13,SMW-01,SmartWatch,Light,1,100.0,100.0,Meta,cpc
ORD-2801,2023-10-13,SMW-01,SmartWatch,Light,2,100.0,200.0,Meta,cpc
ORD-2802,2023-10-13,SMW-01,SmartWatch,Light,1,100.0,100.0,Meta,cpc
ORD-2803,2023-10-13,SMW-01,SmartWatch,Light,3,100.0,300.0,Meta,cpc
ORD-2804,2023-10-13,SMW-01,SmartWatch,Light,2,100.0,200.0,Meta,cpc
ORD-2805,2023-10-13,SMW-01,SmartWatch,Light,3,100.0,300.0,Meta,cpc
ORD-2806,2023-10-13,SMW-01,SmartWatch,Light,2,100.0,200.0,Meta,cpc
ORD-2807,2023-10-13,SMW-01,SmartWatch,Light,1,100.0,100.0,Meta,cpc
ORD-2808,2023-10-13,SMW-01,SmartWatch,Light,2,100.0,200.0,Meta,cpc
ORD-2809,2023-10-13,SMW-01,SmartWatch,Light,1,100.0,100.0,Meta,cpc
ORD-2810,2023-10-13,SMW-01,SmartWatch,Light,1,100.0,100.0,Meta,cpc
ORD-2811,2023-10-13,SMW-01,SmartWatch,Light,2,100.0,200.0,Meta,cpc
ORD-2812,2023-10-13,SMW-01,SmartWatch,Light,3,100.0,300.0,Meta,cpc
ORD-2813,2023-10-13,SMW-01,SmartWatch,Light,2,100.0,200.0,Meta,cpc
ORD-2814,2023-10-13,SMW-01,SmartWatch,Light,3,100.0,300.0,Meta,cpc
ORD-2815,2023-10-13,SMW-01,SmartWatch,Light,1,100.0,100.0,Meta,cpc
ORD-2816,2023-10-13,SMW-01,SmartWatch,Light,2,100.0,200.0,Meta,cpc
ORD-2817,2023-10-13,SMW-01,SmartWatch,Light,2,100.0,200.0,Meta,cpc
ORD-2818,2023-10-13,SMW-01,SmartWatch,Light,3,100.0,300.0,Meta,cpc
ORD-2819,2023-10-13,SMW-01,SmartWatch,Light,2,100.0,200.0,Meta,cpc
ORD-2820,2023-10-13,SMW-01,SmartWatch,Light,1,100.0,100.0,Meta,cpc
ORD-2821,2023-10-13,SMW-01,SmartWatch,Light,2,100.0,200.0,Meta,cpc
ORD-2822,2023-10-13,SMW-01,SmartWatch,Light,1,100.0,100.0,Meta,cpc
ORD-2823,2023-10-13,SMW-01,SmartWatch,Light,1,100.0,100.0,Meta,cpc
ORD-2824,2023-10-13,SMW-01,SmartWatch,Light,3,100.0,300.0,Meta,cpc
ORD-2825,2023-10-13,SMW-01,SmartWatch,Light,3,100.0,300.0,Meta,cpc
ORD-2826,2023-10-13,SMW-01,SmartWatch,Light,1,100.0,100.0,Meta,cpc
ORD-2827,2023-10-13,SMW-01,SmartWatch,Light,2,100.0,200.0,Meta,cpc
ORD-2828,2023-10-14,SMW-01,SmartWatch,Light,3,100.0,300.0,Meta,cpc
ORD-2829,2023-10-14,SMW-01,SmartWatch,Light,1,100.0,100.0,Meta,cpc
ORD-2830,2023-10-14,SMW-01,SmartWatch,Light,2,100.0,200.0,Meta,cpc
ORD-2831,2023-10-14,SMW-01,SmartWatch,Light,2,100.0,200.0,Meta,cpc
ORD-2832,2023-10-14,SMW-01,SmartWatch,Light,3,100.0,300.0,Meta,cpc
ORD-2833,2023-10-14,SMW-01,SmartWatch,Light,3,100.0,300.0,Meta,cpc
ORD-2834,2023-10-14,SMW-01,SmartWatch,Light,1,100.0,100.0,Meta,cpc
ORD-2835,2023-10-14,SMW-01,SmartWatch,Light,1,100.0,100.0,Meta,cpc
ORD-2836,2023-10-14,SMW-01,SmartWatch,Light,1,100.0,100.0,Meta,cpc
ORD-2837,2023-10-14,SMW-01,SmartWatch,Light,1,100.0,100.0,Meta,cpc
ORD-2838,2023-10-14,SMW-01,SmartWatch,Light,2,100.0,200.0,Meta,cpc
ORD-2839,2023-10-14,SMW-01,SmartWatch,Light,1,100.0,100.0,Meta,cpc
ORD-2840,2023-10-14,SMW-01,SmartWatch,Light,1,100.0,100.0,Meta,cpc
ORD-2841,2023-10-14,SMW-01,SmartWatch,Light,3,100.0,300.0,Meta,cpc
ORD-2842,2023-10-14,SMW-01,SmartWatch,Light,1,100.0,100.0,Meta,cpc
ORD-2843,2023-10-14,SMW-01,SmartWatch,Light,3,100.0,300.0,Meta,cpc
ORD-2844,2023-10-14,SMW-01,SmartWatch,Light,1,100.0,100.0,Meta,cpc
ORD-2845,2023-10-14,SMW-01,SmartWatch,Light,1,100.0,100.0,Meta,cpc
ORD-2846,2023-10-14,SMW-01,SmartWatch,Light,3,100.0,300.0,Meta,cpc
ORD-2847,2023-10-14,SMW-01,SmartWatch,Light,2,100.0,200.0,Meta,cpc
ORD-2848,2023-10-14,SMW-01,SmartWatch,Light,2,100.0,200.0,Meta,cpc
ORD-2849,2023-10-14,SMW-01,SmartWatch,Light,3,100.0,300.0,Meta,cpc
ORD-2850,2023-10-14,SMW-01,SmartWatch,Light,3,100.0,300.0,Meta,cpc
ORD-2851,2023-10-14,SMW-01,SmartWatch,Light,2,100.0,200.0,Meta,cpc
ORD-2852,2023-10-14,SMW-01,SmartWatch,Light,3,100.0,300.0,Meta,cpc
ORD-2853,2023-10-14,SMW-01,SmartWatch,Light,3,100.0,300.0,Meta,cpc
ORD-2854,2023-10-14,SMW-01,SmartWatch,Light,3,100.0,300.0,Meta,cpc
ORD-2855,2023-10-14,SMW-01,SmartWatch,Light,3,100.0,300.0,Meta,cpc
ORD-2856,2023-10-14,SMW-01,SmartWatch,Light,3,100.0,300.0,Meta,cpc
ORD-2857,2023-10-14,SMW-01,SmartWatch,Light,2,100.0,200.0,Meta,cpc
ORD-2858,2023-10-14,SMW-01,SmartWatch,Light,3,100.0,300.0,Meta,cpc
ORD-2859,2023-10-14,SMW-01,SmartWatch,Light,2,100.0,200.0,Meta,cpc
ORD-2860,2023-10-14,SMW-01,SmartWatch,Light,1,100.0,100.0,Meta,cpc
ORD-2861,2023-10-14,SMW-01,SmartWatch,Light,2,100.0,200.0,Meta,cpc
ORD-2862,2023-10-14,SMW-01,SmartWatch,Light,1,100.0,100.0,Meta,cpc
ORD-2863,2023-10-14,SMW-01,SmartWatch,Light,2,100.0,200.0,Meta,cpc
ORD-2864,2023-10-14,SMW-01,SmartWatch,Light,2,100.0,200.0,Meta,cpc
ORD-2865,2023-10-14,SMW-01,SmartWatch,Light,3,100.0,300.0,Meta,cpc
ORD-2866,2023-10-14,SMW-01,SmartWatch,Light,2,100.0,200.0,Meta,cpc
ORD-2867,2023-10-14,SMW-01,SmartWatch,Light,2,100.0,200.0,Meta,cpc
ORD-2868,2023-10-14,SMW-01,SmartWatch,Light,3,100.0,300.0,Meta,cpc
ORD-2869,2023-10-14,SMW-01,SmartWatch,Light,1,100.0,100.0,Meta,cpc
ORD-2870,2023-10-14,SMW-01,SmartWatch,Light,2,100.0,200.0,Meta,cpc
ORD-2871,2023-10-14,SMW-01,SmartWatch,Light,3,100.0,300.0,Meta,cpc
ORD-2872,2023-10-14,SMW-01,SmartWatch,Light,1,100.0,100.0,Meta,cpc
ORD-2873,2023-10-14,SMW-01,SmartWatch,Light,2,100.0,200.0,Meta,cpc
ORD-2874,2023-10-14,SMW-01,SmartWatch,Light,2,100.0,200.0,Meta,cpc
ORD-2875,2023-10-14,SMW-01,SmartWatch,Light,2,100.0,200.0,Meta,cpc
ORD-2876,2023-10-14,SMW-01,SmartWatch,Light,1,100.0,100.0,Meta,cpc
ORD-2877,2023-10-14,SMW-01,SmartWatch,Light,1,100.0,100.0,Meta,cpc
ORD-2878,2023-10-14,SMW-01,SmartWatch,Light,2,100.0,200.0,Meta,cpc
ORD-2879,2023-10-14,SMW-01,SmartWatch,Light,2,100.0,200.0,Meta,cpc
ORD-2880,2023-10-14,SMW-01,SmartWatch,Light,1,100.0,100.0,Meta,cpc
ORD-2881,2023-10-14,SMW-01,SmartWatch,Light,3,100.0,300.0,Meta,cpc
ORD-2882,2023-10-14,SMW-01,SmartWatch,Light,1,100.0,100.0,Meta,cpc
ORD-2883,2023-10-14,SMW-01,SmartWatch,Light,3,100.0,300.0,Meta,cpc
ORD-2884,2023-10-14,SMW-01,SmartWatch,Light,3,100.0,300.0,Meta,cpc
ORD-2885,2023-10-14,SMW-01,SmartWatch,Light,3,100.0,300.0,Meta,cpc
ORD-2886,2023-10-14,SMW-01,SmartWatch,Light,1,100.0,100.0,Meta,cpc
ORD-2887,2023-10-15,SMW-01,SmartWatch,Light,2,100.0,200.0,Meta,cpc
ORD-2888,2023-10-15,SMW-01,SmartWatch,Light,3,100.0,300.0,Meta,cpc
ORD-2889,2023-10-15,SMW-01,SmartWatch,Light,3,100.0,300.0,Meta,cpc
ORD-2890,2023-10-15,SMW-01,SmartWatch,Light,3,100.0,300.0,Meta,cpc
ORD-2891,2023-10-15,SMW-01,SmartWatch,Light,1,100.0,100.0,Meta,cpc
ORD-2892,2023-10-15,SMW-01,SmartWatch,Light,2,100.0,200.0,Meta,cpc
ORD-2893,2023-10-15,SMW-01,SmartWatch,Light,3,100.0,300.0,Meta,cpc
ORD-2894,2023-10-15,SMW-01,SmartWatch,Light,3,100.0,300.0,Meta,cpc
ORD-2895,2023-10-15,SMW-01,SmartWatch,Light,1,100.0,100.0,Meta,cpc
ORD-2896,2023-10-15,SMW-01,SmartWatch,Light,2,100.0,200.0,Meta,cpc
ORD-2897,2023-10-15,SMW-01,SmartWatch,Light,3,100.0,300.0,Meta,cpc
ORD-2898,2023-10-15,SMW-01,SmartWatch,Light,2,100.0,200.0,Meta,cpc
ORD-2899,2023-10-15,SMW-01,SmartWatch,Light,3,100.0,300.0,Meta,cpc
ORD-2900,2023-10-15,SMW-01,SmartWatch,Light,1,100.0,100.0,Meta,cpc
ORD-2901,2023-10-15,SMW-01,SmartWatch,Light,1,100.0,100.0,Meta,cpc
ORD-2902,2023-10-15,SMW-01,SmartWatch,Light,2,100.0,200.0,Meta,cpc
ORD-2903,2023-10-15,SMW-01,SmartWatch,Light,1,100.0,100.0,Meta,cpc
ORD-2904,2023-10-15,SMW-01,SmartWatch,Light,2,100.0,200.0,Meta,cpc
ORD-2905,2023-10-15,SMW-01,SmartWatch,Light,3,100.0,300.0,Meta,cpc
ORD-2906,2023-10-15,SMW-01,SmartWatch,Light,1,100.0,100.0,Meta,cpc
ORD-2907,2023-10-15,SMW-01,SmartWatch,Light,3,100.0,300.0,Meta,cpc
ORD-2908,2023-10-15,SMW-01,SmartWatch,Light,3,100.0,300.0,Meta,cpc
ORD-2909,2023-10-15,SMW-01,SmartWatch,Light,1,100.0,100.0,Meta,cpc
ORD-2910,2023-10-15,SMW-01,SmartWatch,Light,1,100.0,100.0,Meta,cpc
ORD-2911,2023-10-15,SMW-01,SmartWatch,Light,1,100.0,100.0,Meta,cpc
ORD-2912,2023-10-15,SMW-01,SmartWatch,Light,3,100.0,300.0,Meta,cpc
ORD-2913,2023-10-15,SMW-01,SmartWatch,Light,2,100.0,200.0,Meta,cpc
ORD-2914,2023-10-15,SMW-01,SmartWatch,Light,2,100.0,200.0,Meta,cpc
ORD-2915,2023-10-15,SMW-01,SmartWatch,Light,3,100.0,300.0,Meta,cpc
ORD-2916,2023-10-15,SMW-01,SmartWatch,Light,3,100.0,300.0,Meta,cpc
ORD-2917,2023-10-15,SMW-01,SmartWatch,Light,3,100.0,300.0,Meta,cpc
ORD-2918,2023-10-15,SMW-01,SmartWatch,Light,1,100.0,100.0,Meta,cpc
ORD-2919,2023-10-15,SMW-01,SmartWatch,Light,2,100.0,200.0,Meta,cpc
ORD-2920,2023-10-15,SMW-01,SmartWatch,Light,2,100.0,200.0,Meta,cpc
ORD-2921,2023-10-15,SMW-01,SmartWatch,Light,2,100.0,200.0,Meta,cpc
ORD-2922,2023-10-15,SMW-01,SmartWatch,Light,2,100.0,200.0,Meta,cpc
ORD-2923,2023-10-15,SMW-01,SmartWatch,Light,2,100.0,200.0,Meta,cpc
ORD-2924,2023-10-15,SMW-01,SmartWatch,Light,2,100.0,200.0,Meta,cpc
ORD-2925,2023-10-15,SMW-01,SmartWatch,Light,3,100.0,300.0,Meta,cpc
ORD-2926,2023-10-15,SMW-01,SmartWatch,Light,3,100.0,300.0,Meta,cpc
ORD-2927,2023-10-15,SMW-01,SmartWatch,Light,1,100.0,100.0,Meta,cpc
ORD-2928,2023-10-15,SMW-01,SmartWatch,Light,3,100.0,300.0,Meta,cpc
ORD-2929,2023-10-15,SMW-01,SmartWatch,Light,3,100.0,300.0,Meta,cpc
ORD-2930,2023-10-15,SMW-01,SmartWatch,Light,2,100.0,200.0,Meta,cpc
ORD-2931,2023-10-15,SMW-01,SmartWatch,Light,1,100.0,100.0,Meta,cpc
ORD-2932,2023-10-15,SMW-01,SmartWatch,Light,2,100.0,200.0,Meta,cpc
ORD-2933,2023-10-15,SMW-01,SmartWatch,Light,1,100.0,100.0,Meta,cpc
ORD-2934,2023-10-15,SMW-01,SmartWatch,Light,3,100.0,300.0,Meta,cpc
ORD-2935,2023-10-15,SMW-01,SmartWatch,Light,3,100.0,300.0,Meta,cpc
ORD-2936,2023-10-15,SMW-01,SmartWatch,Light,2,100.0,200.0,Meta,cpc
ORD-2937,2023-10-15,SMW-01,SmartWatch,Light,2,100.0,200.0,Meta,cpc
ORD-2938,2023-10-15,SMW-01,SmartWatch,Light,2,100.0,200.0,Meta,cpc
ORD-2939,2023-10-15,SMW-01,SmartWatch,Light,3,100.0,300.0,Meta,cpc
ORD-2940,2023-10-15,SMW-01,SmartWatch,Light,3,100.0,300.0,Meta,cpc
ORD-2941,2023-10-15,SMW-01,SmartWatch,Light,3,100.0,300.0,Meta,cpc
ORD-2942,2023-10-15,SMW-01,SmartWatch,Light,1,100.0,100.0,Meta,cpc
ORD-2943,2023-10-15,SMW-01,SmartWatch,Light,2,100.0,200.0,Meta,cpc
ORD-2944,2023-10-15,SMW-01,SmartWatch,Light,1,100.0,100.0,Meta,cpc
ORD-2945,2023-10-15,SMW-01,SmartWatch,Light,3,100.0,300.0,Meta,cpc
ORD-2946,2023-10-15,SMW-01,SmartWatch,Light,3,100.0,300.0,Meta,cpc
ORD-2947,2023-10-15,SMW-01,SmartWatch,Light,1,100.0,100.0,Meta,cpc
ORD-2948,2023-10-15,SMW-01,SmartWatch,Light,2,100.0,200.0,Meta,cpc
ORD-2949,2023-10-16,SMW-01,SmartWatch,Light,2,100.0,200.0,Meta,cpc
ORD-2950,2023-10-16,SMW-01,SmartWatch,Light,3,100.0,300.0,Meta,cpc
ORD-2951,2023-10-16,SMW-01,SmartWatch,Light,3,100.0,300.0,Meta,cpc
ORD-2952,2023-10-16,SMW-01,SmartWatch,Light,3,100.0,300.0,Meta,cpc
ORD-2953,2023-10-16,SMW-01,SmartWatch,Light,2,100.0,200.0,Meta,cpc
ORD-2954,2023-10-16,SMW-01,SmartWatch,Light,1,100.0,100.0,Meta,cpc
ORD-2955,2023-10-16,SMW-01,SmartWatch,Light,3,100.0,300.0,Meta,cpc
ORD-2956,2023-10-16,SMW-01,SmartWatch,Light,3,100.0,300.0,Meta,cpc
ORD-2957,2023-10-16,SMW-01,SmartWatch,Light,1,100.0,100.0,Meta,cpc
ORD-2958,2023-10-16,SMW-01,SmartWatch,Light,2,100.0,200.0,Meta,cpc
ORD-2959,2023-10-16,SMW-01,SmartWatch,Light,3,100.0,300.0,Meta,cpc
ORD-2960,2023-10-16,SMW-01,SmartWatch,Light,2,100.0,200.0,Meta,cpc
ORD-2961,2023-10-16,SMW-01,SmartWatch,Light,3,100.0,300.0,Meta,cpc
ORD-2962,2023-10-16,SMW-01,SmartWatch,Light,2,100.0,200.0,Meta,cpc
ORD-2963,2023-10-16,SMW-01,SmartWatch,Light,1,100.0,100.0,Meta,cpc
ORD-2964,2023-10-16,SMW-01,SmartWatch,Light,3,100.0,300.0,Meta,cpc
ORD-2965,2023-10-16,SMW-01,SmartWatch,Light,3,100.0,300.0,Meta,cpc
ORD-2966,2023-10-16,SMW-01,SmartWatch,Light,3,100.0,300.0,Meta,cpc
ORD-2967,2023-10-16,SMW-01,SmartWatch,Light,3,100.0,300.0,Meta,cpc
ORD-2968,2023-10-16,SMW-01,SmartWatch,Light,3,100.0,300.0,Meta,cpc
ORD-2969,2023-10-16,SMW-01,SmartWatch,Light,1,100.0,100.0,Meta,cpc
ORD-2970,2023-10-16,SMW-01,SmartWatch,Light,3,100.0,300.0,Meta,cpc
ORD-2971,2023-10-16,SMW-01,SmartWatch,Light,3,100.0,300.0,Meta,cpc
ORD-2972,2023-10-16,SMW-01,SmartWatch,Light,2,100.0,200.0,Meta,cpc
ORD-2973,2023-10-16,SMW-01,SmartWatch,Light,3,100.0,300.0,Meta,cpc
ORD-2974,2023-10-16,SMW-01,SmartWatch,Light,2,100.0,200.0,Meta,cpc
ORD-2975,2023-10-16,SMW-01,SmartWatch,Light,1,100.0,100.0,Meta,cpc
ORD-2976,2023-10-16,SMW-01,SmartWatch,Light,2,100.0,200.0,Meta,cpc
ORD-2977,2023-10-16,SMW-01,SmartWatch,Light,2,100.0,200.0,Meta,cpc
ORD-2978,2023-10-16,SMW-01,SmartWatch,Light,1,100.0,100.0,Meta,cpc
ORD-2979,2023-10-16,SMW-01,SmartWatch,Light,1,100.0,100.0,Meta,cpc
ORD-2980,2023-10-16,SMW-01,SmartWatch,Light,2,100.0,200.0,Meta,cpc
ORD-2981,2023-10-16,SMW-01,SmartWatch,Light,2,100.0,200.0,Meta,cpc
ORD-2982,2023-10-16,SMW-01,SmartWatch,Light,1,100.0,100.0,Meta,cpc
ORD-2983,2023-10-16,SMW-01,SmartWatch,Light,1,100.0,100.0,Meta,cpc
ORD-2984,2023-10-16,SMW-01,SmartWatch,Light,1,100.0,100.0,Meta,cpc
ORD-2985,2023-10-16,SMW-01,SmartWatch,Light,1,100.0,100.0,Meta,cpc
ORD-2986,2023-10-16,SMW-01,SmartWatch,Light,1,100.0,100.0,Meta,cpc
ORD-2987,2023-10-16,SMW-01,SmartWatch,Light,2,100.0,200.0,Meta,cpc
ORD-2988,2023-10-16,SMW-01,SmartWatch,Light,1,100.0,100.0,Meta,cpc
ORD-2989,2023-10-16,SMW-01,SmartWatch,Light,3,100.0,300.0,Meta,cpc
ORD-2990,2023-10-16,SMW-01,SmartWatch,Light,3,100.0,300.0,Meta,cpc
ORD-2991,2023-10-16,SMW-01,SmartWatch,Light,3,100.0,300.0,Meta,cpc
ORD-2992,2023-10-16,SMW-01,SmartWatch,Light,3,100.0,300.0,Meta,cpc
ORD-2993,2023-10-16,SMW-01,SmartWatch,Light,1,100.0,100.0,Meta,cpc
ORD-2994,2023-10-16,SMW-01,SmartWatch,Light,3,100.0,300.0,Meta,cpc
ORD-2995,2023-10-16,SMW-01,SmartWatch,Light,2,100.0,200.0,Meta,cpc
ORD-2996,2023-10-16,SMW-01,SmartWatch,Light,3,100.0,300.0,Meta,cpc
ORD-2997,2023-10-16,SMW-01,SmartWatch,Light,1,100.0,100.0,Meta,cpc
ORD-2998,2023-10-16,SMW-01,SmartWatch,Light,3,100.0,300.0,Meta,cpc
ORD-2999,2023-10-16,SMW-01,SmartWatch,Light,2,100.0,200.0,Meta,cpc
ORD-3000,2023-10-16,SMW-01,SmartWatch,Light,1,100.0,100.0,Meta,cpc
ORD-3001,2023-10-16,SMW-01,SmartWatch,Light,1,100.0,100.0,Meta,cpc
ORD-3002,2023-10-16,SMW-01,SmartWatch,Light,1,100.0,100.0,Meta,cpc
ORD-3003,2023-10-16,SMW-01,SmartWatch,Light,3,100.0,300.0,Meta,cpc
ORD-3004,2023-10-16,SMW-01,SmartWatch,Light,3,100.0,300.0,Meta,cpc
ORD-3005,2023-10-16,SMW-01,SmartWatch,Light,1,100.0,100.0,Meta,cpc
ORD-3006,2023-10-16,SMW-01,SmartWatch,Light,3,100.0,300.0,Meta,cpc
ORD-3007,2023-10-16,SMW-01,SmartWatch,Light,2,100.0,200.0,Meta,cpc
ORD-3008,2023-10-16,SMW-01,SmartWatch,Light,1,100.0,100.0,Meta,cpc
ORD-3009,2023-10-16,SMW-01,SmartWatch,Light,2,100.0,200.0,Meta,cpc
ORD-3010,2023-10-16,SMW-01,SmartWatch,Light,2,100.0,200.0,Meta,cpc
ORD-3011,2023-10-16,SMW-01,SmartWatch,Light,3,100.0,300.0,Meta,cpc
ORD-3012,2023-10-16,SMW-01,SmartWatch,Light,3,100.0,300.0,Meta,cpc
ORD-3013,2023-10-16,SMW-01,SmartWatch,Light,1,100.0,100.0,Meta,cpc
ORD-3014,2023-10-16,SMW-01,SmartWatch,Light,2,100.0,200.0,Meta,cpc
ORD-3015,2023-10-17,SMW-01,SmartWatch,Light,3,100.0,300.0,Meta,cpc
ORD-3016,2023-10-17,SMW-01,SmartWatch,Light,2,100.0,200.0,Meta,cpc
ORD-3017,2023-10-17,SMW-01,SmartWatch,Light,3,100.0,300.0,Meta,cpc
ORD-3018,2023-10-17,SMW-01,SmartWatch,Light,2,100.0,200.0,Meta,cpc
ORD-3019,2023-10-17,SMW-01,SmartWatch,Light,1,100.0,100.0,Meta,cpc
ORD-3020,2023-10-17,SMW-01,SmartWatch,Light,3,100.0,300.0,Meta,cpc
ORD-3021,2023-10-17,SMW-01,SmartWatch,Light,1,100.0,100.0,Meta,cpc
ORD-3022,2023-10-17,SMW-01,SmartWatch,Light,2,100.0,200.0,Meta,cpc
ORD-3023,2023-10-17,SMW-01,SmartWatch,Light,2,100.0,200.0,Meta,cpc
ORD-3024,2023-10-17,SMW-01,SmartWatch,Light,1,100.0,100.0,Meta,cpc
ORD-3025,2023-10-17,SMW-01,SmartWatch,Light,2,100.0,200.0,Meta,cpc
ORD-3026,2023-10-17,SMW-01,SmartWatch,Light,3,100.0,300.0,Meta,cpc
ORD-3027,2023-10-17,SMW-01,SmartWatch,Light,3,100.0,300.0,Meta,cpc
ORD-3028,2023-10-17,SMW-01,SmartWatch,Light,2,100.0,200.0,Meta,cpc
ORD-3029,2023-10-17,SMW-01,SmartWatch,Light,2,100.0,200.0,Meta,cpc
ORD-3030,2023-10-17,SMW-01,SmartWatch,Light,2,100.0,200.0,Meta,cpc
ORD-3031,2023-10-17,SMW-01,SmartWatch,Light,2,100.0,200.0,Meta,cpc
ORD-3032,2023-10-17,SMW-01,SmartWatch,Light,3,100.0,300.0,Meta,cpc
ORD-3033,2023-10-17,SMW-01,SmartWatch,Light,3,100.0,300.0,Meta,cpc
ORD-3034,2023-10-17,SMW-01,SmartWatch,Light,2,100.0,200.0,Meta,cpc
ORD-3035,2023-10-17,SMW-01,SmartWatch,Light,1,100.0,100.0,Meta,cpc
ORD-3036,2023-10-17,SMW-01,SmartWatch,Light,1,100.0,100.0,Meta,cpc
ORD-3037,2023-10-17,SMW-01,SmartWatch,Light,3,100.0,300.0,Meta,cpc
ORD-3038,2023-10-17,SMW-01,SmartWatch,Light,1,100.0,100.0,Meta,cpc
ORD-3039,2023-10-17,SMW-01,SmartWatch,Light,2,100.0,200.0,Meta,cpc
ORD-3040,2023-10-17,SMW-01,SmartWatch,Light,1,100.0,100.0,Meta,cpc
ORD-3041,2023-10-17,SMW-01,SmartWatch,Light,3,100.0,300.0,Meta,cpc
ORD-3042,2023-10-17,SMW-01,SmartWatch,Light,2,100.0,200.0,Meta,cpc
ORD-3043,2023-10-17,SMW-01,SmartWatch,Light,2,100.0,200.0,Meta,cpc
ORD-3044,2023-10-17,SMW-01,SmartWatch,Light,3,100.0,300.0,Meta,cpc
ORD-3045,2023-10-17,SMW-01,SmartWatch,Light,1,100.0,100.0,Meta,cpc
ORD-3046,2023-10-17,SMW-01,SmartWatch,Light,3,100.0,300.0,Meta,cpc
ORD-3047,2023-10-17,SMW-01,SmartWatch,Light,3,100.0,300.0,Meta,cpc
ORD-3048,2023-10-17,SMW-01,SmartWatch,Light,1,100.0,100.0,Meta,cpc
ORD-3049,2023-10-17,SMW-01,SmartWatch,Light,2,100.0,200.0,Meta,cpc
ORD-3050,2023-10-17,SMW-01,SmartWatch,Light,1,100.0,100.0,Meta,cpc
ORD-3051,2023-10-17,SMW-01,SmartWatch,Light,1,100.0,100.0,Meta,cpc
ORD-3052,2023-10-17,SMW-01,SmartWatch,Light,2,100.0,200.0,Meta,cpc
ORD-3053,2023-10-17,SMW-01,SmartWatch,Light,2,100.0,200.0,Meta,cpc
ORD-3054,2023-10-17,SMW-01,SmartWatch,Light,3,100.0,300.0,Meta,cpc
ORD-3055,2023-10-17,SMW-01,SmartWatch,Light,1,100.0,100.0,Meta,cpc
ORD-3056,2023-10-17,SMW-01,SmartWatch,Light,2,100.0,200.0,Meta,cpc
ORD-3057,2023-10-17,SMW-01,SmartWatch,Light,1,100.0,100.0,Meta,cpc
ORD-3058,2023-10-17,SMW-01,SmartWatch,Light,1,100.0,100.0,Meta,cpc
ORD-3059,2023-10-17,SMW-01,SmartWatch,Light,2,100.0,200.0,Meta,cpc
ORD-3060,2023-10-17,SMW-01,SmartWatch,Light,2,100.0,200.0,Meta,cpc
ORD-3061,2023-10-17,SMW-01,SmartWatch,Light,1,100.0,100.0,Meta,cpc
ORD-3062,2023-10-17,SMW-01,SmartWatch,Light,2,100.0,200.0,Meta,cpc
ORD-3063,2023-10-17,SMW-01,SmartWatch,Light,1,100.0,100.0,Meta,cpc
ORD-3064,2023-10-17,SMW-01,SmartWatch,Light,2,100.0,200.0,Meta,cpc
ORD-3065,2023-10-17,SMW-01,SmartWatch,Light,3,100.0,300.0,Meta,cpc
ORD-3066,2023-10-17,SMW-01,SmartWatch,Light,2,100.0,200.0,Meta,cpc
ORD-3067,2023-10-17,SMW-01,SmartWatch,Light,1,100.0,100.0,Meta,cpc
ORD-3068,2023-10-17,SMW-01,SmartWatch,Light,2,100.0,200.0,Meta,cpc
ORD-3069,2023-10-17,SMW-01,SmartWatch,Light,1,100.0,100.0,Meta,cpc
ORD-3070,2023-10-17,SMW-01,SmartWatch,Light,2,100.0,200.0,Meta,cpc
ORD-3071,2023-10-17,SMW-01,SmartWatch,Light,1,100.0,100.0,Meta,cpc
ORD-3072,2023-10-17,SMW-01,SmartWatch,Light,1,100.0,100.0,Meta,cpc
ORD-3073,2023-10-17,SMW-01,SmartWatch,Light,2,100.0,200.0,Meta,cpc
ORD-3074,2023-10-17,SMW-01,SmartWatch,Light,1,100.0,100.0,Meta,cpc
ORD-3075,2023-10-17,SMW-01,SmartWatch,Light,3,100.0,300.0,Meta,cpc
ORD-3076,2023-10-17,SMW-01,SmartWatch,Light,3,100.0,300.0,Meta,cpc
ORD-3077,2023-10-17,SMW-01,SmartWatch,Light,2,100.0,200.0,Meta,cpc
ORD-3078,2023-10-17,SMW-01,SmartWatch,Light,1,100.0,100.0,Meta,cpc
ORD-3079,2023-10-17,SMW-01,SmartWatch,Light,1,100.0,100.0,Meta,cpc
ORD-3080,2023-10-17,SMW-01,SmartWatch,Light,1,100.0,100.0,Meta,cpc
ORD-3081,2023-10-17,SMW-01,SmartWatch,Light,2,100.0,200.0,Meta,cpc
ORD-3082,2023-10-18,SMW-01,SmartWatch,Light,2,100.0,200.0,Meta,cpc
ORD-3083,2023-10-18,SMW-01,SmartWatch,Light,3,100.0,300.0,Meta,cpc
ORD-3084,2023-10-18,SMW-01,SmartWatch,Light,1,100.0,100.0,Meta,cpc
ORD-3085,2023-10-18,SMW-01,SmartWatch,Light,3,100.0,300.0,Meta,cpc
ORD-3086,2023-10-18,SMW-01,SmartWatch,Light,2,100.0,200.0,Meta,cpc
ORD-3087,2023-10-18,SMW-01,SmartWatch,Light,2,100.0,200.0,Meta,cpc
ORD-3088,2023-10-18,SMW-01,SmartWatch,Light,3,100.0,300.0,Meta,cpc
ORD-3089,2023-10-18,SMW-01,SmartWatch,Light,1,100.0,100.0,Meta,cpc
ORD-3090,2023-10-18,SMW-01,SmartWatch,Light,1,100.0,100.0,Meta,cpc
ORD-3091,2023-10-18,SMW-01,SmartWatch,Light,1,100.0,100.0,Meta,cpc
ORD-3092,2023-10-18,SMW-01,SmartWatch,Light,2,100.0,200.0,Meta,cpc
ORD-3093,2023-10-18,SMW-01,SmartWatch,Light,1,100.0,100.0,Meta,cpc
ORD-3094,2023-10-18,SMW-01,SmartWatch,Light,1,100.0,100.0,Meta,cpc
ORD-3095,2023-10-18,SMW-01,SmartWatch,Light,3,100.0,300.0,Meta,cpc
ORD-3096,2023-10-18,SMW-01,SmartWatch,Light,3,100.0,300.0,Meta,cpc
ORD-3097,2023-10-18,SMW-01,SmartWatch,Light,3,100.0,300.0,Meta,cpc
ORD-3098,2023-10-18,SMW-01,SmartWatch,Light,3,100.0,300.0,Meta,cpc
ORD-3099,2023-10-18,SMW-01,SmartWatch,Light,2,100.0,200.0,Meta,cpc
ORD-3100,2023-10-18,SMW-01,SmartWatch,Light,1,100.0,100.0,Meta,cpc
ORD-3101,2023-10-18,SMW-01,SmartWatch,Light,2,100.0,200.0,Meta,cpc
ORD-3102,2023-10-18,SMW-01,SmartWatch,Light,1,100.0,100.0,Meta,cpc
ORD-3103,2023-10-18,SMW-01,SmartWatch,Light,2,100.0,200.0,Meta,cpc
ORD-3104,2023-10-18,SMW-01,SmartWatch,Light,1,100.0,100.0,Meta,cpc
ORD-3105,2023-10-18,SMW-01,SmartWatch,Light,1,100.0,100.0,Meta,cpc
ORD-3106,2023-10-18,SMW-01,SmartWatch,Light,1,100.0,100.0,Meta,cpc
ORD-3107,2023-10-18,SMW-01,SmartWatch,Light,2,100.0,200.0,Meta,cpc
ORD-3108,2023-10-18,SMW-01,SmartWatch,Light,3,100.0,300.0,Meta,cpc
ORD-3109,2023-10-18,SMW-01,SmartWatch,Light,3,100.0,300.0,Meta,cpc
ORD-3110,2023-10-18,SMW-01,SmartWatch,Light,2,100.0,200.0,Meta,cpc
ORD-3111,2023-10-18,SMW-01,SmartWatch,Light,1,100.0,100.0,Meta,cpc
ORD-3112,2023-10-18,SMW-01,SmartWatch,Light,1,100.0,100.0,Meta,cpc
ORD-3113,2023-10-18,SMW-01,SmartWatch,Light,2,100.0,200.0,Meta,cpc
ORD-3114,2023-10-18,SMW-01,SmartWatch,Light,3,100.0,300.0,Meta,cpc
ORD-3115,2023-10-18,SMW-01,SmartWatch,Light,3,100.0,300.0,Meta,cpc
ORD-3116,2023-10-18,SMW-01,SmartWatch,Light,1,100.0,100.0,Meta,cpc
ORD-3117,2023-10-18,SMW-01,SmartWatch,Light,3,100.0,300.0,Meta,cpc
ORD-3118,2023-10-18,SMW-01,SmartWatch,Light,3,100.0,300.0,Meta,cpc
ORD-3119,2023-10-18,SMW-01,SmartWatch,Light,3,100.0,300.0,Meta,cpc
ORD-3120,2023-10-18,SMW-01,SmartWatch,Light,1,100.0,100.0,Meta,cpc
ORD-3121,2023-10-18,SMW-01,SmartWatch,Light,3,100.0,300.0,Meta,cpc
ORD-3122,2023-10-18,SMW-01,SmartWatch,Light,1,100.0,100.0,Meta,cpc
ORD-3123,2023-10-18,SMW-01,SmartWatch,Light,2,100.0,200.0,Meta,cpc
ORD-3124,2023-10-18,SMW-01,SmartWatch,Light,2,100.0,200.0,Meta,cpc
ORD-3125,2023-10-18,SMW-01,SmartWatch,Light,1,100.0,100.0,Meta,cpc
ORD-3126,2023-10-18,SMW-01,SmartWatch,Light,3,100.0,300.0,Meta,cpc
ORD-3127,2023-10-18,SMW-01,SmartWatch,Light,2,100.0,200.0,Meta,cpc
ORD-3128,2023-10-18,SMW-01,SmartWatch,Light,1,100.0,100.0,Meta,cpc
ORD-3129,2023-10-18,SMW-01,SmartWatch,Light,3,100.0,300.0,Meta,cpc
ORD-3130,2023-10-18,SMW-01,SmartWatch,Light,2,100.0,200.0,Meta,cpc
ORD-3131,2023-10-18,SMW-01,SmartWatch,Light,1,100.0,100.0,Meta,cpc
ORD-3132,2023-10-18,SMW-01,SmartWatch,Light,3,100.0,300.0,Meta,cpc
ORD-3133,2023-10-18,SMW-01,SmartWatch,Light,3,100.0,300.0,Meta,cpc
ORD-3134,2023-10-18,SMW-01,SmartWatch,Light,1,100.0,100.0,Meta,cpc
ORD-3135,2023-10-18,SMW-01,SmartWatch,Light,3,100.0,300.0,Meta,cpc
ORD-3136,2023-10-18,SMW-01,SmartWatch,Light,2,100.0,200.0,Meta,cpc
ORD-3137,2023-10-18,SMW-01,SmartWatch,Light,1,100.0,100.0,Meta,cpc
ORD-3138,2023-10-18,SMW-01,SmartWatch,Light,3,100.0,300.0,Meta,cpc
ORD-3139,2023-10-18,SMW-01,SmartWatch,Light,3,100.0,300.0,Meta,cpc
ORD-3140,2023-10-18,SMW-01,SmartWatch,Light,3,100.0,300.0,Meta,cpc
ORD-3141,2023-10-18,SMW-01,SmartWatch,Light,3,100.0,300.0,Meta,cpc
ORD-3142,2023-10-19,SMW-01,SmartWatch,Light,3,100.0,300.0,Meta,cpc
ORD-3143,2023-10-19,SMW-01,SmartWatch,Light,1,100.0,100.0,Meta,cpc
ORD-3144,2023-10-19,SMW-01,SmartWatch,Light,2,100.0,200.0,Meta,cpc
ORD-3145,2023-10-19,SMW-01,SmartWatch,Light,2,100.0,200.0,Meta,cpc
ORD-3146,2023-10-19,SMW-01,SmartWatch,Light,1,100.0,100.0,Meta,cpc
ORD-3147,2023-10-19,SMW-01,SmartWatch,Light,3,100.0,300.0,Meta,cpc
ORD-3148,2023-10-19,SMW-01,SmartWatch,Light,2,100.0,200.0,Meta,cpc
ORD-3149,2023-10-19,SMW-01,SmartWatch,Light,2,100.0,200.0,Meta,cpc
ORD-3150,2023-10-19,SMW-01,SmartWatch,Light,2,100.0,200.0,Meta,cpc
ORD-3151,2023-10-19,SMW-01,SmartWatch,Light,3,100.0,300.0,Meta,cpc
ORD-3152,2023-10-19,SMW-01,SmartWatch,Light,1,100.0,100.0,Meta,cpc
ORD-3153,2023-10-19,SMW-01,SmartWatch,Light,2,100.0,200.0,Meta,cpc
ORD-3154,2023-10-19,SMW-01,SmartWatch,Light,1,100.0,100.0,Meta,cpc
ORD-3155,2023-10-19,SMW-01,SmartWatch,Light,2,100.0,200.0,Meta,cpc
ORD-3156,2023-10-19,SMW-01,SmartWatch,Light,1,100.0,100.0,Meta,cpc
ORD-3157,2023-10-19,SMW-01,SmartWatch,Light,3,100.0,300.0,Meta,cpc
ORD-3158,2023-10-19,SMW-01,SmartWatch,Light,3,100.0,300.0,Meta,cpc
ORD-3159,2023-10-19,SMW-01,SmartWatch,Light,3,100.0,300.0,Meta,cpc
ORD-3160,2023-10-19,SMW-01,SmartWatch,Light,1,100.0,100.0,Meta,cpc
ORD-3161,2023-10-19,SMW-01,SmartWatch,Light,3,100.0,300.0,Meta,cpc
ORD-3162,2023-10-19,SMW-01,SmartWatch,Light,3,100.0,300.0,Meta,cpc
ORD-3163,2023-10-19,SMW-01,SmartWatch,Light,2,100.0,200.0,Meta,cpc
ORD-3164,2023-10-19,SMW-01,SmartWatch,Light,1,100.0,100.0,Meta,cpc
ORD-3165,2023-10-19,SMW-01,SmartWatch,Light,1,100.0,100.0,Meta,cpc
ORD-3166,2023-10-19,SMW-01,SmartWatch,Light,2,100.0,200.0,Meta,cpc
ORD-3167,2023-10-19,SMW-01,SmartWatch,Light,3,100.0,300.0,Meta,cpc
ORD-3168,2023-10-19,SMW-01,SmartWatch,Light,2,100.0,200.0,Meta,cpc
ORD-3169,2023-10-19,SMW-01,SmartWatch,Light,3,100.0,300.0,Meta,cpc
ORD-3170,2023-10-19,SMW-01,SmartWatch,Light,1,100.0,100.0,Meta,cpc
ORD-3171,2023-10-19,SMW-01,SmartWatch,Light,3,100.0,300.0,Meta,cpc
ORD-3172,2023-10-19,SMW-01,SmartWatch,Light,2,100.0,200.0,Meta,cpc
ORD-3173,2023-10-19,SMW-01,SmartWatch,Light,3,100.0,300.0,Meta,cpc
ORD-3174,2023-10-19,SMW-01,SmartWatch,Light,2,100.0,200.0,Meta,cpc
ORD-3175,2023-10-19,SMW-01,SmartWatch,Light,3,100.0,300.0,Meta,cpc
ORD-3176,2023-10-19,SMW-01,SmartWatch,Light,1,100.0,100.0,Meta,cpc
ORD-3177,2023-10-19,SMW-01,SmartWatch,Light,1,100.0,100.0,Meta,cpc
ORD-3178,2023-10-19,SMW-01,SmartWatch,Light,1,100.0,100.0,Meta,cpc
ORD-3179,2023-10-19,SMW-01,SmartWatch,Light,3,100.0,300.0,Meta,cpc
ORD-3180,2023-10-19,SMW-01,SmartWatch,Light,2,100.0,200.0,Meta,cpc
ORD-3181,2023-10-19,SMW-01,SmartWatch,Light,1,100.0,100.0,Meta,cpc
ORD-3182,2023-10-19,SMW-01,SmartWatch,Light,2,100.0,200.0,Meta,cpc
ORD-3183,2023-10-19,SMW-01,SmartWatch,Light,1,100.0,100.0,Meta,cpc
ORD-3184,2023-10-19,SMW-01,SmartWatch,Light,1,100.0,100.0,Meta,cpc
ORD-3185,2023-10-19,SMW-01,SmartWatch,Light,1,100.0,100.0,Meta,cpc
ORD-3186,2023-10-19,SMW-01,SmartWatch,Light,1,100.0,100.0,Meta,cpc
ORD-3187,2023-10-19,SMW-01,SmartWatch,Light,2,100.0,200.0,Meta,cpc
ORD-3188,2023-10-19,SMW-01,SmartWatch,Light,2,100.0,200.0,Meta,cpc
ORD-3189,2023-10-19,SMW-01,SmartWatch,Light,3,100.0,300.0,Meta,cpc
ORD-3190,2023-10-19,SMW-01,SmartWatch,Light,2,100.0,200.0,Meta,cpc
ORD-3191,2023-10-19,SMW-01,SmartWatch,Light,3,100.0,300.0,Meta,cpc
ORD-3192,2023-10-19,SMW-01,SmartWatch,Light,2,100.0,200.0,Meta,cpc
ORD-3193,2023-10-19,SMW-01,SmartWatch,Light,2,100.0,200.0,Meta,cpc
ORD-3194,2023-10-19,SMW-01,SmartWatch,Light,1,100.0,100.0,Meta,cpc
ORD-3195,2023-10-19,SMW-01,SmartWatch,Light,3,100.0,300.0,Meta,cpc
ORD-3196,2023-10-19,SMW-01,SmartWatch,Light,1,100.0,100.0,Meta,cpc
ORD-3197,2023-10-19,SMW-01,SmartWatch,Light,2,100.0,200.0,Meta,cpc
ORD-3198,2023-10-19,SMW-01,SmartWatch,Light,2,100.0,200.0,Meta,cpc
ORD-3199,2023-10-19,SMW-01,SmartWatch,Light,1,100.0,100.0,Meta,cpc
ORD-3200,2023-10-19,SMW-01,SmartWatch,Light,3,100.0,300.0,Meta,cpc
ORD-3201,2023-10-19,SMW-01,SmartWatch,Light,2,100.0,200.0,Meta,cpc
ORD-3202,2023-10-19,SMW-01,SmartWatch,Light,2,100.0,200.0,Meta,cpc
ORD-3203,2023-10-19,SMW-01,SmartWatch,Light,1,100.0,100.0,Meta,cpc
ORD-3204,2023-10-19,SMW-01,SmartWatch,Light,2,100.0,200.0,Meta,cpc
ORD-3205,2023-10-19,SMW-01,SmartWatch,Light,2,100.0,200.0,Meta,cpc
ORD-3206,2023-10-19,SMW-01,SmartWatch,Light,2,100.0,200.0,Meta,cpc
ORD-3207,2023-10-19,SMW-01,SmartWatch,Light,3,100.0,300.0,Meta,cpc
ORD-3208,2023-10-19,SMW-01,SmartWatch,Light,2,100.0,200.0,Meta,cpc
ORD-3209,2023-10-19,SMW-01,SmartWatch,Light,2,100.0,200.0,Meta,cpc
ORD-3210,2023-10-19,SMW-01,SmartWatch,Light,2,100.0,200.0,Meta,cpc
ORD-3211,2023-10-19,SMW-01,SmartWatch,Light,1,100.0,100.0,Meta,cpc
ORD-3212,2023-10-19,SMW-01,SmartWatch,Light,2,100.0,200.0,Meta,cpc
ORD-3213,2023-10-19,SMW-01,SmartWatch,Light,1,100.0,100.0,Meta,cpc
ORD-3214,2023-10-20,SMW-01,SmartWatch,Light,2,100.0,200.0,Meta,cpc
ORD-3215,2023-10-20,SMW-01,SmartWatch,Light,2,100.0,200.0,Meta,cpc
ORD-3216,2023-10-20,SMW-01,SmartWatch,Light,3,100.0,300.0,Meta,cpc
ORD-3217,2023-10-20,SMW-01,SmartWatch,Light,2,100.0,200.0,Meta,cpc
ORD-3218,2023-10-20,SMW-01,SmartWatch,Light,1,100.0,100.0,Meta,cpc
ORD-3219,2023-10-20,SMW-01,SmartWatch,Light,3,100.0,300.0,Meta,cpc
ORD-3220,2023-10-20,SMW-01,SmartWatch,Light,2,100.0,200.0,Meta,cpc
ORD-3221,2023-10-20,SMW-01,SmartWatch,Light,1,100.0,100.0,Meta,cpc
ORD-3222,2023-10-20,SMW-01,SmartWatch,Light,2,100.0,200.0,Meta,cpc
ORD-3223,2023-10-20,SMW-01,SmartWatch,Light,3,100.0,300.0,Meta,cpc
ORD-3224,2023-10-20,SMW-01,SmartWatch,Light,1,100.0,100.0,Meta,cpc
ORD-3225,2023-10-20,SMW-01,SmartWatch,Light,3,100.0,300.0,Meta,cpc
ORD-3226,2023-10-20,SMW-01,SmartWatch,Light,2,100.0,200.0,Meta,cpc
ORD-3227,2023-10-20,SMW-01,SmartWatch,Light,2,100.0,200.0,Meta,cpc
ORD-3228,2023-10-20,SMW-01,SmartWatch,Light,1,100.0,100.0,Meta,cpc
ORD-3229,2023-10-20,SMW-01,SmartWatch,Light,1,100.0,100.0,Meta,cpc
ORD-3230,2023-10-20,SMW-01,SmartWatch,Light,2,100.0,200.0,Meta,cpc
ORD-3231,2023-10-20,SMW-01,SmartWatch,Light,3,100.0,300.0,Meta,cpc
ORD-3232,2023-10-20,SMW-01,SmartWatch,Light,2,100.0,200.0,Meta,cpc
ORD-3233,2023-10-20,SMW-01,SmartWatch,Light,2,100.0,200.0,Meta,cpc
ORD-3234,2023-10-20,SMW-01,SmartWatch,Light,2,100.0,200.0,Meta,cpc
ORD-3235,2023-10-20,SMW-01,SmartWatch,Light,3,100.0,300.0,Meta,cpc
ORD-3236,2023-10-20,SMW-01,SmartWatch,Light,3,100.0,300.0,Meta,cpc
ORD-3237,2023-10-20,SMW-01,SmartWatch,Light,2,100.0,200.0,Meta,cpc
ORD-3238,2023-10-20,SMW-01,SmartWatch,Light,1,100.0,100.0,Meta,cpc
ORD-3239,2023-10-20,SMW-01,SmartWatch,Light,3,100.0,300.0,Meta,cpc
ORD-3240,2023-10-20,SMW-01,SmartWatch,Light,2,100.0,200.0,Meta,cpc
ORD-3241,2023-10-20,SMW-01,SmartWatch,Light,2,100.0,200.0,Meta,cpc
ORD-3242,2023-10-20,SMW-01,SmartWatch,Light,2,100.0,200.0,Meta,cpc
ORD-3243,2023-10-20,SMW-01,SmartWatch,Light,1,100.0,100.0,Meta,cpc
ORD-3244,2023-10-20,SMW-01,SmartWatch,Light,3,100.0,300.0,Meta,cpc
ORD-3245,2023-10-20,SMW-01,SmartWatch,Light,2,100.0,200.0,Meta,cpc
ORD-3246,2023-10-20,SMW-01,SmartWatch,Light,3,100.0,300.0,Meta,cpc
ORD-3247,2023-10-20,SMW-01,SmartWatch,Light,2,100.0,200.0,Meta,cpc
ORD-3248,2023-10-20,SMW-01,SmartWatch,Light,2,100.0,200.0,Meta,cpc
ORD-3249,2023-10-20,SMW-01,SmartWatch,Light,3,100.0,300.0,Meta,cpc
ORD-3250,2023-10-20,SMW-01,SmartWatch,Light,1,100.0,100.0,Meta,cpc
ORD-3251,2023-10-20,SMW-01,SmartWatch,Light,1,100.0,100.0,Meta,cpc
ORD-3252,2023-10-20,SMW-01,SmartWatch,Light,3,100.0,300.0,Meta,cpc
ORD-3253,2023-10-20,SMW-01,SmartWatch,Light,3,100.0,300.0,Meta,cpc
ORD-3254,2023-10-20,SMW-01,SmartWatch,Light,2,100.0,200.0,Meta,cpc
ORD-3255,2023-10-20,SMW-01,SmartWatch,Light,2,100.0,200.0,Meta,cpc
ORD-3256,2023-10-20,SMW-01,SmartWatch,Light,3,100.0,300.0,Meta,cpc
ORD-3257,2023-10-20,SMW-01,SmartWatch,Light,3,100.0,300.0,Meta,cpc
ORD-3258,2023-10-20,SMW-01,SmartWatch,Light,3,100.0,300.0,Meta,cpc
ORD-3259,2023-10-20,SMW-01,SmartWatch,Light,1,100.0,100.0,Meta,cpc
ORD-3260,2023-10-20,SMW-01,SmartWatch,Light,1,100.0,100.0,Meta,cpc
ORD-3261,2023-10-20,SMW-01,SmartWatch,Light,1,100.0,100.0,Meta,cpc
ORD-3262,2023-10-20,SMW-01,SmartWatch,Light,3,100.0,300.0,Meta,cpc
ORD-3263,2023-10-20,SMW-01,SmartWatch,Light,3,100.0,300.0,Meta,cpc
ORD-3264,2023-10-20,SMW-01,SmartWatch,Light,2,100.0,200.0,Meta,cpc
ORD-3265,2023-10-20,SMW-01,SmartWatch,Light,1,100.0,100.0,Meta,cpc
ORD-3266,2023-10-20,SMW-01,SmartWatch,Light,1,100.0,100.0,Meta,cpc
ORD-3267,2023-10-20,SMW-01,SmartWatch,Light,1,100.0,100.0,Meta,cpc
ORD-3268,2023-10-20,SMW-01,SmartWatch,Light,1,100.0,100.0,Meta,cpc
ORD-3269,2023-10-20,SMW-01,SmartWatch,Light,3,100.0,300.0,Meta,cpc
ORD-3270,2023-10-20,SMW-01,SmartWatch,Light,2,100.0,200.0,Meta,cpc
ORD-3271,2023-10-20,SMW-01,SmartWatch,Light,2,100.0,200.0,Meta,cpc
ORD-3272,2023-10-20,SMW-01,SmartWatch,Light,2,100.0,200.0,Meta,cpc
ORD-3273,2023-10-20,SMW-01,SmartWatch,Light,2,100.0,200.0,Meta,cpc
ORD-3274,2023-10-21,SMW-01,SmartWatch,Light,1,100.0,100.0,Meta,cpc
ORD-3275,2023-10-21,SMW-01,SmartWatch,Light,3,100.0,300.0,Meta,cpc
ORD-3276,2023-10-21,SMW-01,SmartWatch,Light,1,100.0,100.0,Meta,cpc
ORD-3277,2023-10-21,SMW-01,SmartWatch,Light,3,100.0,300.0,Meta,cpc
ORD-3278,2023-10-21,SMW-01,SmartWatch,Light,2,100.0,200.0,Meta,cpc
ORD-3279,2023-10-21,SMW-01,SmartWatch,Light,2,100.0,200.0,Meta,cpc
ORD-3280,2023-10-21,SMW-01,SmartWatch,Light,2,100.0,200.0,Meta,cpc
ORD-3281,2023-10-21,SMW-01,SmartWatch,Light,2,100.0,200.0,Meta,cpc
ORD-3282,2023-10-21,SMW-01,SmartWatch,Light,1,100.0,100.0,Meta,cpc
ORD-3283,2023-10-21,SMW-01,SmartWatch,Light,3,100.0,300.0,Meta,cpc
ORD-3284,2023-10-21,SMW-01,SmartWatch,Light,1,100.0,100.0,Meta,cpc
ORD-3285,2023-10-21,SMW-01,SmartWatch,Light,3,100.0,300.0,Meta,cpc
ORD-3286,2023-10-21,SMW-01,SmartWatch,Light,2,100.0,200.0,Meta,cpc
ORD-3287,2023-10-21,SMW-01,SmartWatch,Light,2,100.0,200.0,Meta,cpc
ORD-3288,2023-10-21,SMW-01,SmartWatch,Light,2,100.0,200.0,Meta,cpc
ORD-3289,2023-10-21,SMW-01,SmartWatch,Light,3,100.0,300.0,Meta,cpc
ORD-3290,2023-10-21,SMW-01,SmartWatch,Light,2,100.0,200.0,Meta,cpc
ORD-3291,2023-10-21,SMW-01,SmartWatch,Light,1,100.0,100.0,Meta,cpc
ORD-3292,2023-10-21,SMW-01,SmartWatch,Light,1,100.0,100.0,Meta,cpc
ORD-3293,2023-10-21,SMW-01,SmartWatch,Light,1,100.0,100.0,Meta,cpc
ORD-3294,2023-10-21,SMW-01,SmartWatch,Light,3,100.0,300.0,Meta,cpc
ORD-3295,2023-10-21,SMW-01,SmartWatch,Light,1,100.0,100.0,Meta,cpc
ORD-3296,2023-10-21,SMW-01,SmartWatch,Light,2,100.0,200.0,Meta,cpc
ORD-3297,2023-10-21,SMW-01,SmartWatch,Light,3,100.0,300.0,Meta,cpc
ORD-3298,2023-10-21,SMW-01,SmartWatch,Light,2,100.0,200.0,Meta,cpc
ORD-3299,2023-10-21,SMW-01,SmartWatch,Light,3,100.0,300.0,Meta,cpc
ORD-3300,2023-10-21,SMW-01,SmartWatch,Light,1,100.0,100.0,Meta,cpc
ORD-3301,2023-10-21,SMW-01,SmartWatch,Light,2,100.0,200.0,Meta,cpc
ORD-3302,2023-10-21,SMW-01,SmartWatch,Light,2,100.0,200.0,Meta,cpc
ORD-3303,2023-10-21,SMW-01,SmartWatch,Light,3,100.0,300.0,Meta,cpc
ORD-3304,2023-10-21,SMW-01,SmartWatch,Light,2,100.0,200.0,Meta,cpc
ORD-3305,2023-10-21,SMW-01,SmartWatch,Light,1,100.0,100.0,Meta,cpc
ORD-3306,2023-10-21,SMW-01,SmartWatch,Light,3,100.0,300.0,Meta,cpc
ORD-3307,2023-10-21,SMW-01,SmartWatch,Light,2,100.0,200.0,Meta,cpc
ORD-3308,2023-10-21,SMW-01,SmartWatch,Light,3,100.0,300.0,Meta,cpc
ORD-3309,2023-10-21,SMW-01,SmartWatch,Light,2,100.0,200.0,Meta,cpc
ORD-3310,2023-10-21,SMW-01,SmartWatch,Light,1,100.0,100.0,Meta,cpc
ORD-3311,2023-10-21,SMW-01,SmartWatch,Light,1,100.0,100.0,Meta,cpc
ORD-3312,2023-10-21,SMW-01,SmartWatch,Light,1,100.0,100.0,Meta,cpc
ORD-3313,2023-10-21,SMW-01,SmartWatch,Light,1,100.0,100.0,Meta,cpc
ORD-3314,2023-10-21,SMW-01,SmartWatch,Light,2,100.0,200.0,Meta,cpc
ORD-3315,2023-10-21,SMW-01,SmartWatch,Light,1,100.0,100.0,Meta,cpc
ORD-3316,2023-10-21,SMW-01,SmartWatch,Light,3,100.0,300.0,Meta,cpc
ORD-3317,2023-10-21,SMW-01,SmartWatch,Light,2,100.0,200.0,Meta,cpc
ORD-3318,2023-10-21,SMW-01,SmartWatch,Light,1,100.0,100.0,Meta,cpc
ORD-3319,2023-10-21,SMW-01,SmartWatch,Light,3,100.0,300.0,Meta,cpc
ORD-3320,2023-10-21,SMW-01,SmartWatch,Light,2,100.0,200.0,Meta,cpc
ORD-3321,2023-10-21,SMW-01,SmartWatch,Light,3,100.0,300.0,Meta,cpc
ORD-3322,2023-10-21,SMW-01,SmartWatch,Light,2,100.0,200.0,Meta,cpc
ORD-3323,2023-10-21,SMW-01,SmartWatch,Light,3,100.0,300.0,Meta,cpc
ORD-3324,2023-10-21,SMW-01,SmartWatch,Light,1,100.0,100.0,Meta,cpc
ORD-3325,2023-10-21,SMW-01,SmartWatch,Light,3,100.0,300.0,Meta,cpc
ORD-3326,2023-10-21,SMW-01,SmartWatch,Light,3,100.0,300.0,Meta,cpc
ORD-3327,2023-10-21,SMW-01,SmartWatch,Light,2,100.0,200.0,Meta,cpc
ORD-3328,2023-10-21,SMW-01,SmartWatch,Light,2,100.0,200.0,Meta,cpc
ORD-3329,2023-10-21,SMW-01,SmartWatch,Light,1,100.0,100.0,Meta,cpc
ORD-3330,2023-10-21,SMW-01,SmartWatch,Light,3,100.0,300.0,Meta,cpc
ORD-3331,2023-10-21,SMW-01,SmartWatch,Light,3,100.0,300.0,Meta,cpc
ORD-3332,2023-10-21,SMW-01,SmartWatch,Light,3,100.0,300.0,Meta,cpc
ORD-3333,2023-10-22,SMW-01,SmartWatch,Light,3,100.0,300.0,Meta,cpc
ORD-3334,2023-10-22,SMW-01,SmartWatch,Light,1,100.0,100.0,Meta,cpc
ORD-3335,2023-10-22,SMW-01,SmartWatch,Light,2,100.0,200.0,Meta,cpc
ORD-3336,2023-10-22,SMW-01,SmartWatch,Light,3,100.0,300.0,Meta,cpc
ORD-3337,2023-10-22,SMW-01,SmartWatch,Light,1,100.0,100.0,Meta,cpc
ORD-3338,2023-10-22,SMW-01,SmartWatch,Light,1,100.0,100.0,Meta,cpc
ORD-3339,2023-10-22,SMW-01,SmartWatch,Light,1,100.0,100.0,Meta,cpc
ORD-3340,2023-10-22,SMW-01,SmartWatch,Light,1,100.0,100.0,Meta,cpc
ORD-3341,2023-10-22,SMW-01,SmartWatch,Light,1,100.0,100.0,Meta,cpc
ORD-3342,2023-10-22,SMW-01,SmartWatch,Light,2,100.0,200.0,Meta,cpc
ORD-3343,2023-10-22,SMW-01,SmartWatch,Light,1,100.0,100.0,Meta,cpc
ORD-3344,2023-10-22,SMW-01,SmartWatch,Light,2,100.0,200.0,Meta,cpc
ORD-3345,2023-10-22,SMW-01,SmartWatch,Light,3,100.0,300.0,Meta,cpc
ORD-3346,2023-10-22,SMW-01,SmartWatch,Light,3,100.0,300.0,Meta,cpc
ORD-3347,2023-10-22,SMW-01,SmartWatch,Light,2,100.0,200.0,Meta,cpc
ORD-3348,2023-10-22,SMW-01,SmartWatch,Light,2,100.0,200.0,Meta,cpc
ORD-3349,2023-10-22,SMW-01,SmartWatch,Light,3,100.0,300.0,Meta,cpc
ORD-3350,2023-10-22,SMW-01,SmartWatch,Light,1,100.0,100.0,Meta,cpc
ORD-3351,2023-10-22,SMW-01,SmartWatch,Light,3,100.0,300.0,Meta,cpc
ORD-3352,2023-10-22,SMW-01,SmartWatch,Light,1,100.0,100.0,Meta,cpc
ORD-3353,2023-10-22,SMW-01,SmartWatch,Light,1,100.0,100.0,Meta,cpc
ORD-3354,2023-10-22,SMW-01,SmartWatch,Light,2,100.0,200.0,Meta,cpc
ORD-3355,2023-10-22,SMW-01,SmartWatch,Light,2,100.0,200.0,Meta,cpc
ORD-3356,2023-10-22,SMW-01,SmartWatch,Light,3,100.0,300.0,Meta,cpc
ORD-3357,2023-10-22,SMW-01,SmartWatch,Light,3,100.0,300.0,Meta,cpc
ORD-3358,2023-10-22,SMW-01,SmartWatch,Light,2,100.0,200.0,Meta,cpc
ORD-3359,2023-10-22,SMW-01,SmartWatch,Light,3,100.0,300.0,Meta,cpc
ORD-3360,2023-10-22,SMW-01,SmartWatch,Light,2,100.0,200.0,Meta,cpc
ORD-3361,2023-10-22,SMW-01,SmartWatch,Light,2,100.0,200.0,Meta,cpc
ORD-3362,2023-10-22,SMW-01,SmartWatch,Light,3,100.0,300.0,Meta,cpc
ORD-3363,2023-10-22,SMW-01,SmartWatch,Light,1,100.0,100.0,Meta,cpc
ORD-3364,2023-10-22,SMW-01,SmartWatch,Light,1,100.0,100.0,Meta,cpc
ORD-3365,2023-10-22,SMW-01,SmartWatch,Light,2,100.0,200.0,Meta,cpc
ORD-3366,2023-10-22,SMW-01,SmartWatch,Light,3,100.0,300.0,Meta,cpc
ORD-3367,2023-10-22,SMW-01,SmartWatch,Light,1,100.0,100.0,Meta,cpc
ORD-3368,2023-10-22,SMW-01,SmartWatch,Light,2,100.0,200.0,Meta,cpc
ORD-3369,2023-10-22,SMW-01,SmartWatch,Light,2,100.0,200.0,Meta,cpc
ORD-3370,2023-10-22,SMW-01,SmartWatch,Light,3,100.0,300.0,Meta,cpc
ORD-3371,2023-10-22,SMW-01,SmartWatch,Light,3,100.0,300.0,Meta,cpc
ORD-3372,2023-10-22,SMW-01,SmartWatch,Light,2,100.0,200.0,Meta,cpc
ORD-3373,2023-10-22,SMW-01,SmartWatch,Light,1,100.0,100.0,Meta,cpc
ORD-3374,2023-10-22,SMW-01,SmartWatch,Light,3,100.0,300.0,Meta,cpc
ORD-3375,2023-10-22,SMW-01,SmartWatch,Light,3,100.0,300.0,Meta,cpc
ORD-3376,2023-10-22,SMW-01,SmartWatch,Light,3,100.0,300.0,Meta,cpc
ORD-3377,2023-10-22,SMW-01,SmartWatch,Light,1,100.0,100.0,Meta,cpc
ORD-3378,2023-10-22,SMW-01,SmartWatch,Light,1,100.0,100.0,Meta,cpc
ORD-3379,2023-10-22,SMW-01,SmartWatch,Light,2,100.0,200.0,Meta,cpc
ORD-3380,2023-10-22,SMW-01,SmartWatch,Light,3,100.0,300.0,Meta,cpc
ORD-3381,2023-10-22,SMW-01,SmartWatch,Light,1,100.0,100.0,Meta,cpc
ORD-3382,2023-10-22,SMW-01,SmartWatch,Light,1,100.0,100.0,Meta,cpc
ORD-3383,2023-10-22,SMW-01,SmartWatch,Light,3,100.0,300.0,Meta,cpc
ORD-3384,2023-10-22,SMW-01,SmartWatch,Light,1,100.0,100.0,Meta,cpc
ORD-3385,2023-10-22,SMW-01,SmartWatch,Light,2,100.0,200.0,Meta,cpc
ORD-3386,2023-10-22,SMW-01,SmartWatch,Light,1,100.0,100.0,Meta,cpc
ORD-3387,2023-10-22,SMW-01,SmartWatch,Light,1,100.0,100.0,Meta,cpc
ORD-3388,2023-10-22,SMW-01,SmartWatch,Light,2,100.0,200.0,Meta,cpc
ORD-3389,2023-10-22,SMW-01,SmartWatch,Light,3,100.0,300.0,Meta,cpc
ORD-3390,2023-10-22,SMW-01,SmartWatch,Light,1,100.0,100.0,Meta,cpc
ORD-3391,2023-10-22,SMW-01,SmartWatch,Light,2,100.0,200.0,Meta,cpc
ORD-3392,2023-10-22,SMW-01,SmartWatch,Light,3,100.0,300.0,Meta,cpc
ORD-3393,2023-10-22,SMW-01,SmartWatch,Light,2,100.0,200.0,Meta,cpc
ORD-3394,2023-10-22,SMW-01,SmartWatch,Light,1,100.0,100.0,Meta,cpc
ORD-3395,2023-10-22,SMW-01,SmartWatch,Light,2,100.0,200.0,Meta,cpc
ORD-3396,2023-10-22,SMW-01,SmartWatch,Light,1,100.0,100.0,Meta,cpc
ORD-3397,2023-10-22,SMW-01,SmartWatch,Light,3,100.0,300.0,Meta,cpc
ORD-3398,2023-10-22,SMW-01,SmartWatch,Light,3,100.0,300.0,Meta,cpc
ORD-3399,2023-10-22,SMW-01,SmartWatch,Light,2,100.0,200.0,Meta,cpc
ORD-3400,2023-10-22,SMW-01,SmartWatch,Light,1,100.0,100.0,Meta,cpc
ORD-3401,2023-10-22,SMW-01,SmartWatch,Light,3,100.0,300.0,Meta,cpc
ORD-3402,2023-10-22,SMW-01,SmartWatch,Light,2,100.0,200.0,Meta,cpc
ORD-3403,2023-10-22,SMW-01,SmartWatch,Light,3,100.0,300.0,Meta,cpc
ORD-3404,2023-10-22,SMW-01,SmartWatch,Light,3,100.0,300.0,Meta,cpc
ORD-3405,2023-10-22,SMW-01,SmartWatch,Light,1,100.0,100.0,Meta,cpc
ORD-3406,2023-10-22,SMW-01,SmartWatch,Light,1,100.0,100.0,Meta,cpc
ORD-3407,2023-10-23,SMW-01,SmartWatch,Light,3,100.0,300.0,Meta,cpc
ORD-3408,2023-10-23,SMW-01,SmartWatch,Light,1,100.0,100.0,Meta,cpc
ORD-3409,2023-10-23,SMW-01,SmartWatch,Light,3,100.0,300.0,Meta,cpc
ORD-3410,2023-10-23,SMW-01,SmartWatch,Light,3,100.0,300.0,Meta,cpc
ORD-3411,2023-10-23,SMW-01,SmartWatch,Light,1,100.0,100.0,Meta,cpc
ORD-3412,2023-10-23,SMW-01,SmartWatch,Light,1,100.0,100.0,Meta,cpc
ORD-3413,2023-10-23,SMW-01,SmartWatch,Light,3,100.0,300.0,Meta,cpc
ORD-3414,2023-10-23,SMW-01,SmartWatch,Light,3,100.0,300.0,Meta,cpc
ORD-3415,2023-10-23,SMW-01,SmartWatch,Light,3,100.0,300.0,Meta,cpc
ORD-3416,2023-10-23,SMW-01,SmartWatch,Light,3,100.0,300.0,Meta,cpc
ORD-3417,2023-10-23,SMW-01,SmartWatch,Light,2,100.0,200.0,Meta,cpc
ORD-3418,2023-10-23,SMW-01,SmartWatch,Light,3,100.0,300.0,Meta,cpc
ORD-3419,2023-10-23,SMW-01,SmartWatch,Light,1,100.0,100.0,Meta,cpc
ORD-3420,2023-10-23,SMW-01,SmartWatch,Light,1,100.0,100.0,Meta,cpc
ORD-3421,2023-10-23,SMW-01,SmartWatch,Light,1,100.0,100.0,Meta,cpc
ORD-3422,2023-10-23,SMW-01,SmartWatch,Light,1,100.0,100.0,Meta,cpc
ORD-3423,2023-10-23,SMW-01,SmartWatch,Light,3,100.0,300.0,Meta,cpc
ORD-3424,2023-10-23,SMW-01,SmartWatch,Light,3,100.0,300.0,Meta,cpc
ORD-3425,2023-10-23,SMW-01,SmartWatch,Light,2,100.0,200.0,Meta,cpc
ORD-3426,2023-10-23,SMW-01,SmartWatch,Light,3,100.0,300.0,Meta,cpc
ORD-3427,2023-10-23,SMW-01,SmartWatch,Light,1,100.0,100.0,Meta,cpc
ORD-3428,2023-10-23,SMW-01,SmartWatch,Light,3,100.0,300.0,Meta,cpc
ORD-3429,2023-10-23,SMW-01,SmartWatch,Light,2,100.0,200.0,Meta,cpc
ORD-3430,2023-10-23,SMW-01,SmartWatch,Light,3,100.0,300.0,Meta,cpc
ORD-3431,2023-10-23,SMW-01,SmartWatch,Light,3,100.0,300.0,Meta,cpc
ORD-3432,2023-10-23,SMW-01,SmartWatch,Light,1,100.0,100.0,Meta,cpc
ORD-3433,2023-10-23,SMW-01,SmartWatch,Light,2,100.0,200.0,Meta,cpc
ORD-3434,2023-10-23,SMW-01,SmartWatch,Light,3,100.0,300.0,Meta,cpc
ORD-3435,2023-10-23,SMW-01,SmartWatch,Light,3,100.0,300.0,Meta,cpc
ORD-3436,2023-10-23,SMW-01,SmartWatch,Light,2,100.0,200.0,Meta,cpc
ORD-3437,2023-10-23,SMW-01,SmartWatch,Light,3,100.0,300.0,Meta,cpc
ORD-3438,2023-10-23,SMW-01,SmartWatch,Light,2,100.0,200.0,Meta,cpc
ORD-3439,2023-10-23,SMW-01,SmartWatch,Light,2,100.0,200.0,Meta,cpc
ORD-3440,2023-10-23,SMW-01,SmartWatch,Light,1,100.0,100.0,Meta,cpc
ORD-3441,2023-10-23,SMW-01,SmartWatch,Light,3,100.0,300.0,Meta,cpc
ORD-3442,2023-10-23,SMW-01,SmartWatch,Light,2,100.0,200.0,Meta,cpc
ORD-3443,2023-10-23,SMW-01,SmartWatch,Light,2,100.0,200.0,Meta,cpc
ORD-3444,2023-10-23,SMW-01,SmartWatch,Light,2,100.0,200.0,Meta,cpc
ORD-3445,2023-10-23,SMW-01,SmartWatch,Light,1,100.0,100.0,Meta,cpc
ORD-3446,2023-10-23,SMW-01,SmartWatch,Light,3,100.0,300.0,Meta,cpc
ORD-3447,2023-10-23,SMW-01,SmartWatch,Light,1,100.0,100.0,Meta,cpc
ORD-3448,2023-10-23,SMW-01,SmartWatch,Light,1,100.0,100.0,Meta,cpc
ORD-3449,2023-10-23,SMW-01,SmartWatch,Light,2,100.0,200.0,Meta,cpc
ORD-3450,2023-10-23,SMW-01,SmartWatch,Light,2,100.0,200.0,Meta,cpc
ORD-3451,2023-10-23,SMW-01,SmartWatch,Light,2,100.0,200.0,Meta,cpc
ORD-3452,2023-10-23,SMW-01,SmartWatch,Light,2,100.0,200.0,Meta,cpc
ORD-3453,2023-10-23,SMW-01,SmartWatch,Light,1,100.0,100.0,Meta,cpc
ORD-3454,2023-10-23,SMW-01,SmartWatch,Light,2,100.0,200.0,Meta,cpc
ORD-3455,2023-10-23,SMW-01,SmartWatch,Light,3,100.0,300.0,Meta,cpc
ORD-3456,2023-10-23,SMW-01,SmartWatch,Light,1,100.0,100.0,Meta,cpc
ORD-3457,2023-10-23,SMW-01,SmartWatch,Light,2,100.0,200.0,Meta,cpc
ORD-3458,2023-10-23,SMW-01,SmartWatch,Light,3,100.0,300.0,Meta,cpc
ORD-3459,2023-10-23,SMW-01,SmartWatch,Light,2,100.0,200.0,Meta,cpc
ORD-3460,2023-10-23,SMW-01,SmartWatch,Light,2,100.0,200.0,Meta,cpc
ORD-3461,2023-10-24,SMW-01,SmartWatch,Light,2,100.0,200.0,Meta,cpc
ORD-3462,2023-10-24,SMW-01,SmartWatch,Light,2,100.0,200.0,Meta,cpc
ORD-3463,2023-10-24,SMW-01,SmartWatch,Light,1,100.0,100.0,Meta,cpc
ORD-3464,2023-10-24,SMW-01,SmartWatch,Light,2,100.0,200.0,Meta,cpc
ORD-3465,2023-10-24,SMW-01,SmartWatch,Light,3,100.0,300.0,Meta,cpc
ORD-3466,2023-10-24,SMW-01,SmartWatch,Light,3,100.0,300.0,Meta,cpc
ORD-3467,2023-10-24,SMW-01,SmartWatch,Light,1,100.0,100.0,Meta,cpc
ORD-3468,2023-10-24,SMW-01,SmartWatch,Light,2,100.0,200.0,Meta,cpc
ORD-3469,2023-10-24,SMW-01,SmartWatch,Light,1,100.0,100.0,Meta,cpc
ORD-3470,2023-10-24,SMW-01,SmartWatch,Light,2,100.0,200.0,Meta,cpc
ORD-3471,2023-10-24,SMW-01,SmartWatch,Light,1,100.0,100.0,Meta,cpc
ORD-3472,2023-10-24,SMW-01,SmartWatch,Light,2,100.0,200.0,Meta,cpc
ORD-3473,2023-10-24,SMW-01,SmartWatch,Light,2,100.0,200.0,Meta,cpc
ORD-3474,2023-10-24,SMW-01,SmartWatch,Light,1,100.0,100.0,Meta,cpc
ORD-3475,2023-10-24,SMW-01,SmartWatch,Light,1,100.0,100.0,Meta,cpc
ORD-3476,2023-10-24,SMW-01,SmartWatch,Light,1,100.0,100.0,Meta,cpc
ORD-3477,2023-10-24,SMW-01,SmartWatch,Light,1,100.0,100.0,Meta,cpc
ORD-3478,2023-10-24,SMW-01,SmartWatch,Light,2,100.0,200.0,Meta,cpc
ORD-3479,2023-10-24,SMW-01,SmartWatch,Light,2,100.0,200.0,Meta,cpc
ORD-3480,2023-10-24,SMW-01,SmartWatch,Light,3,100.0,300.0,Meta,cpc
ORD-3481,2023-10-24,SMW-01,SmartWatch,Light,2,100.0,200.0,Meta,cpc
ORD-3482,2023-10-24,SMW-01,SmartWatch,Light,1,100.0,100.0,Meta,cpc
ORD-3483,2023-10-24,SMW-01,SmartWatch,Light,1,100.0,100.0,Meta,cpc
ORD-3484,2023-10-24,SMW-01,SmartWatch,Light,2,100.0,200.0,Meta,cpc
ORD-3485,2023-10-24,SMW-01,SmartWatch,Light,3,100.0,300.0,Meta,cpc
ORD-3486,2023-10-24,SMW-01,SmartWatch,Light,3,100.0,300.0,Meta,cpc
ORD-3487,2023-10-24,SMW-01,SmartWatch,Light,2,100.0,200.0,Meta,cpc
ORD-3488,2023-10-24,SMW-01,SmartWatch,Light,1,100.0,100.0,Meta,cpc
ORD-3489,2023-10-24,SMW-01,SmartWatch,Light,1,100.0,100.0,Meta,cpc
ORD-3490,2023-10-24,SMW-01,SmartWatch,Light,2,100.0,200.0,Meta,cpc
ORD-3491,2023-10-24,SMW-01,SmartWatch,Light,3,100.0,300.0,Meta,cpc
ORD-3492,2023-10-24,SMW-01,SmartWatch,Light,2,100.0,200.0,Meta,cpc
ORD-3493,2023-10-24,SMW-01,SmartWatch,Light,2,100.0,200.0,Meta,cpc
ORD-3494,2023-10-24,SMW-01,SmartWatch,Light,2,100.0,200.0,Meta,cpc
ORD-3495,2023-10-24,SMW-01,SmartWatch,Light,2,100.0,200.0,Meta,cpc
ORD-3496,2023-10-24,SMW-01,SmartWatch,Light,1,100.0,100.0,Meta,cpc
ORD-3497,2023-10-24,SMW-01,SmartWatch,Light,1,100.0,100.0,Meta,cpc
ORD-3498,2023-10-24,SMW-01,SmartWatch,Light,2,100.0,200.0,Meta,cpc
ORD-3499,2023-10-24,SMW-01,SmartWatch,Light,3,100.0,300.0,Meta,cpc
ORD-3500,2023-10-24,SMW-01,SmartWatch,Light,2,100.0,200.0,Meta,cpc
ORD-3501,2023-10-24,SMW-01,SmartWatch,Light,1,100.0,100.0,Meta,cpc
ORD-3502,2023-10-24,SMW-01,SmartWatch,Light,1,100.0,100.0,Meta,cpc
ORD-3503,2023-10-24,SMW-01,SmartWatch,Light,3,100.0,300.0,Meta,cpc
ORD-3504,2023-10-24,SMW-01,SmartWatch,Light,2,100.0,200.0,Meta,cpc
ORD-3505,2023-10-24,SMW-01,SmartWatch,Light,1,100.0,100.0,Meta,cpc
ORD-3506,2023-10-24,SMW-01,SmartWatch,Light,1,100.0,100.0,Meta,cpc
ORD-3507,2023-10-24,SMW-01,SmartWatch,Light,2,100.0,200.0,Meta,cpc
ORD-3508,2023-10-24,SMW-01,SmartWatch,Light,2,100.0,200.0,Meta,cpc
ORD-3509,2023-10-24,SMW-01,SmartWatch,Light,3,100.0,300.0,Meta,cpc
ORD-3510,2023-10-24,SMW-01,SmartWatch,Light,3,100.0,300.0,Meta,cpc
ORD-3511,2023-10-24,SMW-01,SmartWatch,Light,3,100.0,300.0,Meta,cpc
ORD-3512,2023-10-24,SMW-01,SmartWatch,Light,2,100.0,200.0,Meta,cpc
ORD-3513,2023-10-24,SMW-01,SmartWatch,Light,2,100.0,200.0,Meta,cpc
ORD-3514,2023-10-24,SMW-01,SmartWatch,Light,3,100.0,300.0,Meta,cpc
ORD-3515,2023-10-24,SMW-01,SmartWatch,Light,1,100.0,100.0,Meta,cpc
ORD-3516,2023-10-24,SMW-01,SmartWatch,Light,1,100.0,100.0,Meta,cpc
ORD-3517,2023-10-24,SMW-01,SmartWatch,Light,2,100.0,200.0,Meta,cpc
ORD-3518,2023-10-24,SMW-01,SmartWatch,Light,1,100.0,100.0,Meta,cpc
ORD-3519,2023-10-24,SMW-01,SmartWatch,Light,2,100.0,200.0,Meta,cpc
ORD-3520,2023-10-24,SMW-01,SmartWatch,Light,3,100.0,300.0,Meta,cpc
ORD-3521,2023-10-24,SMW-01,SmartWatch,Light,2,100.0,200.0,Meta,cpc
ORD-3522,2023-10-24,SMW-01,SmartWatch,Light,2,100.0,200.0,Meta,cpc
ORD-3523,2023-10-24,SMW-01,SmartWatch,Light,2,100.0,200.0,Meta,cpc
ORD-3524,2023-10-24,SMW-01,SmartWatch,Light,1,100.0,100.0,Meta,cpc
ORD-3525,2023-10-24,SMW-01,SmartWatch,Light,2,100.0,200.0,Meta,cpc
ORD-3526,2023-10-24,SMW-01,SmartWatch,Light,1,100.0,100.0,Meta,cpc
ORD-3527,2023-10-24,SMW-01,SmartWatch,Light,3,100.0,300.0,Meta,cpc
ORD-3528,2023-10-24,SMW-01,SmartWatch,Light,3,100.0,300.0,Meta,cpc
ORD-3529,2023-10-24,SMW-01,SmartWatch,Light,1,100.0,100.0,Meta,cpc
ORD-3530,2023-10-24,SMW-01,SmartWatch,Light,2,100.0,200.0,Meta,cpc
ORD-3531,2023-10-24,SMW-01,SmartWatch,Light,3,100.0,300.0,Meta,cpc
ORD-3532,2023-10-24,SMW-01,SmartWatch,Light,2,100.0,200.0,Meta,cpc
ORD-3533,2023-10-24,SMW-01,SmartWatch,Light,1,100.0,100.0,Meta,cpc
ORD-3534,2023-10-24,SMW-01,SmartWatch,Light,2,100.0,200.0,Meta,cpc
ORD-3535,2023-10-24,SMW-01,SmartWatch,Light,3,100.0,300.0,Meta,cpc
ORD-3536,2023-10-24,SMW-01,SmartWatch,Light,2,100.0,200.0,Meta,cpc
ORD-3537,2023-10-24,SMW-01,SmartWatch,Light,3,100.0,300.0,Meta,cpc
ORD-3538,2023-10-24,SMW-01,SmartWatch,Light,2,100.0,200.0,Meta,cpc
ORD-3539,2023-10-24,SMW-01,SmartWatch,Light,3,100.0,300.0,Meta,cpc
ORD-3540,2023-10-24,SMW-01,SmartWatch,Light,3,100.0,300.0,Meta,cpc
ORD-3541,2023-10-24,SMW-01,SmartWatch,Light,3,100.0,300.0,Meta,cpc
ORD-3542,2023-10-25,SMW-01,SmartWatch,Light,1,100.0,100.0,Meta,cpc
ORD-3543,2023-10-25,SMW-01,SmartWatch,Light,1,100.0,100.0,Meta,cpc
ORD-3544,2023-10-25,SMW-01,SmartWatch,Light,1,100.0,100.0,Meta,cpc
ORD-3545,2023-10-25,SMW-01,SmartWatch,Light,2,100.0,200.0,Meta,cpc
ORD-3546,2023-10-25,SMW-01,SmartWatch,Light,2,100.0,200.0,Meta,cpc
ORD-3547,2023-10-25,SMW-01,SmartWatch,Light,2,100.0,200.0,Meta,cpc
ORD-3548,2023-10-25,SMW-01,SmartWatch,Light,3,100.0,300.0,Meta,cpc
ORD-3549,2023-10-25,SMW-01,SmartWatch,Light,2,100.0,200.0,Meta,cpc
ORD-3550,2023-10-25,SMW-01,SmartWatch,Light,1,100.0,100.0,Meta,cpc
ORD-3551,2023-10-25,SMW-01,SmartWatch,Light,1,100.0,100.0,Meta,cpc
ORD-3552,2023-10-25,SMW-01,SmartWatch,Light,3,100.0,300.0,Meta,cpc
ORD-3553,2023-10-25,SMW-01,SmartWatch,Light,3,100.0,300.0,Meta,cpc
ORD-3554,2023-10-25,SMW-01,SmartWatch,Light,2,100.0,200.0,Meta,cpc
ORD-3555,2023-10-25,SMW-01,SmartWatch,Light,3,100.0,300.0,Meta,cpc
ORD-3556,2023-10-25,SMW-01,SmartWatch,Light,1,100.0,100.0,Meta,cpc
ORD-3557,2023-10-25,SMW-01,SmartWatch,Light,1,100.0,100.0,Meta,cpc
ORD-3558,2023-10-25,SMW-01,SmartWatch,Light,1,100.0,100.0,Meta,cpc
ORD-3559,2023-10-25,SMW-01,SmartWatch,Light,1,100.0,100.0,Meta,cpc
ORD-3560,2023-10-25,SMW-01,SmartWatch,Light,3,100.0,300.0,Meta,cpc
ORD-3561,2023-10-25,SMW-01,SmartWatch,Light,2,100.0,200.0,Meta,cpc
ORD-3562,2023-10-25,SMW-01,SmartWatch,Light,2,100.0,200.0,Meta,cpc
ORD-3563,2023-10-25,SMW-01,SmartWatch,Light,3,100.0,300.0,Meta,cpc
ORD-3564,2023-10-25,SMW-01,SmartWatch,Light,2,100.0,200.0,Meta,cpc
ORD-3565,2023-10-25,SMW-01,SmartWatch,Light,1,100.0,100.0,Meta,cpc
ORD-3566,2023-10-25,SMW-01,SmartWatch,Light,3,100.0,300.0,Meta,cpc
ORD-3567,2023-10-25,SMW-01,SmartWatch,Light,3,100.0,300.0,Meta,cpc
ORD-3568,2023-10-25,SMW-01,SmartWatch,Light,1,100.0,100.0,Meta,cpc
ORD-3569,2023-10-25,SMW-01,SmartWatch,Light,2,100.0,200.0,Meta,cpc
ORD-3570,2023-10-25,SMW-01,SmartWatch,Light,3,100.0,300.0,Meta,cpc
ORD-3571,2023-10-25,SMW-01,SmartWatch,Light,2,100.0,200.0,Meta,cpc
ORD-3572,2023-10-25,SMW-01,SmartWatch,Light,1,100.0,100.0,Meta,cpc
ORD-3573,2023-10-25,SMW-01,SmartWatch,Light,2,100.0,200.0,Meta,cpc
ORD-3574,2023-10-25,SMW-01,SmartWatch,Light,3,100.0,300.0,Meta,cpc
ORD-3575,2023-10-25,SMW-01,SmartWatch,Light,3,100.0,300.0,Meta,cpc
ORD-3576,2023-10-25,SMW-01,SmartWatch,Light,2,100.0,200.0,Meta,cpc
ORD-3577,2023-10-25,SMW-01,SmartWatch,Light,3,100.0,300.0,Meta,cpc
ORD-3578,2023-10-25,SMW-01,SmartWatch,Light,2,100.0,200.0,Meta,cpc
ORD-3579,2023-10-25,SMW-01,SmartWatch,Light,3,100.0,300.0,Meta,cpc
ORD-3580,2023-10-25,SMW-01,SmartWatch,Light,3,100.0,300.0,Meta,cpc
ORD-3581,2023-10-25,SMW-01,SmartWatch,Light,3,100.0,300.0,Meta,cpc
ORD-3582,2023-10-25,SMW-01,SmartWatch,Light,2,100.0,200.0,Meta,cpc
ORD-3583,2023-10-25,SMW-01,SmartWatch,Light,3,100.0,300.0,Meta,cpc
ORD-3584,2023-10-25,SMW-01,SmartWatch,Light,3,100.0,300.0,Meta,cpc
ORD-3585,2023-10-25,SMW-01,SmartWatch,Light,2,100.0,200.0,Meta,cpc
ORD-3586,2023-10-25,SMW-01,SmartWatch,Light,2,100.0,200.0,Meta,cpc
ORD-3587,2023-10-25,SMW-01,SmartWatch,Light,1,100.0,100.0,Meta,cpc
ORD-3588,2023-10-25,SMW-01,SmartWatch,Light,2,100.0,200.0,Meta,cpc
ORD-3589,2023-10-25,SMW-01,SmartWatch,Light,2,100.0,200.0,Meta,cpc
ORD-3590,2023-10-25,SMW-01,SmartWatch,Light,3,100.0,300.0,Meta,cpc
ORD-3591,2023-10-25,SMW-01,SmartWatch,Light,1,100.0,100.0,Meta,cpc
ORD-3592,2023-10-25,SMW-01,SmartWatch,Light,2,100.0,200.0,Meta,cpc
ORD-3593,2023-10-25,SMW-01,SmartWatch,Light,3,100.0,300.0,Meta,cpc
ORD-3594,2023-10-25,SMW-01,SmartWatch,Light,2,100.0,200.0,Meta,cpc
ORD-3595,2023-10-25,SMW-01,SmartWatch,Light,3,100.0,300.0,Meta,cpc
ORD-3596,2023-10-25,SMW-01,SmartWatch,Light,3,100.0,300.0,Meta,cpc
ORD-3597,2023-10-25,SMW-01,SmartWatch,Light,3,100.0,300.0,Meta,cpc
ORD-3598,2023-10-25,SMW-01,SmartWatch,Light,1,100.0,100.0,Meta,cpc
ORD-3599,2023-10-25,SMW-01,SmartWatch,Light,3,100.0,300.0,Meta,cpc
ORD-3600,2023-10-25,SMW-01,SmartWatch,Light,2,100.0,200.0,Meta,cpc
ORD-3601,2023-10-25,SMW-01,SmartWatch,Light,2,100.0,200.0,Meta,cpc
ORD-3602,2023-10-25,SMW-01,SmartWatch,Light,3,100.0,300.0,Meta,cpc
ORD-3603,2023-10-25,SMW-01,SmartWatch,Light,3,100.0,300.0,Meta,cpc
ORD-3604,2023-10-25,SMW-01,SmartWatch,Light,2,100.0,200.0,Meta,cpc
ORD-3605,2023-10-26,SMW-01,SmartWatch,Light,1,100.0,100.0,Meta,cpc
ORD-3606,2023-10-26,SMW-01,SmartWatch,Light,3,100.0,300.0,Meta,cpc
ORD-3607,2023-10-26,SMW-01,SmartWatch,Light,1,100.0,100.0,Meta,cpc
ORD-3608,2023-10-26,SMW-01,SmartWatch,Light,3,100.0,300.0,Meta,cpc
ORD-3609,2023-10-26,SMW-01,SmartWatch,Light,2,100.0,200.0,Meta,cpc
ORD-3610,2023-10-26,SMW-01,SmartWatch,Light,1,100.0,100.0,Meta,cpc
ORD-3611,2023-10-26,SMW-01,SmartWatch,Light,3,100.0,300.0,Meta,cpc
ORD-3612,2023-10-26,SMW-01,SmartWatch,Light,3,100.0,300.0,Meta,cpc
ORD-3613,2023-10-26,SMW-01,SmartWatch,Light,3,100.0,300.0,Meta,cpc
ORD-3614,2023-10-26,SMW-01,SmartWatch,Light,3,100.0,300.0,Meta,cpc
ORD-3615,2023-10-26,SMW-01,SmartWatch,Light,2,100.0,200.0,Meta,cpc
ORD-3616,2023-10-26,SMW-01,SmartWatch,Light,1,100.0,100.0,Meta,cpc
ORD-3617,2023-10-26,SMW-01,SmartWatch,Light,3,100.0,300.0,Meta,cpc
ORD-3618,2023-10-26,SMW-01,SmartWatch,Light,1,100.0,100.0,Meta,cpc
ORD-3619,2023-10-26,SMW-01,SmartWatch,Light,1,100.0,100.0,Meta,cpc
ORD-3620,2023-10-26,SMW-01,SmartWatch,Light,3,100.0,300.0,Meta,cpc
ORD-3621,2023-10-26,SMW-01,SmartWatch,Light,3,100.0,300.0,Meta,cpc
ORD-3622,2023-10-26,SMW-01,SmartWatch,Light,1,100.0,100.0,Meta,cpc
ORD-3623,2023-10-26,SMW-01,SmartWatch,Light,1,100.0,100.0,Meta,cpc
ORD-3624,2023-10-26,SMW-01,SmartWatch,Light,1,100.0,100.0,Meta,cpc
ORD-3625,2023-10-26,SMW-01,SmartWatch,Light,2,100.0,200.0,Meta,cpc
ORD-3626,2023-10-26,SMW-01,SmartWatch,Light,2,100.0,200.0,Meta,cpc
ORD-3627,2023-10-26,SMW-01,SmartWatch,Light,2,100.0,200.0,Meta,cpc
ORD-3628,2023-10-26,SMW-01,SmartWatch,Light,1,100.0,100.0,Meta,cpc
ORD-3629,2023-10-26,SMW-01,SmartWatch,Light,2,100.0,200.0,Meta,cpc
ORD-3630,2023-10-26,SMW-01,SmartWatch,Light,3,100.0,300.0,Meta,cpc
ORD-3631,2023-10-26,SMW-01,SmartWatch,Light,1,100.0,100.0,Meta,cpc
ORD-3632,2023-10-26,SMW-01,SmartWatch,Light,2,100.0,200.0,Meta,cpc
ORD-3633,2023-10-26,SMW-01,SmartWatch,Light,3,100.0,300.0,Meta,cpc
ORD-3634,2023-10-26,SMW-01,SmartWatch,Light,3,100.0,300.0,Meta,cpc
ORD-3635,2023-10-26,SMW-01,SmartWatch,Light,2,100.0,200.0,Meta,cpc
ORD-3636,2023-10-26,SMW-01,SmartWatch,Light,3,100.0,300.0,Meta,cpc
ORD-3637,2023-10-26,SMW-01,SmartWatch,Light,3,100.0,300.0,Meta,cpc
ORD-3638,2023-10-26,SMW-01,SmartWatch,Light,1,100.0,100.0,Meta,cpc
ORD-3639,2023-10-26,SMW-01,SmartWatch,Light,3,100.0,300.0,Meta,cpc
ORD-3640,2023-10-26,SMW-01,SmartWatch,Light,1,100.0,100.0,Meta,cpc
ORD-3641,2023-10-26,SMW-01,SmartWatch,Light,3,100.0,300.0,Meta,cpc
ORD-3642,2023-10-26,SMW-01,SmartWatch,Light,1,100.0,100.0,Meta,cpc
ORD-3643,2023-10-26,SMW-01,SmartWatch,Light,3,100.0,300.0,Meta,cpc
ORD-3644,2023-10-26,SMW-01,SmartWatch,Light,2,100.0,200.0,Meta,cpc
ORD-3645,2023-10-26,SMW-01,SmartWatch,Light,3,100.0,300.0,Meta,cpc
ORD-3646,2023-10-26,SMW-01,SmartWatch,Light,2,100.0,200.0,Meta,cpc
ORD-3647,2023-10-26,SMW-01,SmartWatch,Light,3,100.0,300.0,Meta,cpc
ORD-3648,2023-10-26,SMW-01,SmartWatch,Light,2,100.0,200.0,Meta,cpc
ORD-3649,2023-10-26,SMW-01,SmartWatch,Light,2,100.0,200.0,Meta,cpc
ORD-3650,2023-10-26,SMW-01,SmartWatch,Light,1,100.0,100.0,Meta,cpc
ORD-3651,2023-10-26,SMW-01,SmartWatch,Light,2,100.0,200.0,Meta,cpc
ORD-3652,2023-10-26,SMW-01,SmartWatch,Light,3,100.0,300.0,Meta,cpc
ORD-3653,2023-10-26,SMW-01,SmartWatch,Light,2,100.0,200.0,Meta,cpc
ORD-3654,2023-10-26,SMW-01,SmartWatch,Light,3,100.0,300.0,Meta,cpc
ORD-3655,2023-10-26,SMW-01,SmartWatch,Light,2,100.0,200.0,Meta,cpc
ORD-3656,2023-10-26,SMW-01,SmartWatch,Light,3,100.0,300.0,Meta,cpc
ORD-3657,2023-10-26,SMW-01,SmartWatch,Light,3,100.0,300.0,Meta,cpc
ORD-3658,2023-10-26,SMW-01,SmartWatch,Light,3,100.0,300.0,Meta,cpc
ORD-3659,2023-10-26,SMW-01,SmartWatch,Light,3,100.0,300.0,Meta,cpc
ORD-3660,2023-10-26,SMW-01,SmartWatch,Light,3,100.0,300.0,Meta,cpc
ORD-3661,2023-10-26,SMW-01,SmartWatch,Light,2,100.0,200.0,Meta,cpc
ORD-3662,2023-10-26,SMW-01,SmartWatch,Light,3,100.0,300.0,Meta,cpc
ORD-3663,2023-10-26,SMW-01,SmartWatch,Light,2,100.0,200.0,Meta,cpc
ORD-3664,2023-10-26,SMW-01,SmartWatch,Light,1,100.0,100.0,Meta,cpc
ORD-3665,2023-10-26,SMW-01,SmartWatch,Light,1,100.0,100.0,Meta,cpc
ORD-3666,2023-10-26,SMW-01,SmartWatch,Light,2,100.0,200.0,Meta,cpc
ORD-3667,2023-10-26,SMW-01,SmartWatch,Light,3,100.0,300.0,Meta,cpc
ORD-3668,2023-10-27,SMW-01,SmartWatch,Light,2,100.0,200.0,Meta,cpc
ORD-3669,2023-10-27,SMW-01,SmartWatch,Light,1,100.0,100.0,Meta,cpc
ORD-3670,2023-10-27,SMW-01,SmartWatch,Light,2,100.0,200.0,Meta,cpc
ORD-3671,2023-10-27,SMW-01,SmartWatch,Light,2,100.0,200.0,Meta,cpc
ORD-3672,2023-10-27,SMW-01,SmartWatch,Light,3,100.0,300.0,Meta,cpc
ORD-3673,2023-10-27,SMW-01,SmartWatch,Light,1,100.0,100.0,Meta,cpc
ORD-3674,2023-10-27,SMW-01,SmartWatch,Light,3,100.0,300.0,Meta,cpc
ORD-3675,2023-10-27,SMW-01,SmartWatch,Light,3,100.0,300.0,Meta,cpc
ORD-3676,2023-10-27,SMW-01,SmartWatch,Light,2,100.0,200.0,Meta,cpc
ORD-3677,2023-10-27,SMW-01,SmartWatch,Light,2,100.0,200.0,Meta,cpc
ORD-3678,2023-10-27,SMW-01,SmartWatch,Light,2,100.0,200.0,Meta,cpc
ORD-3679,2023-10-27,SMW-01,SmartWatch,Light,2,100.0,200.0,Meta,cpc
ORD-3680,2023-10-27,SMW-01,SmartWatch,Light,3,100.0,300.0,Meta,cpc
ORD-3681,2023-10-27,SMW-01,SmartWatch,Light,3,100.0,300.0,Meta,cpc
ORD-3682,2023-10-27,SMW-01,SmartWatch,Light,2,100.0,200.0,Meta,cpc
ORD-3683,2023-10-27,SMW-01,SmartWatch,Light,2,100.0,200.0,Meta,cpc
ORD-3684,2023-10-27,SMW-01,SmartWatch,Light,1,100.0,100.0,Meta,cpc
ORD-3685,2023-10-27,SMW-01,SmartWatch,Light,3,100.0,300.0,Meta,cpc
ORD-3686,2023-10-27,SMW-01,SmartWatch,Light,3,100.0,300.0,Meta,cpc
ORD-3687,2023-10-27,SMW-01,SmartWatch,Light,3,100.0,300.0,Meta,cpc
ORD-3688,2023-10-27,SMW-01,SmartWatch,Light,2,100.0,200.0,Meta,cpc
ORD-3689,2023-10-27,SMW-01,SmartWatch,Light,2,100.0,200.0,Meta,cpc
ORD-3690,2023-10-27,SMW-01,SmartWatch,Light,2,100.0,200.0,Meta,cpc
ORD-3691,2023-10-27,SMW-01,SmartWatch,Light,1,100.0,100.0,Meta,cpc
ORD-3692,2023-10-27,SMW-01,SmartWatch,Light,2,100.0,200.0,Meta,cpc
ORD-3693,2023-10-27,SMW-01,SmartWatch,Light,1,100.0,100.0,Meta,cpc
ORD-3694,2023-10-27,SMW-01,SmartWatch,Light,2,100.0,200.0,Meta,cpc
ORD-3695,2023-10-27,SMW-01,SmartWatch,Light,3,100.0,300.0,Meta,cpc
ORD-3696,2023-10-27,SMW-01,SmartWatch,Light,1,100.0,100.0,Meta,cpc
ORD-3697,2023-10-27,SMW-01,SmartWatch,Light,2,100.0,200.0,Meta,cpc
ORD-3698,2023-10-27,SMW-01,SmartWatch,Light,2,100.0,200.0,Meta,cpc
ORD-3699,2023-10-27,SMW-01,SmartWatch,Light,3,100.0,300.0,Meta,cpc
ORD-3700,2023-10-27,SMW-01,SmartWatch,Light,2,100.0,200.0,Meta,cpc
ORD-3701,2023-10-27,SMW-01,SmartWatch,Light,3,100.0,300.0,Meta,cpc
ORD-3702,2023-10-27,SMW-01,SmartWatch,Light,2,100.0,200.0,Meta,cpc
ORD-3703,2023-10-27,SMW-01,SmartWatch,Light,1,100.0,100.0,Meta,cpc
ORD-3704,2023-10-27,SMW-01,SmartWatch,Light,1,100.0,100.0,Meta,cpc
ORD-3705,2023-10-27,SMW-01,SmartWatch,Light,3,100.0,300.0,Meta,cpc
ORD-3706,2023-10-27,SMW-01,SmartWatch,Light,2,100.0,200.0,Meta,cpc
ORD-3707,2023-10-27,SMW-01,SmartWatch,Light,3,100.0,300.0,Meta,cpc
ORD-3708,2023-10-27,SMW-01,SmartWatch,Light,3,100.0,300.0,Meta,cpc
ORD-3709,2023-10-27,SMW-01,SmartWatch,Light,2,100.0,200.0,Meta,cpc
ORD-3710,2023-10-27,SMW-01,SmartWatch,Light,1,100.0,100.0,Meta,cpc
ORD-3711,2023-10-27,SMW-01,SmartWatch,Light,1,100.0,100.0,Meta,cpc
ORD-3712,2023-10-27,SMW-01,SmartWatch,Light,3,100.0,300.0,Meta,cpc
ORD-3713,2023-10-27,SMW-01,SmartWatch,Light,3,100.0,300.0,Meta,cpc
ORD-3714,2023-10-27,SMW-01,SmartWatch,Light,3,100.0,300.0,Meta,cpc
ORD-3715,2023-10-27,SMW-01,SmartWatch,Light,1,100.0,100.0,Meta,cpc
ORD-3716,2023-10-27,SMW-01,SmartWatch,Light,1,100.0,100.0,Meta,cpc
ORD-3717,2023-10-27,SMW-01,SmartWatch,Light,1,100.0,100.0,Meta,cpc
ORD-3718,2023-10-27,SMW-01,SmartWatch,Light,3,100.0,300.0,Meta,cpc
ORD-3719,2023-10-27,SMW-01,SmartWatch,Light,3,100.0,300.0,Meta,cpc
ORD-3720,2023-10-27,SMW-01,SmartWatch,Light,1,100.0,100.0,Meta,cpc
ORD-3721,2023-10-27,SMW-01,SmartWatch,Light,3,100.0,300.0,Meta,cpc
ORD-3722,2023-10-27,SMW-01,SmartWatch,Light,1,100.0,100.0,Meta,cpc
ORD-3723,2023-10-27,SMW-01,SmartWatch,Light,1,100.0,100.0,Meta,cpc
ORD-3724,2023-10-27,SMW-01,SmartWatch,Light,1,100.0,100.0,Meta,cpc
ORD-3725,2023-10-27,SMW-01,SmartWatch,Light,2,100.0,200.0,Meta,cpc
ORD-3726,2023-10-27,SMW-01,SmartWatch,Light,2,100.0,200.0,Meta,cpc
ORD-3727,2023-10-27,SMW-01,SmartWatch,Light,3,100.0,300.0,Meta,cpc
ORD-3728,2023-10-27,SMW-01,SmartWatch,Light,2,100.0,200.0,Meta,cpc
ORD-3729,2023-10-27,SMW-01,SmartWatch,Light,1,100.0,100.0,Meta,cpc
ORD-3730,2023-10-27,SMW-01,SmartWatch,Light,3,100.0,300.0,Meta,cpc
ORD-3731,2023-10-27,SMW-01,SmartWatch,Light,1,100.0,100.0,Meta,cpc
ORD-3732,2023-10-27,SMW-01,SmartWatch,Light,1,100.0,100.0,Meta,cpc
ORD-3733,2023-10-27,SMW-01,SmartWatch,Light,3,100.0,300.0,Meta,cpc
ORD-3734,2023-10-27,SMW-01,SmartWatch,Light,1,100.0,100.0,Meta,cpc
ORD-3735,2023-10-27,SMW-01,SmartWatch,Light,2,100.0,200.0,Meta,cpc
ORD-3736,2023-10-28,SMW-01,SmartWatch,Light,3,100.0,300.0,Meta,cpc
ORD-3737,2023-10-28,SMW-01,SmartWatch,Light,2,100.0,200.0,Meta,cpc
ORD-3738,2023-10-28,SMW-01,SmartWatch,Light,2,100.0,200.0,Meta,cpc
ORD-3739,2023-10-28,SMW-01,SmartWatch,Light,3,100.0,300.0,Meta,cpc
ORD-3740,2023-10-28,SMW-01,SmartWatch,Light,1,100.0,100.0,Meta,cpc
ORD-3741,2023-10-28,SMW-01,SmartWatch,Light,2,100.0,200.0,Meta,cpc
ORD-3742,2023-10-28,SMW-01,SmartWatch,Light,2,100.0,200.0,Meta,cpc
ORD-3743,2023-10-28,SMW-01,SmartWatch,Light,2,100.0,200.0,Meta,cpc
ORD-3744,2023-10-28,SMW-01,SmartWatch,Light,3,100.0,300.0,Meta,cpc
ORD-3745,2023-10-28,SMW-01,SmartWatch,Light,1,100.0,100.0,Meta,cpc
ORD-3746,2023-10-28,SMW-01,SmartWatch,Light,1,100.0,100.0,Meta,cpc
ORD-3747,2023-10-28,SMW-01,SmartWatch,Light,3,100.0,300.0,Meta,cpc
ORD-3748,2023-10-28,SMW-01,SmartWatch,Light,3,100.0,300.0,Meta,cpc
ORD-3749,2023-10-28,SMW-01,SmartWatch,Light,1,100.0,100.0,Meta,cpc
ORD-3750,2023-10-28,SMW-01,SmartWatch,Light,3,100.0,300.0,Meta,cpc
ORD-3751,2023-10-28,SMW-01,SmartWatch,Light,3,100.0,300.0,Meta,cpc
ORD-3752,2023-10-28,SMW-01,SmartWatch,Light,3,100.0,300.0,Meta,cpc
ORD-3753,2023-10-28,SMW-01,SmartWatch,Light,1,100.0,100.0,Meta,cpc
ORD-3754,2023-10-28,SMW-01,SmartWatch,Light,1,100.0,100.0,Meta,cpc
ORD-3755,2023-10-28,SMW-01,SmartWatch,Light,2,100.0,200.0,Meta,cpc
ORD-3756,2023-10-28,SMW-01,SmartWatch,Light,1,100.0,100.0,Meta,cpc
ORD-3757,2023-10-28,SMW-01,SmartWatch,Light,1,100.0,100.0,Meta,cpc
ORD-3758,2023-10-28,SMW-01,SmartWatch,Light,2,100.0,200.0,Meta,cpc
ORD-3759,2023-10-28,SMW-01,SmartWatch,Light,2,100.0,200.0,Meta,cpc
ORD-3760,2023-10-28,SMW-01,SmartWatch,Light,1,100.0,100.0,Meta,cpc
ORD-3761,2023-10-28,SMW-01,SmartWatch,Light,3,100.0,300.0,Meta,cpc
ORD-3762,2023-10-28,SMW-01,SmartWatch,Light,2,100.0,200.0,Meta,cpc
ORD-3763,2023-10-28,SMW-01,SmartWatch,Light,1,100.0,100.0,Meta,cpc
ORD-3764,2023-10-28,SMW-01,SmartWatch,Light,1,100.0,100.0,Meta,cpc
ORD-3765,2023-10-28,SMW-01,SmartWatch,Light,2,100.0,200.0,Meta,cpc
ORD-3766,2023-10-28,SMW-01,SmartWatch,Light,3,100.0,300.0,Meta,cpc
ORD-3767,2023-10-28,SMW-01,SmartWatch,Light,3,100.0,300.0,Meta,cpc
ORD-3768,2023-10-28,SMW-01,SmartWatch,Light,1,100.0,100.0,Meta,cpc
ORD-3769,2023-10-28,SMW-01,SmartWatch,Light,2,100.0,200.0,Meta,cpc
ORD-3770,2023-10-28,SMW-01,SmartWatch,Light,2,100.0,200.0,Meta,cpc
ORD-3771,2023-10-28,SMW-01,SmartWatch,Light,2,100.0,200.0,Meta,cpc
ORD-3772,2023-10-28,SMW-01,SmartWatch,Light,3,100.0,300.0,Meta,cpc
ORD-3773,2023-10-28,SMW-01,SmartWatch,Light,3,100.0,300.0,Meta,cpc
ORD-3774,2023-10-28,SMW-01,SmartWatch,Light,3,100.0,300.0,Meta,cpc
ORD-3775,2023-10-28,SMW-01,SmartWatch,Light,2,100.0,200.0,Meta,cpc
ORD-3776,2023-10-28,SMW-01,SmartWatch,Light,1,100.0,100.0,Meta,cpc
ORD-3777,2023-10-28,SMW-01,SmartWatch,Light,3,100.0,300.0,Meta,cpc
ORD-3778,2023-10-28,SMW-01,SmartWatch,Light,2,100.0,200.0,Meta,cpc
ORD-3779,2023-10-28,SMW-01,SmartWatch,Light,2,100.0,200.0,Meta,cpc
ORD-3780,2023-10-28,SMW-01,SmartWatch,Light,1,100.0,100.0,Meta,cpc
ORD-3781,2023-10-28,SMW-01,SmartWatch,Light,1,100.0,100.0,Meta,cpc
ORD-3782,2023-10-28,SMW-01,SmartWatch,Light,2,100.0,200.0,Meta,cpc
ORD-3783,2023-10-28,SMW-01,SmartWatch,Light,1,100.0,100.0,Meta,cpc
ORD-3784,2023-10-28,SMW-01,SmartWatch,Light,3,100.0,300.0,Meta,cpc
ORD-3785,2023-10-28,SMW-01,SmartWatch,Light,2,100.0,200.0,Meta,cpc
ORD-3786,2023-10-28,SMW-01,SmartWatch,Light,3,100.0,300.0,Meta,cpc
ORD-3787,2023-10-28,SMW-01,SmartWatch,Light,2,100.0,200.0,Meta,cpc
ORD-3788,2023-10-28,SMW-01,SmartWatch,Light,3,100.0,300.0,Meta,cpc
ORD-3789,2023-10-28,SMW-01,SmartWatch,Light,1,100.0,100.0,Meta,cpc
ORD-3790,2023-10-28,SMW-01,SmartWatch,Light,1,100.0,100.0,Meta,cpc
ORD-3791,2023-10-28,SMW-01,SmartWatch,Light,3,100.0,300.0,Meta,cpc
ORD-3792,2023-10-28,SMW-01,SmartWatch,Light,2,100.0,200.0,Meta,cpc
ORD-3793,2023-10-28,SMW-01,SmartWatch,Light,2,100.0,200.0,Meta,cpc
ORD-3794,2023-10-28,SMW-01,SmartWatch,Light,3,100.0,300.0,Meta,cpc
ORD-3795,2023-10-28,SMW-01,SmartWatch,Light,3,100.0,300.0,Meta,cpc
ORD-3796,2023-10-28,SMW-01,SmartWatch,Light,1,100.0,100.0,Meta,cpc
ORD-3797,2023-10-28,SMW-01,SmartWatch,Light,1,100.0,100.0,Meta,cpc
ORD-3798,2023-10-28,SMW-01,SmartWatch,Light,2,100.0,200.0,Meta,cpc
ORD-3799,2023-10-29,SMW-01,SmartWatch,Light,3,100.0,300.0,Meta,cpc
ORD-3800,2023-10-29,SMW-01,SmartWatch,Light,2,100.0,200.0,Meta,cpc
ORD-3801,2023-10-29,SMW-01,SmartWatch,Light,2,100.0,200.0,Meta,cpc
ORD-3802,2023-10-29,SMW-01,SmartWatch,Light,3,100.0,300.0,Meta,cpc
ORD-3803,2023-10-29,SMW-01,SmartWatch,Light,2,100.0,200.0,Meta,cpc
ORD-3804,2023-10-29,SMW-01,SmartWatch,Light,1,100.0,100.0,Meta,cpc
ORD-3805,2023-10-29,SMW-01,SmartWatch,Light,2,100.0,200.0,Meta,cpc
ORD-3806,2023-10-29,SMW-01,SmartWatch,Light,3,100.0,300.0,Meta,cpc
ORD-3807,2023-10-29,SMW-01,SmartWatch,Light,1,100.0,100.0,Meta,cpc
ORD-3808,2023-10-29,SMW-01,SmartWatch,Light,1,100.0,100.0,Meta,cpc
ORD-3809,2023-10-29,SMW-01,SmartWatch,Light,1,100.0,100.0,Meta,cpc
ORD-3810,2023-10-29,SMW-01,SmartWatch,Light,2,100.0,200.0,Meta,cpc
ORD-3811,2023-10-29,SMW-01,SmartWatch,Light,2,100.0,200.0,Meta,cpc
ORD-3812,2023-10-29,SMW-01,SmartWatch,Light,1,100.0,100.0,Meta,cpc
ORD-3813,2023-10-29,SMW-01,SmartWatch,Light,1,100.0,100.0,Meta,cpc
ORD-3814,2023-10-29,SMW-01,SmartWatch,Light,2,100.0,200.0,Meta,cpc
ORD-3815,2023-10-29,SMW-01,SmartWatch,Light,2,100.0,200.0,Meta,cpc
ORD-3816,2023-10-29,SMW-01,SmartWatch,Light,1,100.0,100.0,Meta,cpc
ORD-3817,2023-10-29,SMW-01,SmartWatch,Light,2,100.0,200.0,Meta,cpc
ORD-3818,2023-10-29,SMW-01,SmartWatch,Light,2,100.0,200.0,Meta,cpc
ORD-3819,2023-10-29,SMW-01,SmartWatch,Light,2,100.0,200.0,Meta,cpc
ORD-3820,2023-10-29,SMW-01,SmartWatch,Light,2,100.0,200.0,Meta,cpc
ORD-3821,2023-10-29,SMW-01,SmartWatch,Light,3,100.0,300.0,Meta,cpc
ORD-3822,2023-10-29,SMW-01,SmartWatch,Light,3,100.0,300.0,Meta,cpc
ORD-3823,2023-10-29,SMW-01,SmartWatch,Light,3,100.0,300.0,Meta,cpc
ORD-3824,2023-10-29,SMW-01,SmartWatch,Light,1,100.0,100.0,Meta,cpc
ORD-3825,2023-10-29,SMW-01,SmartWatch,Light,2,100.0,200.0,Meta,cpc
ORD-3826,2023-10-29,SMW-01,SmartWatch,Light,3,100.0,300.0,Meta,cpc
ORD-3827,2023-10-29,SMW-01,SmartWatch,Light,2,100.0,200.0,Meta,cpc
ORD-3828,2023-10-29,SMW-01,SmartWatch,Light,3,100.0,300.0,Meta,cpc
ORD-3829,2023-10-29,SMW-01,SmartWatch,Light,1,100.0,100.0,Meta,cpc
ORD-3830,2023-10-29,SMW-01,SmartWatch,Light,1,100.0,100.0,Meta,cpc
ORD-3831,2023-10-29,SMW-01,SmartWatch,Light,3,100.0,300.0,Meta,cpc
ORD-3832,2023-10-29,SMW-01,SmartWatch,Light,1,100.0,100.0,Meta,cpc
ORD-3833,2023-10-29,SMW-01,SmartWatch,Light,2,100.0,200.0,Meta,cpc
ORD-3834,2023-10-29,SMW-01,SmartWatch,Light,2,100.0,200.0,Meta,cpc
ORD-3835,2023-10-29,SMW-01,SmartWatch,Light,1,100.0,100.0,Meta,cpc
ORD-3836,2023-10-29,SMW-01,SmartWatch,Light,2,100.0,200.0,Meta,cpc
ORD-3837,2023-10-29,SMW-01,SmartWatch,Light,3,100.0,300.0,Meta,cpc
ORD-3838,2023-10-29,SMW-01,SmartWatch,Light,3,100.0,300.0,Meta,cpc
ORD-3839,2023-10-29,SMW-01,SmartWatch,Light,3,100.0,300.0,Meta,cpc
ORD-3840,2023-10-29,SMW-01,SmartWatch,Light,2,100.0,200.0,Meta,cpc
ORD-3841,2023-10-29,SMW-01,SmartWatch,Light,3,100.0,300.0,Meta,cpc
ORD-3842,2023-10-29,SMW-01,SmartWatch,Light,1,100.0,100.0,Meta,cpc
ORD-3843,2023-10-29,SMW-01,SmartWatch,Light,3,100.0,300.0,Meta,cpc
ORD-3844,2023-10-29,SMW-01,SmartWatch,Light,2,100.0,200.0,Meta,cpc
ORD-3845,2023-10-29,SMW-01,SmartWatch,Light,2,100.0,200.0,Meta,cpc
ORD-3846,2023-10-29,SMW-01,SmartWatch,Light,3,100.0,300.0,Meta,cpc
ORD-3847,2023-10-29,SMW-01,SmartWatch,Light,1,100.0,100.0,Meta,cpc
ORD-3848,2023-10-29,SMW-01,SmartWatch,Light,1,100.0,100.0,Meta,cpc
ORD-3849,2023-10-29,SMW-01,SmartWatch,Light,1,100.0,100.0,Meta,cpc
ORD-3850,2023-10-29,SMW-01,SmartWatch,Light,2,100.0,200.0,Meta,cpc
ORD-3851,2023-10-29,SMW-01,SmartWatch,Light,1,100.0,100.0,Meta,cpc
ORD-3852,2023-10-29,SMW-01,SmartWatch,Light,2,100.0,200.0,Meta,cpc
ORD-3853,2023-10-29,SMW-01,SmartWatch,Light,3,100.0,300.0,Meta,cpc
ORD-3854,2023-10-29,SMW-01,SmartWatch,Light,3,100.0,300.0,Meta,cpc
ORD-3855,2023-10-29,SMW-01,SmartWatch,Light,2,100.0,200.0,Meta,cpc
ORD-3856,2023-10-29,SMW-01,SmartWatch,Light,2,100.0,200.0,Meta,cpc
ORD-3857,2023-10-29,SMW-01,SmartWatch,Light,3,100.0,300.0,Meta,cpc
ORD-3858,2023-10-29,SMW-01,SmartWatch,Light,3,100.0,300.0,Meta,cpc
ORD-3859,2023-10-29,SMW-01,SmartWatch,Light,2,100.0,200.0,Meta,cpc
ORD-3860,2023-10-29,SMW-01,SmartWatch,Light,3,100.0,300.0,Meta,cpc
ORD-3861,2023-10-29,SMW-01,SmartWatch,Light,3,100.0,300.0,Meta,cpc
ORD-3862,2023-10-29,SMW-01,SmartWatch,Light,1,100.0,100.0,Meta,cpc
ORD-3863,2023-10-29,SMW-01,SmartWatch,Light,1,100.0,100.0,Meta,cpc
ORD-3864,2023-10-29,SMW-01,SmartWatch,Light,3,100.0,300.0,Meta,cpc
ORD-3865,2023-10-29,SMW-01,SmartWatch,Light,3,100.0,300.0,Meta,cpc
ORD-3866,2023-10-29,SMW-01,SmartWatch,Light,1,100.0,100.0,Meta,cpc
ORD-3867,2023-10-30,SMW-01,SmartWatch,Light,3,100.0,300.0,Meta,cpc
ORD-3868,2023-10-30,SMW-01,SmartWatch,Light,2,100.0,200.0,Meta,cpc
ORD-3869,2023-10-30,SMW-01,SmartWatch,Light,3,100.0,300.0,Meta,cpc
ORD-3870,2023-10-30,SMW-01,SmartWatch,Light,3,100.0,300.0,Meta,cpc
ORD-3871,2023-10-30,SMW-01,SmartWatch,Light,2,100.0,200.0,Meta,cpc
ORD-3872,2023-10-30,SMW-01,SmartWatch,Light,1,100.0,100.0,Meta,cpc
ORD-3873,2023-10-30,SMW-01,SmartWatch,Light,3,100.0,300.0,Meta,cpc
ORD-3874,2023-10-30,SMW-01,SmartWatch,Light,1,100.0,100.0,Meta,cpc
ORD-3875,2023-10-30,SMW-01,SmartWatch,Light,1,100.0,100.0,Meta,cpc
ORD-3876,2023-10-30,SMW-01,SmartWatch,Light,3,100.0,300.0,Meta,cpc
ORD-3877,2023-10-30,SMW-01,SmartWatch,Light,3,100.0,300.0,Meta,cpc
ORD-3878,2023-10-30,SMW-01,SmartWatch,Light,1,100.0,100.0,Meta,cpc
ORD-3879,2023-10-30,SMW-01,SmartWatch,Light,3,100.0,300.0,Meta,cpc
ORD-3880,2023-10-30,SMW-01,SmartWatch,Light,3,100.0,300.0,Meta,cpc
ORD-3881,2023-10-30,SMW-01,SmartWatch,Light,1,100.0,100.0,Meta,cpc
ORD-3882,2023-10-30,SMW-01,SmartWatch,Light,1,100.0,100.0,Meta,cpc
ORD-3883,2023-10-30,SMW-01,SmartWatch,Light,2,100.0,200.0,Meta,cpc
ORD-3884,2023-10-30,SMW-01,SmartWatch,Light,3,100.0,300.0,Meta,cpc
ORD-3885,2023-10-30,SMW-01,SmartWatch,Light,2,100.0,200.0,Meta,cpc
ORD-3886,2023-10-30,SMW-01,SmartWatch,Light,1,100.0,100.0,Meta,cpc
ORD-3887,2023-10-30,SMW-01,SmartWatch,Light,3,100.0,300.0,Meta,cpc
ORD-3888,2023-10-30,SMW-01,SmartWatch,Light,1,100.0,100.0,Meta,cpc
ORD-3889,2023-10-30,SMW-01,SmartWatch,Light,3,100.0,300.0,Meta,cpc
ORD-3890,2023-10-30,SMW-01,SmartWatch,Light,3,100.0,300.0,Meta,cpc
ORD-3891,2023-10-30,SMW-01,SmartWatch,Light,2,100.0,200.0,Meta,cpc
ORD-3892,2023-10-30,SMW-01,SmartWatch,Light,1,100.0,100.0,Meta,cpc
ORD-3893,2023-10-30,SMW-01,SmartWatch,Light,3,100.0,300.0,Meta,cpc
ORD-3894,2023-10-30,SMW-01,SmartWatch,Light,2,100.0,200.0,Meta,cpc
ORD-3895,2023-10-30,SMW-01,SmartWatch,Light,1,100.0,100.0,Meta,cpc
ORD-3896,2023-10-30,SMW-01,SmartWatch,Light,2,100.0,200.0,Meta,cpc
ORD-3897,2023-10-30,SMW-01,SmartWatch,Light,1,100.0,100.0,Meta,cpc
ORD-3898,2023-10-30,SMW-01,SmartWatch,Light,3,100.0,300.0,Meta,cpc
ORD-3899,2023-10-30,SMW-01,SmartWatch,Light,2,100.0,200.0,Meta,cpc
ORD-3900,2023-10-30,SMW-01,SmartWatch,Light,2,100.0,200.0,Meta,cpc
ORD-3901,2023-10-30,SMW-01,SmartWatch,Light,3,100.0,300.0,Meta,cpc
ORD-3902,2023-10-30,SMW-01,SmartWatch,Light,1,100.0,100.0,Meta,cpc
ORD-3903,2023-10-30,SMW-01,SmartWatch,Light,3,100.0,300.0,Meta,cpc
ORD-3904,2023-10-30,SMW-01,SmartWatch,Light,2,100.0,200.0,Meta,cpc
ORD-3905,2023-10-30,SMW-01,SmartWatch,Light,3,100.0,300.0,Meta,cpc
ORD-3906,2023-10-30,SMW-01,SmartWatch,Light,2,100.0,200.0,Meta,cpc
ORD-3907,2023-10-30,SMW-01,SmartWatch,Light,3,100.0,300.0,Meta,cpc
ORD-3908,2023-10-30,SMW-01,SmartWatch,Light,1,100.0,100.0,Meta,cpc
ORD-3909,2023-10-30,SMW-01,SmartWatch,Light,2,100.0,200.0,Meta,cpc
ORD-3910,2023-10-30,SMW-01,SmartWatch,Light,2,100.0,200.0,Meta,cpc
ORD-3911,2023-10-30,SMW-01,SmartWatch,Light,1,100.0,100.0,Meta,cpc
ORD-3912,2023-10-30,SMW-01,SmartWatch,Light,3,100.0,300.0,Meta,cpc
ORD-3913,2023-10-30,SMW-01,SmartWatch,Light,1,100.0,100.0,Meta,cpc
ORD-3914,2023-10-30,SMW-01,SmartWatch,Light,3,100.0,300.0,Meta,cpc
ORD-3915,2023-10-30,SMW-01,SmartWatch,Light,1,100.0,100.0,Meta,cpc
ORD-3916,2023-10-30,SMW-01,SmartWatch,Light,1,100.0,100.0,Meta,cpc
ORD-3917,2023-10-30,SMW-01,SmartWatch,Light,2,100.0,200.0,Meta,cpc
ORD-3918,2023-10-30,SMW-01,SmartWatch,Light,2,100.0,200.0,Meta,cpc
ORD-3919,2023-10-30,SMW-01,SmartWatch,Light,3,100.0,300.0,Meta,cpc
ORD-3920,2023-10-30,SMW-01,SmartWatch,Light,1,100.0,100.0,Meta,cpc
ORD-3921,2023-10-30,SMW-01,SmartWatch,Light,3,100.0,300.0,Meta,cpc
ORD-3922,2023-10-30,SMW-01,SmartWatch,Light,1,100.0,100.0,Meta,cpc
ORD-3923,2023-10-31,SMW-01,SmartWatch,Light,1,100.0,100.0,Meta,cpc
ORD-3924,2023-10-31,SMW-01,SmartWatch,Light,2,100.0,200.0,Meta,cpc
ORD-3925,2023-10-31,SMW-01,SmartWatch,Light,1,100.0,100.0,Meta,cpc
ORD-3926,2023-10-31,SMW-01,SmartWatch,Light,2,100.0,200.0,Meta,cpc
ORD-3927,2023-10-31,SMW-01,SmartWatch,Light,2,100.0,200.0,Meta,cpc
ORD-3928,2023-10-31,SMW-01,SmartWatch,Light,1,100.0,100.0,Meta,cpc
ORD-3929,2023-10-31,SMW-01,SmartWatch,Light,1,100.0,100.0,Meta,cpc
ORD-3930,2023-10-31,SMW-01,SmartWatch,Light,3,100.0,300.0,Meta,cpc
ORD-3931,2023-10-31,SMW-01,SmartWatch,Light,3,100.0,300.0,Meta,cpc
ORD-3932,2023-10-31,SMW-01,SmartWatch,Light,3,100.0,300.0,Meta,cpc
ORD-3933,2023-10-31,SMW-01,SmartWatch,Light,2,100.0,200.0,Meta,cpc
ORD-3934,2023-10-31,SMW-01,SmartWatch,Light,2,100.0,200.0,Meta,cpc
ORD-3935,2023-10-31,SMW-01,SmartWatch,Light,2,100.0,200.0,Meta,cpc
ORD-3936,2023-10-31,SMW-01,SmartWatch,Light,2,100.0,200.0,Meta,cpc
ORD-3937,2023-10-31,SMW-01,SmartWatch,Light,2,100.0,200.0,Meta,cpc
ORD-3938,2023-10-31,SMW-01,SmartWatch,Light,2,100.0,200.0,Meta,cpc
ORD-3939,2023-10-31,SMW-01,SmartWatch,Light,1,100.0,100.0,Meta,cpc
ORD-3940,2023-10-31,SMW-01,SmartWatch,Light,3,100.0,300.0,Meta,cpc
ORD-3941,2023-10-31,SMW-01,SmartWatch,Light,3,100.0,300.0,Meta,cpc
ORD-3942,2023-10-31,SMW-01,SmartWatch,Light,3,100.0,300.0,Meta,cpc
ORD-3943,2023-10-31,SMW-01,SmartWatch,Light,1,100.0,100.0,Meta,cpc
ORD-3944,2023-10-31,SMW-01,SmartWatch,Light,3,100.0,300.0,Meta,cpc
ORD-3945,2023-10-31,SMW-01,SmartWatch,Light,2,100.0,200.0,Meta,cpc
ORD-3946,2023-10-31,SMW-01,SmartWatch,Light,1,100.0,100.0,Meta,cpc
ORD-3947,2023-10-31,SMW-01,SmartWatch,Light,1,100.0,100.0,Meta,cpc
ORD-3948,2023-10-31,SMW-01,SmartWatch,Light,3,100.0,300.0,Meta,cpc
ORD-3949,2023-10-31,SMW-01,SmartWatch,Light,2,100.0,200.0,Meta,cpc
ORD-3950,2023-10-31,SMW-01,SmartWatch,Light,3,100.0,300.0,Meta,cpc
ORD-3951,2023-10-31,SMW-01,SmartWatch,Light,1,100.0,100.0,Meta,cpc
ORD-3952,2023-10-31,SMW-01,SmartWatch,Light,3,100.0,300.0,Meta,cpc
ORD-3953,2023-10-31,SMW-01,SmartWatch,Light,1,100.0,100.0,Meta,cpc
ORD-3954,2023-10-31,SMW-01,SmartWatch,Light,1,100.0,100.0,Meta,cpc
ORD-3955,2023-10-31,SMW-01,SmartWatch,Light,1,100.0,100.0,Meta,cpc
ORD-3956,2023-10-31,SMW-01,SmartWatch,Light,2,100.0,200.0,Meta,cpc
ORD-3957,2023-10-31,SMW-01,SmartWatch,Light,2,100.0,200.0,Meta,cpc
ORD-3958,2023-10-31,SMW-01,SmartWatch,Light,3,100.0,300.0,Meta,cpc
ORD-3959,2023-10-31,SMW-01,SmartWatch,Light,3,100.0,300.0,Meta,cpc
ORD-3960,2023-10-31,SMW-01,SmartWatch,Light,3,100.0,300.0,Meta,cpc
ORD-3961,2023-10-31,SMW-01,SmartWatch,Light,2,100.0,200.0,Meta,cpc
ORD-3962,2023-10-31,SMW-01,SmartWatch,Light,3,100.0,300.0,Meta,cpc
ORD-3963,2023-10-31,SMW-01,SmartWatch,Light,2,100.0,200.0,Meta,cpc
ORD-3964,2023-10-31,SMW-01,SmartWatch,Light,1,100.0,100.0,Meta,cpc
ORD-3965,2023-10-31,SMW-01,SmartWatch,Light,1,100.0,100.0,Meta,cpc
ORD-3966,2023-10-31,SMW-01,SmartWatch,Light,2,100.0,200.0,Meta,cpc
ORD-3967,2023-10-31,SMW-01,SmartWatch,Light,2,100.0,200.0,Meta,cpc
ORD-3968,2023-10-31,SMW-01,SmartWatch,Light,1,100.0,100.0,Meta,cpc
ORD-3969,2023-10-31,SMW-01,SmartWatch,Light,2,100.0,200.0,Meta,cpc
ORD-3970,2023-10-31,SMW-01,SmartWatch,Light,1,100.0,100.0,Meta,cpc
ORD-3971,2023-10-31,SMW-01,SmartWatch,Light,3,100.0,300.0,Meta,cpc
ORD-3972,2023-10-31,SMW-01,SmartWatch,Light,1,100.0,100.0,Meta,cpc
ORD-3973,2023-10-31,SMW-01,SmartWatch,Light,1,100.0,100.0,Meta,cpc
ORD-3974,2023-10-31,SMW-01,SmartWatch,Light,3,100.0,300.0,Meta,cpc
ORD-3975,2023-10-31,SMW-01,SmartWatch,Light,2,100.0,200.0,Meta,cpc
ORD-3976,2023-10-31,SMW-01,SmartWatch,Light,3,100.0,300.0,Meta,cpc
ORD-3977,2023-10-31,SMW-01,SmartWatch,Light,1,100.0,100.0,Meta,cpc
ORD-3978,2023-10-31,SMW-01,SmartWatch,Light,1,100.0,100.0,Meta,cpc
ORD-3979,2023-10-31,SMW-01,SmartWatch,Light,1,100.0,100.0,Meta,cpc
ORD-3980,2023-10-31,SMW-01,SmartWatch,Light,1,100.0,100.0,Meta,cpc
ORD-3981,2023-10-31,SMW-01,SmartWatch,Light,1,100.0,100.0,Meta,cpc
ORD-3982,2023-10-31,SMW-01,SmartWatch,Light,3,100.0,300.0,Meta,cpc
ORD-3983,2023-10-31,SMW-01,SmartWatch,Light,1,100.0,100.0,Meta,cpc
ORD-3984,2023-10-31,SMW-01,SmartWatch,Light,2,100.0,200.0,Meta,cpc
ORD-3985,2023-10-31,SMW-01,SmartWatch,Light,3,100.0,300.0,Meta,cpc
ORD-3986,2023-10-31,SMW-01,SmartWatch,Light,3,100.0,300.0,Meta,cpc
ORD-3987,2023-10-31,SMW-01,SmartWatch,Light,1,100.0,100.0,Meta,cpc
ORD-3988,2023-11-01,TRD-01,Treadmill,Bulky,1,280.0,280.0,,
ORD-3989,2023-11-01,TRD-01,Treadmill,Bulky,1,280.0,280.0,,
ORD-3990,2023-11-01,TRD-01,Treadmill,Bulky,3,280.0,840.0,,
ORD-3991,2023-11-01,TRD-01,Treadmill,Bulky,1,280.0,280.0,,
ORD-3992,2023-11-01,TRD-01,Treadmill,Bulky,2,280.0,560.0,,
ORD-3993,2023-11-01,TRD-01,Treadmill,Bulky,2,280.0,560.0,,
ORD-3994,2023-11-01,TRD-01,Treadmill,Bulky,1,280.0,280.0,,
ORD-3995,2023-11-01,TRD-01,Treadmill,Bulky,3,280.0,840.0,,
ORD-3996,2023-11-01,TRD-01,Treadmill,Bulky,1,280.0,280.0,,
ORD-3997,2023-11-01,TRD-01,Treadmill,Bulky,1,280.0,280.0,,
ORD-3998,2023-11-01,TRD-01,Treadmill,Bulky,1,280.0,280.0,,
ORD-3999,2023-11-01,TRD-01,Treadmill,Bulky,3,280.0,840.0,,
ORD-4000,2023-11-01,TRD-01,Treadmill,Bulky,2,280.0,560.0,,
ORD-4001,2023-11-01,TRD-01,Treadmill,Bulky,1,280.0,280.0,,
ORD-4002,2023-11-01,TRD-01,Treadmill,Bulky,3,280.0,840.0,,
ORD-4003,2023-11-01,TRD-01,Treadmill,Bulky,3,280.0,840.0,,
ORD-4004,2023-11-01,TRD-01,Treadmill,Bulky,2,280.0,560.0,,
ORD-4005,2023-11-01,TRD-01,Treadmill,Bulky,3,280.0,840.0,,
ORD-4006,2023-11-01,TRD-01,Treadmill,Bulky,3,280.0,840.0,,
ORD-4007,2023-11-01,TRD-01,Treadmill,Bulky,3,280.0,840.0,,
ORD-4008,2023-11-01,TRD-01,Treadmill,Bulky,2,280.0,560.0,,
ORD-4009,2023-11-01,TRD-01,Treadmill,Bulky,1,280.0,280.0,,
ORD-4010,2023-11-01,TRD-01,Treadmill,Bulky,2,280.0,560.0,,
ORD-4011,2023-11-01,TRD-01,Treadmill,Bulky,1,280.0,280.0,,
ORD-4012,2023-11-01,TRD-01,Treadmill,Bulky,3,280.0,840.0,Meta,cpc
ORD-4013,2023-11-01,TRD-01,Treadmill,Bulky,3,280.0,840.0,,
ORD-4014,2023-11-01,TRD-01,Treadmill,Bulky,1,280.0,280.0,Meta,cpc
ORD-4015,2023-11-01,TRD-01,Treadmill,Bulky,2,280.0,560.0,,
ORD-4016,2023-11-01,TRD-01,Treadmill,Bulky,2,280.0,560.0,,
ORD-4017,2023-11-01,TRD-01,Treadmill,Bulky,2,280.0,560.0,,
ORD-4018,2023-11-01,TRD-01,Treadmill,Bulky,1,280.0,280.0,,
ORD-4019,2023-11-01,TRD-01,Treadmill,Bulky,3,280.0,840.0,,
ORD-4020,2023-11-01,TRD-01,Treadmill,Bulky,3,280.0,840.0,Meta,cpc
ORD-4021,2023-11-01,TRD-01,Treadmill,Bulky,3,280.0,840.0,,
ORD-4022,2023-11-01,TRD-01,Treadmill,Bulky,1,280.0,280.0,,
ORD-4023,2023-11-01,TRD-01,Treadmill,Bulky,3,280.0,840.0,,
ORD-4024,2023-11-01,TRD-01,Treadmill,Bulky,3,280.0,840.0,,
ORD-4025,2023-11-01,TRD-01,Treadmill,Bulky,2,280.0,560.0,,
ORD-4026,2023-11-01,TRD-01,Treadmill,Bulky,3,280.0,840.0,,
ORD-4027,2023-11-01,TRD-01,Treadmill,Bulky,2,280.0,560.0,,
ORD-4028,2023-11-01,TRD-01,Treadmill,Bulky,1,280.0,280.0,,
ORD-4029,2023-11-01,TRD-01,Treadmill,Bulky,2,280.0,560.0,,
ORD-4030,2023-11-01,TRD-01,Treadmill,Bulky,3,280.0,840.0,,
ORD-4031,2023-11-01,TRD-01,Treadmill,Bulky,3,280.0,840.0,Meta,cpc
ORD-4032,2023-11-01,TRD-01,Treadmill,Bulky,2,280.0,560.0,,
ORD-4033,2023-11-01,TRD-01,Treadmill,Bulky,3,280.0,840.0,,
ORD-4034,2023-11-01,TRD-01,Treadmill,Bulky,2,280.0,560.0,,
ORD-4035,2023-11-01,TRD-01,Treadmill,Bulky,3,280.0,840.0,,
ORD-4036,2023-11-01,TRD-01,Treadmill,Bulky,2,280.0,560.0,,
ORD-4037,2023-11-01,TRD-01,Treadmill,Bulky,2,280.0,560.0,,
ORD-4038,2023-11-01,TRD-01,Treadmill,Bulky,1,280.0,280.0,,
ORD-4039,2023-11-01,TRD-01,Treadmill,Bulky,2,280.0,560.0,,
ORD-4040,2023-11-01,TRD-01,Treadmill,Bulky,2,280.0,560.0,Meta,cpc
ORD-4041,2023-11-01,TRD-01,Treadmill,Bulky,1,280.0,280.0,,
ORD-4042,2023-11-01,TRD-01,Treadmill,Bulky,3,280.0,840.0,,
ORD-4043,2023-11-01,TRD-01,Treadmill,Bulky,2,280.0,560.0,,
ORD-4044,2023-11-01,TRD-01,Treadmill,Bulky,1,280.0,280.0,,
ORD-4045,2023-11-01,TRD-01,Treadmill,Bulky,1,280.0,280.0,,
ORD-4046,2023-11-01,TRD-01,Treadmill,Bulky,2,280.0,560.0,,
ORD-4047,2023-11-01,TRD-01,Treadmill,Bulky,2,280.0,560.0,,
ORD-4048,2023-11-02,TRD-01,Treadmill,Bulky,1,280.0,280.0,,
ORD-4049,2023-11-02,TRD-01,Treadmill,Bulky,2,280.0,560.0,Meta,cpc
ORD-4050,2023-11-02,TRD-01,Treadmill,Bulky,3,280.0,840.0,,
ORD-4051,2023-11-02,TRD-01,Treadmill,Bulky,1,280.0,280.0,,
ORD-4052,2023-11-02,TRD-01,Treadmill,Bulky,2,280.0,560.0,,
ORD-4053,2023-11-02,TRD-01,Treadmill,Bulky,3,280.0,840.0,,
ORD-4054,2023-11-02,TRD-01,Treadmill,Bulky,3,280.0,840.0,Meta,cpc
ORD-4055,2023-11-02,TRD-01,Treadmill,Bulky,3,280.0,840.0,,
ORD-4056,2023-11-02,TRD-01,Treadmill,Bulky,2,280.0,560.0,,
ORD-4057,2023-11-02,TRD-01,Treadmill,Bulky,2,280.0,560.0,,
ORD-4058,2023-11-02,TRD-01,Treadmill,Bulky,2,280.0,560.0,,
ORD-4059,2023-11-02,TRD-01,Treadmill,Bulky,3,280.0,840.0,,
ORD-4060,2023-11-02,TRD-01,Treadmill,Bulky,3,280.0,840.0,,
ORD-4061,2023-11-02,TRD-01,Treadmill,Bulky,3,280.0,840.0,,
ORD-4062,2023-11-02,TRD-01,Treadmill,Bulky,2,280.0,560.0,,
ORD-4063,2023-11-02,TRD-01,Treadmill,Bulky,2,280.0,560.0,,
ORD-4064,2023-11-02,TRD-01,Treadmill,Bulky,1,280.0,280.0,,
ORD-4065,2023-11-02,TRD-01,Treadmill,Bulky,3,280.0,840.0,,
ORD-4066,2023-11-02,TRD-01,Treadmill,Bulky,2,280.0,560.0,Meta,cpc
ORD-4067,2023-11-02,TRD-01,Treadmill,Bulky,1,280.0,280.0,,
ORD-4068,2023-11-02,TRD-01,Treadmill,Bulky,1,280.0,280.0,,
ORD-4069,2023-11-02,TRD-01,Treadmill,Bulky,3,280.0,840.0,,
ORD-4070,2023-11-02,TRD-01,Treadmill,Bulky,3,280.0,840.0,,
ORD-4071,2023-11-02,TRD-01,Treadmill,Bulky,2,280.0,560.0,Meta,cpc
ORD-4072,2023-11-02,TRD-01,Treadmill,Bulky,1,280.0,280.0,,
ORD-4073,2023-11-02,TRD-01,Treadmill,Bulky,3,280.0,840.0,,
ORD-4074,2023-11-02,TRD-01,Treadmill,Bulky,3,280.0,840.0,,
ORD-4075,2023-11-02,TRD-01,Treadmill,Bulky,1,280.0,280.0,,
ORD-4076,2023-11-02,TRD-01,Treadmill,Bulky,3,280.0,840.0,,
ORD-4077,2023-11-02,TRD-01,Treadmill,Bulky,1,280.0,280.0,,
ORD-4078,2023-11-02,TRD-01,Treadmill,Bulky,1,280.0,280.0,,
ORD-4079,2023-11-02,TRD-01,Treadmill,Bulky,3,280.0,840.0,,
ORD-4080,2023-11-02,TRD-01,Treadmill,Bulky,1,280.0,280.0,,
ORD-4081,2023-11-02,TRD-01,Treadmill,Bulky,1,280.0,280.0,,
ORD-4082,2023-11-02,TRD-01,Treadmill,Bulky,2,280.0,560.0,,
ORD-4083,2023-11-02,TRD-01,Treadmill,Bulky,1,280.0,280.0,Meta,cpc
ORD-4084,2023-11-02,TRD-01,Treadmill,Bulky,3,280.0,840.0,,
ORD-4085,2023-11-02,TRD-01,Treadmill,Bulky,1,280.0,280.0,,
ORD-4086,2023-11-02,TRD-01,Treadmill,Bulky,1,280.0,280.0,,
ORD-4087,2023-11-02,TRD-01,Treadmill,Bulky,3,280.0,840.0,,
ORD-4088,2023-11-02,TRD-01,Treadmill,Bulky,1,280.0,280.0,Meta,cpc
ORD-4089,2023-11-02,TRD-01,Treadmill,Bulky,1,280.0,280.0,Meta,cpc
ORD-4090,2023-11-02,TRD-01,Treadmill,Bulky,1,280.0,280.0,,
ORD-4091,2023-11-02,TRD-01,Treadmill,Bulky,3,280.0,840.0,,
ORD-4092,2023-11-02,TRD-01,Treadmill,Bulky,2,280.0,560.0,,
ORD-4093,2023-11-02,TRD-01,Treadmill,Bulky,2,280.0,560.0,Meta,cpc
ORD-4094,2023-11-02,TRD-01,Treadmill,Bulky,1,280.0,280.0,Meta,cpc
ORD-4095,2023-11-02,TRD-01,Treadmill,Bulky,3,280.0,840.0,,
ORD-4096,2023-11-02,TRD-01,Treadmill,Bulky,3,280.0,840.0,,
ORD-4097,2023-11-02,TRD-01,Treadmill,Bulky,3,280.0,840.0,Meta,cpc
ORD-4098,2023-11-02,TRD-01,Treadmill,Bulky,3,280.0,840.0,,
ORD-4099,2023-11-02,TRD-01,Treadmill,Bulky,2,280.0,560.0,Meta,cpc
ORD-4100,2023-11-02,TRD-01,Treadmill,Bulky,3,280.0,840.0,,
ORD-4101,2023-11-02,TRD-01,Treadmill,Bulky,2,280.0,560.0,,
ORD-4102,2023-11-02,TRD-01,Treadmill,Bulky,1,280.0,280.0,,
ORD-4103,2023-11-02,TRD-01,Treadmill,Bulky,1,280.0,280.0,,
ORD-4104,2023-11-02,TRD-01,Treadmill,Bulky,3,280.0,840.0,,
ORD-4105,2023-11-02,TRD-01,Treadmill,Bulky,3,280.0,840.0,,
ORD-4106,2023-11-02,TRD-01,Treadmill,Bulky,2,280.0,560.0,,
ORD-4107,2023-11-02,TRD-01,Treadmill,Bulky,1,280.0,280.0,,
ORD-4108,2023-11-02,TRD-01,Treadmill,Bulky,1,280.0,280.0,,
ORD-4109,2023-11-02,TRD-01,Treadmill,Bulky,3,280.0,840.0,Meta,cpc
ORD-4110,2023-11-02,TRD-01,Treadmill,Bulky,2,280.0,560.0,,
ORD-4111,2023-11-03,TRD-01,Treadmill,Bulky,3,280.0,840.0,,
ORD-4112,2023-11-03,TRD-01,Treadmill,Bulky,1,280.0,280.0,,
ORD-4113,2023-11-03,TRD-01,Treadmill,Bulky,3,280.0,840.0,,
ORD-4114,2023-11-03,TRD-01,Treadmill,Bulky,3,280.0,840.0,,
ORD-4115,2023-11-03,TRD-01,Treadmill,Bulky,1,280.0,280.0,,
ORD-4116,2023-11-03,TRD-01,Treadmill,Bulky,3,280.0,840.0,,
ORD-4117,2023-11-03,TRD-01,Treadmill,Bulky,3,280.0,840.0,,
ORD-4118,2023-11-03,TRD-01,Treadmill,Bulky,2,280.0,560.0,,
ORD-4119,2023-11-03,TRD-01,Treadmill,Bulky,1,280.0,280.0,,
ORD-4120,2023-11-03,TRD-01,Treadmill,Bulky,1,280.0,280.0,Meta,cpc
ORD-4121,2023-11-03,TRD-01,Treadmill,Bulky,2,280.0,560.0,,
ORD-4122,2023-11-03,TRD-01,Treadmill,Bulky,1,280.0,280.0,,
ORD-4123,2023-11-03,TRD-01,Treadmill,Bulky,1,280.0,280.0,,
ORD-4124,2023-11-03,TRD-01,Treadmill,Bulky,2,280.0,560.0,,
ORD-4125,2023-11-03,TRD-01,Treadmill,Bulky,3,280.0,840.0,,
ORD-4126,2023-11-03,TRD-01,Treadmill,Bulky,3,280.0,840.0,Meta,cpc
ORD-4127,2023-11-03,TRD-01,Treadmill,Bulky,3,280.0,840.0,,
ORD-4128,2023-11-03,TRD-01,Treadmill,Bulky,2,280.0,560.0,,
ORD-4129,2023-11-03,TRD-01,Treadmill,Bulky,2,280.0,560.0,,
ORD-4130,2023-11-03,TRD-01,Treadmill,Bulky,1,280.0,280.0,,
ORD-4131,2023-11-03,TRD-01,Treadmill,Bulky,3,280.0,840.0,,
ORD-4132,2023-11-03,TRD-01,Treadmill,Bulky,2,280.0,560.0,,
ORD-4133,2023-11-03,TRD-01,Treadmill,Bulky,2,280.0,560.0,,
ORD-4134,2023-11-03,TRD-01,Treadmill,Bulky,2,280.0,560.0,,
ORD-4135,2023-11-03,TRD-01,Treadmill,Bulky,1,280.0,280.0,,
ORD-4136,2023-11-03,TRD-01,Treadmill,Bulky,2,280.0,560.0,,
ORD-4137,2023-11-03,TRD-01,Treadmill,Bulky,3,280.0,840.0,,
ORD-4138,2023-11-03,TRD-01,Treadmill,Bulky,2,280.0,560.0,,
ORD-4139,2023-11-03,TRD-01,Treadmill,Bulky,2,280.0,560.0,Meta,cpc
ORD-4140,2023-11-03,TRD-01,Treadmill,Bulky,1,280.0,280.0,,
ORD-4141,2023-11-03,TRD-01,Treadmill,Bulky,3,280.0,840.0,,
ORD-4142,2023-11-03,TRD-01,Treadmill,Bulky,3,280.0,840.0,,
ORD-4143,2023-11-03,TRD-01,Treadmill,Bulky,3,280.0,840.0,,
ORD-4144,2023-11-03,TRD-01,Treadmill,Bulky,2,280.0,560.0,,
ORD-4145,2023-11-03,TRD-01,Treadmill,Bulky,1,280.0,280.0,,
ORD-4146,2023-11-03,TRD-01,Treadmill,Bulky,3,280.0,840.0,,
ORD-4147,2023-11-03,TRD-01,Treadmill,Bulky,2,280.0,560.0,,
ORD-4148,2023-11-03,TRD-01,Treadmill,Bulky,1,280.0,280.0,,
ORD-4149,2023-11-03,TRD-01,Treadmill,Bulky,3,280.0,840.0,Meta,cpc
ORD-4150,2023-11-03,TRD-01,Treadmill,Bulky,1,280.0,280.0,,
ORD-4151,2023-11-03,TRD-01,Treadmill,Bulky,1,280.0,280.0,,
ORD-4152,2023-11-03,TRD-01,Treadmill,Bulky,2,280.0,560.0,,
ORD-4153,2023-11-03,TRD-01,Treadmill,Bulky,1,280.0,280.0,,
ORD-4154,2023-11-03,TRD-01,Treadmill,Bulky,2,280.0,560.0,,
ORD-4155,2023-11-03,TRD-01,Treadmill,Bulky,3,280.0,840.0,,
ORD-4156,2023-11-03,TRD-01,Treadmill,Bulky,3,280.0,840.0,,
ORD-4157,2023-11-03,TRD-01,Treadmill,Bulky,1,280.0,280.0,,
ORD-4158,2023-11-03,TRD-01,Treadmill,Bulky,3,280.0,840.0,,
ORD-4159,2023-11-03,TRD-01,Treadmill,Bulky,2,280.0,560.0,,
ORD-4160,2023-11-03,TRD-01,Treadmill,Bulky,2,280.0,560.0,,
ORD-4161,2023-11-03,TRD-01,Treadmill,Bulky,2,280.0,560.0,,
ORD-4162,2023-11-03,TRD-01,Treadmill,Bulky,1,280.0,280.0,,
ORD-4163,2023-11-03,TRD-01,Treadmill,Bulky,1,280.0,280.0,,
ORD-4164,2023-11-03,TRD-01,Treadmill,Bulky,1,280.0,280.0,Meta,cpc
ORD-4165,2023-11-03,TRD-01,Treadmill,Bulky,2,280.0,560.0,,
ORD-4166,2023-11-03,TRD-01,Treadmill,Bulky,2,280.0,560.0,,
ORD-4167,2023-11-03,TRD-01,Treadmill,Bulky,2,280.0,560.0,,
ORD-4168,2023-11-03,TRD-01,Treadmill,Bulky,2,280.0,560.0,,
ORD-4169,2023-11-03,TRD-01,Treadmill,Bulky,1,280.0,280.0,,
ORD-4170,2023-11-03,TRD-01,Treadmill,Bulky,1,280.0,280.0,Meta,cpc
ORD-4171,2023-11-04,TRD-01,Treadmill,Bulky,1,280.0,280.0,,
ORD-4172,2023-11-04,TRD-01,Treadmill,Bulky,3,280.0,840.0,,
ORD-4173,2023-11-04,TRD-01,Treadmill,Bulky,3,280.0,840.0,,
ORD-4174,2023-11-04,TRD-01,Treadmill,Bulky,1,280.0,280.0,,
ORD-4175,2023-11-04,TRD-01,Treadmill,Bulky,3,280.0,840.0,,
ORD-4176,2023-11-04,TRD-01,Treadmill,Bulky,3,280.0,840.0,,
ORD-4177,2023-11-04,TRD-01,Treadmill,Bulky,1,280.0,280.0,,
ORD-4178,2023-11-04,TRD-01,Treadmill,Bulky,3,280.0,840.0,,
ORD-4179,2023-11-04,TRD-01,Treadmill,Bulky,2,280.0,560.0,,
ORD-4180,2023-11-04,TRD-01,Treadmill,Bulky,3,280.0,840.0,,
ORD-4181,2023-11-04,TRD-01,Treadmill,Bulky,1,280.0,280.0,,
ORD-4182,2023-11-04,TRD-01,Treadmill,Bulky,2,280.0,560.0,,
ORD-4183,2023-11-04,TRD-01,Treadmill,Bulky,2,280.0,560.0,,
ORD-4184,2023-11-04,TRD-01,Treadmill,Bulky,3,280.0,840.0,,
ORD-4185,2023-11-04,TRD-01,Treadmill,Bulky,1,280.0,280.0,Meta,cpc
ORD-4186,2023-11-04,TRD-01,Treadmill,Bulky,2,280.0,560.0,,
ORD-4187,2023-11-04,TRD-01,Treadmill,Bulky,3,280.0,840.0,Meta,cpc
ORD-4188,2023-11-04,TRD-01,Treadmill,Bulky,2,280.0,560.0,,
ORD-4189,2023-11-04,TRD-01,Treadmill,Bulky,1,280.0,280.0,,
ORD-4190,2023-11-04,TRD-01,Treadmill,Bulky,3,280.0,840.0,,
ORD-4191,2023-11-04,TRD-01,Treadmill,Bulky,2,280.0,560.0,,
ORD-4192,2023-11-04,TRD-01,Treadmill,Bulky,1,280.0,280.0,,
ORD-4193,2023-11-04,TRD-01,Treadmill,Bulky,2,280.0,560.0,,
ORD-4194,2023-11-04,TRD-01,Treadmill,Bulky,3,280.0,840.0,,
ORD-4195,2023-11-04,TRD-01,Treadmill,Bulky,1,280.0,280.0,,
ORD-4196,2023-11-04,TRD-01,Treadmill,Bulky,3,280.0,840.0,,
ORD-4197,2023-11-04,TRD-01,Treadmill,Bulky,2,280.0,560.0,,
ORD-4198,2023-11-04,TRD-01,Treadmill,Bulky,2,280.0,560.0,,
ORD-4199,2023-11-04,TRD-01,Treadmill,Bulky,1,280.0,280.0,,
ORD-4200,2023-11-04,TRD-01,Treadmill,Bulky,2,280.0,560.0,,
ORD-4201,2023-11-04,TRD-01,Treadmill,Bulky,3,280.0,840.0,,
ORD-4202,2023-11-04,TRD-01,Treadmill,Bulky,2,280.0,560.0,,
ORD-4203,2023-11-04,TRD-01,Treadmill,Bulky,3,280.0,840.0,,
ORD-4204,2023-11-04,TRD-01,Treadmill,Bulky,2,280.0,560.0,Meta,cpc
ORD-4205,2023-11-04,TRD-01,Treadmill,Bulky,3,280.0,840.0,,
ORD-4206,2023-11-04,TRD-01,Treadmill,Bulky,3,280.0,840.0,,
ORD-4207,2023-11-04,TRD-01,Treadmill,Bulky,3,280.0,840.0,,
ORD-4208,2023-11-04,TRD-01,Treadmill,Bulky,2,280.0,560.0,,
ORD-4209,2023-11-04,TRD-01,Treadmill,Bulky,3,280.0,840.0,Meta,cpc
ORD-4210,2023-11-04,TRD-01,Treadmill,Bulky,1,280.0,280.0,,
ORD-4211,2023-11-04,TRD-01,Treadmill,Bulky,2,280.0,560.0,,
ORD-4212,2023-11-04,TRD-01,Treadmill,Bulky,3,280.0,840.0,,
ORD-4213,2023-11-04,TRD-01,Treadmill,Bulky,3,280.0,840.0,,
ORD-4214,2023-11-04,TRD-01,Treadmill,Bulky,3,280.0,840.0,,
ORD-4215,2023-11-04,TRD-01,Treadmill,Bulky,3,280.0,840.0,,
ORD-4216,2023-11-04,TRD-01,Treadmill,Bulky,1,280.0,280.0,,
ORD-4217,2023-11-04,TRD-01,Treadmill,Bulky,1,280.0,280.0,,
ORD-4218,2023-11-04,TRD-01,Treadmill,Bulky,1,280.0,280.0,,
ORD-4219,2023-11-04,TRD-01,Treadmill,Bulky,3,280.0,840.0,,
ORD-4220,2023-11-04,TRD-01,Treadmill,Bulky,3,280.0,840.0,,
ORD-4221,2023-11-04,TRD-01,Treadmill,Bulky,2,280.0,560.0,,
ORD-4222,2023-11-04,TRD-01,Treadmill,Bulky,1,280.0,280.0,,
ORD-4223,2023-11-04,TRD-01,Treadmill,Bulky,3,280.0,840.0,,
ORD-4224,2023-11-04,TRD-01,Treadmill,Bulky,3,280.0,840.0,,
ORD-4225,2023-11-04,TRD-01,Treadmill,Bulky,1,280.0,280.0,,
ORD-4226,2023-11-04,TRD-01,Treadmill,Bulky,3,280.0,840.0,Meta,cpc
ORD-4227,2023-11-04,TRD-01,Treadmill,Bulky,3,280.0,840.0,,
ORD-4228,2023-11-04,TRD-01,Treadmill,Bulky,3,280.0,840.0,,
ORD-4229,2023-11-04,TRD-01,Treadmill,Bulky,3,280.0,840.0,,
ORD-4230,2023-11-04,TRD-01,Treadmill,Bulky,2,280.0,560.0,,
ORD-4231,2023-11-04,TRD-01,Treadmill,Bulky,2,280.0,560.0,Meta,cpc
ORD-4232,2023-11-04,TRD-01,Treadmill,Bulky,2,280.0,560.0,,
ORD-4233,2023-11-04,TRD-01,Treadmill,Bulky,1,280.0,280.0,,
ORD-4234,2023-11-04,TRD-01,Treadmill,Bulky,1,280.0,280.0,,
ORD-4235,2023-11-04,TRD-01,Treadmill,Bulky,1,280.0,280.0,,
ORD-4236,2023-11-05,TRD-01,Treadmill,Bulky,3,280.0,840.0,,
ORD-4237,2023-11-05,TRD-01,Treadmill,Bulky,1,280.0,280.0,,
ORD-4238,2023-11-05,TRD-01,Treadmill,Bulky,2,280.0,560.0,,
ORD-4239,2023-11-05,TRD-01,Treadmill,Bulky,2,280.0,560.0,,
ORD-4240,2023-11-05,TRD-01,Treadmill,Bulky,2,280.0,560.0,,
ORD-4241,2023-11-05,TRD-01,Treadmill,Bulky,3,280.0,840.0,,
ORD-4242,2023-11-05,TRD-01,Treadmill,Bulky,1,280.0,280.0,,
ORD-4243,2023-11-05,TRD-01,Treadmill,Bulky,3,280.0,840.0,,
ORD-4244,2023-11-05,TRD-01,Treadmill,Bulky,3,280.0,840.0,,
ORD-4245,2023-11-05,TRD-01,Treadmill,Bulky,2,280.0,560.0,,
ORD-4246,2023-11-05,TRD-01,Treadmill,Bulky,3,280.0,840.0,Meta,cpc
ORD-4247,2023-11-05,TRD-01,Treadmill,Bulky,3,280.0,840.0,,
ORD-4248,2023-11-05,TRD-01,Treadmill,Bulky,1,280.0,280.0,,
ORD-4249,2023-11-05,TRD-01,Treadmill,Bulky,3,280.0,840.0,,
ORD-4250,2023-11-05,TRD-01,Treadmill,Bulky,1,280.0,280.0,,
ORD-4251,2023-11-05,TRD-01,Treadmill,Bulky,2,280.0,560.0,,
ORD-4252,2023-11-05,TRD-01,Treadmill,Bulky,1,280.0,280.0,,
ORD-4253,2023-11-05,TRD-01,Treadmill,Bulky,1,280.0,280.0,,
ORD-4254,2023-11-05,TRD-01,Treadmill,Bulky,2,280.0,560.0,,
ORD-4255,2023-11-05,TRD-01,Treadmill,Bulky,1,280.0,280.0,,
ORD-4256,2023-11-05,TRD-01,Treadmill,Bulky,1,280.0,280.0,Meta,cpc
ORD-4257,2023-11-05,TRD-01,Treadmill,Bulky,2,280.0,560.0,,
ORD-4258,2023-11-05,TRD-01,Treadmill,Bulky,3,280.0,840.0,,
ORD-4259,2023-11-05,TRD-01,Treadmill,Bulky,1,280.0,280.0,Meta,cpc
ORD-4260,2023-11-05,TRD-01,Treadmill,Bulky,3,280.0,840.0,,
ORD-4261,2023-11-05,TRD-01,Treadmill,Bulky,2,280.0,560.0,Meta,cpc
ORD-4262,2023-11-05,TRD-01,Treadmill,Bulky,2,280.0,560.0,,
ORD-4263,2023-11-05,TRD-01,Treadmill,Bulky,3,280.0,840.0,,
ORD-4264,2023-11-05,TRD-01,Treadmill,Bulky,1,280.0,280.0,,
ORD-4265,2023-11-05,TRD-01,Treadmill,Bulky,3,280.0,840.0,,
ORD-4266,2023-11-05,TRD-01,Treadmill,Bulky,2,280.0,560.0,,
ORD-4267,2023-11-05,TRD-01,Treadmill,Bulky,2,280.0,560.0,Meta,cpc
ORD-4268,2023-11-05,TRD-01,Treadmill,Bulky,1,280.0,280.0,,
ORD-4269,2023-11-05,TRD-01,Treadmill,Bulky,2,280.0,560.0,,
ORD-4270,2023-11-05,TRD-01,Treadmill,Bulky,3,280.0,840.0,,
ORD-4271,2023-11-05,TRD-01,Treadmill,Bulky,3,280.0,840.0,,
ORD-4272,2023-11-05,TRD-01,Treadmill,Bulky,3,280.0,840.0,,
ORD-4273,2023-11-05,TRD-01,Treadmill,Bulky,3,280.0,840.0,,
ORD-4274,2023-11-05,TRD-01,Treadmill,Bulky,1,280.0,280.0,,
ORD-4275,2023-11-05,TRD-01,Treadmill,Bulky,3,280.0,840.0,,
ORD-4276,2023-11-05,TRD-01,Treadmill,Bulky,1,280.0,280.0,,
ORD-4277,2023-11-05,TRD-01,Treadmill,Bulky,2,280.0,560.0,,
ORD-4278,2023-11-05,TRD-01,Treadmill,Bulky,2,280.0,560.0,Meta,cpc
ORD-4279,2023-11-05,TRD-01,Treadmill,Bulky,1,280.0,280.0,,
ORD-4280,2023-11-05,TRD-01,Treadmill,Bulky,1,280.0,280.0,,
ORD-4281,2023-11-05,TRD-01,Treadmill,Bulky,2,280.0,560.0,Meta,cpc
ORD-4282,2023-11-05,TRD-01,Treadmill,Bulky,2,280.0,560.0,,
ORD-4283,2023-11-05,TRD-01,Treadmill,Bulky,3,280.0,840.0,Meta,cpc
ORD-4284,2023-11-05,TRD-01,Treadmill,Bulky,1,280.0,280.0,,
ORD-4285,2023-11-05,TRD-01,Treadmill,Bulky,2,280.0,560.0,,
ORD-4286,2023-11-05,TRD-01,Treadmill,Bulky,1,280.0,280.0,,
ORD-4287,2023-11-05,TRD-01,Treadmill,Bulky,2,280.0,560.0,,
ORD-4288,2023-11-05,TRD-01,Treadmill,Bulky,1,280.0,280.0,,
ORD-4289,2023-11-05,TRD-01,Treadmill,Bulky,1,280.0,280.0,,
ORD-4290,2023-11-05,TRD-01,Treadmill,Bulky,2,280.0,560.0,,
ORD-4291,2023-11-05,TRD-01,Treadmill,Bulky,3,280.0,840.0,,
ORD-4292,2023-11-05,TRD-01,Treadmill,Bulky,3,280.0,840.0,,
ORD-4293,2023-11-05,TRD-01,Treadmill,Bulky,3,280.0,840.0,,
ORD-4294,2023-11-05,TRD-01,Treadmill,Bulky,2,280.0,560.0,,
ORD-4295,2023-11-05,TRD-01,Treadmill,Bulky,2,280.0,560.0,,
ORD-4296,2023-11-05,TRD-01,Treadmill,Bulky,3,280.0,840.0,,
ORD-4297,2023-11-05,TRD-01,Treadmill,Bulky,2,280.0,560.0,,
ORD-4298,2023-11-05,TRD-01,Treadmill,Bulky,2,280.0,560.0,,
ORD-4299,2023-11-05,TRD-01,Treadmill,Bulky,3,280.0,840.0,,
ORD-4300,2023-11-05,TRD-01,Treadmill,Bulky,2,280.0,560.0,,
ORD-4301,2023-11-05,TRD-01,Treadmill,Bulky,2,280.0,560.0,,
ORD-4302,2023-11-05,TRD-01,Treadmill,Bulky,1,280.0,280.0,,
ORD-4303,2023-11-05,TRD-01,Treadmill,Bulky,1,280.0,280.0,,
ORD-4304,2023-11-05,TRD-01,Treadmill,Bulky,3,280.0,840.0,,
ORD-4305,2023-11-05,TRD-01,Treadmill,Bulky,1,280.0,280.0,,
ORD-4306,2023-11-05,TRD-01,Treadmill,Bulky,1,280.0,280.0,,
ORD-4307,2023-11-05,TRD-01,Treadmill,Bulky,2,280.0,560.0,,
ORD-4308,2023-11-05,TRD-01,Treadmill,Bulky,1,280.0,280.0,Meta,cpc
ORD-4309,2023-11-05,TRD-01,Treadmill,Bulky,1,280.0,280.0,,
ORD-4310,2023-11-06,TRD-01,Treadmill,Bulky,2,280.0,560.0,,
ORD-4311,2023-11-06,TRD-01,Treadmill,Bulky,2,280.0,560.0,,
ORD-4312,2023-11-06,TRD-01,Treadmill,Bulky,3,280.0,840.0,,
ORD-4313,2023-11-06,TRD-01,Treadmill,Bulky,1,280.0,280.0,,
ORD-4314,2023-11-06,TRD-01,Treadmill,Bulky,3,280.0,840.0,,
ORD-4315,2023-11-06,TRD-01,Treadmill,Bulky,1,280.0,280.0,,
ORD-4316,2023-11-06,TRD-01,Treadmill,Bulky,3,280.0,840.0,,
ORD-4317,2023-11-06,TRD-01,Treadmill,Bulky,2,280.0,560.0,,
ORD-4318,2023-11-06,TRD-01,Treadmill,Bulky,3,280.0,840.0,,
ORD-4319,2023-11-06,TRD-01,Treadmill,Bulky,3,280.0,840.0,,
ORD-4320,2023-11-06,TRD-01,Treadmill,Bulky,3,280.0,840.0,,
ORD-4321,2023-11-06,TRD-01,Treadmill,Bulky,2,280.0,560.0,,
ORD-4322,2023-11-06,TRD-01,Treadmill,Bulky,1,280.0,280.0,Meta,cpc
ORD-4323,2023-11-06,TRD-01,Treadmill,Bulky,3,280.0,840.0,,
ORD-4324,2023-11-06,TRD-01,Treadmill,Bulky,2,280.0,560.0,,
ORD-4325,2023-11-06,TRD-01,Treadmill,Bulky,1,280.0,280.0,,
ORD-4326,2023-11-06,TRD-01,Treadmill,Bulky,2,280.0,560.0,,
ORD-4327,2023-11-06,TRD-01,Treadmill,Bulky,1,280.0,280.0,,
ORD-4328,2023-11-06,TRD-01,Treadmill,Bulky,2,280.0,560.0,,
ORD-4329,2023-11-06,TRD-01,Treadmill,Bulky,2,280.0,560.0,,
ORD-4330,2023-11-06,TRD-01,Treadmill,Bulky,2,280.0,560.0,Meta,cpc
ORD-4331,2023-11-06,TRD-01,Treadmill,Bulky,2,280.0,560.0,,
ORD-4332,2023-11-06,TRD-01,Treadmill,Bulky,2,280.0,560.0,,
ORD-4333,2023-11-06,TRD-01,Treadmill,Bulky,3,280.0,840.0,,
ORD-4334,2023-11-06,TRD-01,Treadmill,Bulky,3,280.0,840.0,,
ORD-4335,2023-11-06,TRD-01,Treadmill,Bulky,1,280.0,280.0,Meta,cpc
ORD-4336,2023-11-06,TRD-01,Treadmill,Bulky,3,280.0,840.0,,
ORD-4337,2023-11-06,TRD-01,Treadmill,Bulky,2,280.0,560.0,,
ORD-4338,2023-11-06,TRD-01,Treadmill,Bulky,2,280.0,560.0,,
ORD-4339,2023-11-06,TRD-01,Treadmill,Bulky,3,280.0,840.0,,
ORD-4340,2023-11-06,TRD-01,Treadmill,Bulky,1,280.0,280.0,,
ORD-4341,2023-11-06,TRD-01,Treadmill,Bulky,1,280.0,280.0,,
ORD-4342,2023-11-06,TRD-01,Treadmill,Bulky,1,280.0,280.0,,
ORD-4343,2023-11-06,TRD-01,Treadmill,Bulky,3,280.0,840.0,,
ORD-4344,2023-11-06,TRD-01,Treadmill,Bulky,2,280.0,560.0,,
ORD-4345,2023-11-06,TRD-01,Treadmill,Bulky,1,280.0,280.0,,
ORD-4346,2023-11-06,TRD-01,Treadmill,Bulky,1,280.0,280.0,Meta,cpc
ORD-4347,2023-11-06,TRD-01,Treadmill,Bulky,1,280.0,280.0,,
ORD-4348,2023-11-06,TRD-01,Treadmill,Bulky,2,280.0,560.0,,
ORD-4349,2023-11-06,TRD-01,Treadmill,Bulky,2,280.0,560.0,,
ORD-4350,2023-11-06,TRD-01,Treadmill,Bulky,1,280.0,280.0,,
ORD-4351,2023-11-06,TRD-01,Treadmill,Bulky,2,280.0,560.0,,
ORD-4352,2023-11-06,TRD-01,Treadmill,Bulky,1,280.0,280.0,Meta,cpc
ORD-4353,2023-11-06,TRD-01,Treadmill,Bulky,3,280.0,840.0,,
ORD-4354,2023-11-06,TRD-01,Treadmill,Bulky,1,280.0,280.0,,
ORD-4355,2023-11-06,TRD-01,Treadmill,Bulky,3,280.0,840.0,,
ORD-4356,2023-11-06,TRD-01,Treadmill,Bulky,2,280.0,560.0,,
ORD-4357,2023-11-06,TRD-01,Treadmill,Bulky,1,280.0,280.0,,
ORD-4358,2023-11-06,TRD-01,Treadmill,Bulky,2,280.0,560.0,,
ORD-4359,2023-11-06,TRD-01,Treadmill,Bulky,1,280.0,280.0,,
ORD-4360,2023-11-06,TRD-01,Treadmill,Bulky,3,280.0,840.0,,
ORD-4361,2023-11-06,TRD-01,Treadmill,Bulky,2,280.0,560.0,,
ORD-4362,2023-11-06,TRD-01,Treadmill,Bulky,2,280.0,560.0,,
ORD-4363,2023-11-06,TRD-01,Treadmill,Bulky,1,280.0,280.0,,
ORD-4364,2023-11-06,TRD-01,Treadmill,Bulky,2,280.0,560.0,,
ORD-4365,2023-11-06,TRD-01,Treadmill,Bulky,3,280.0,840.0,,
ORD-4366,2023-11-06,TRD-01,Treadmill,Bulky,3,280.0,840.0,,
ORD-4367,2023-11-06,TRD-01,Treadmill,Bulky,1,280.0,280.0,,
ORD-4368,2023-11-06,TRD-01,Treadmill,Bulky,1,280.0,280.0,,
ORD-4369,2023-11-06,TRD-01,Treadmill,Bulky,2,280.0,560.0,,
ORD-4370,2023-11-06,TRD-01,Treadmill,Bulky,3,280.0,840.0,Meta,cpc
ORD-4371,2023-11-06,TRD-01,Treadmill,Bulky,2,280.0,560.0,Meta,cpc
ORD-4372,2023-11-06,TRD-01,Treadmill,Bulky,3,280.0,840.0,,
ORD-4373,2023-11-07,TRD-01,Treadmill,Bulky,1,280.0,280.0,,
ORD-4374,2023-11-07,TRD-01,Treadmill,Bulky,1,280.0,280.0,,
ORD-4375,2023-11-07,TRD-01,Treadmill,Bulky,2,280.0,560.0,,
ORD-4376,2023-11-07,TRD-01,Treadmill,Bulky,3,280.0,840.0,,
ORD-4377,2023-11-07,TRD-01,Treadmill,Bulky,3,280.0,840.0,,
ORD-4378,2023-11-07,TRD-01,Treadmill,Bulky,1,280.0,280.0,,
ORD-4379,2023-11-07,TRD-01,Treadmill,Bulky,3,280.0,840.0,,
ORD-4380,2023-11-07,TRD-01,Treadmill,Bulky,1,280.0,280.0,,
ORD-4381,2023-11-07,TRD-01,Treadmill,Bulky,2,280.0,560.0,,
ORD-4382,2023-11-07,TRD-01,Treadmill,Bulky,2,280.0,560.0,,
ORD-4383,2023-11-07,TRD-01,Treadmill,Bulky,1,280.0,280.0,,
ORD-4384,2023-11-07,TRD-01,Treadmill,Bulky,2,280.0,560.0,,
ORD-4385,2023-11-07,TRD-01,Treadmill,Bulky,3,280.0,840.0,Meta,cpc
ORD-4386,2023-11-07,TRD-01,Treadmill,Bulky,2,280.0,560.0,,
ORD-4387,2023-11-07,TRD-01,Treadmill,Bulky,2,280.0,560.0,,
ORD-4388,2023-11-07,TRD-01,Treadmill,Bulky,3,280.0,840.0,,
ORD-4389,2023-11-07,TRD-01,Treadmill,Bulky,3,280.0,840.0,,
ORD-4390,2023-11-07,TRD-01,Treadmill,Bulky,1,280.0,280.0,,
ORD-4391,2023-11-07,TRD-01,Treadmill,Bulky,2,280.0,560.0,,
ORD-4392,2023-11-07,TRD-01,Treadmill,Bulky,1,280.0,280.0,,
ORD-4393,2023-11-07,TRD-01,Treadmill,Bulky,1,280.0,280.0,Meta,cpc
ORD-4394,2023-11-07,TRD-01,Treadmill,Bulky,3,280.0,840.0,,
ORD-4395,2023-11-07,TRD-01,Treadmill,Bulky,1,280.0,280.0,,
ORD-4396,2023-11-07,TRD-01,Treadmill,Bulky,1,280.0,280.0,,
ORD-4397,2023-11-07,TRD-01,Treadmill,Bulky,2,280.0,560.0,,
ORD-4398,2023-11-07,TRD-01,Treadmill,Bulky,1,280.0,280.0,,
ORD-4399,2023-11-07,TRD-01,Treadmill,Bulky,1,280.0,280.0,,
ORD-4400,2023-11-07,TRD-01,Treadmill,Bulky,1,280.0,280.0,,
ORD-4401,2023-11-07,TRD-01,Treadmill,Bulky,2,280.0,560.0,,
ORD-4402,2023-11-07,TRD-01,Treadmill,Bulky,3,280.0,840.0,,
ORD-4403,2023-11-07,TRD-01,Treadmill,Bulky,2,280.0,560.0,,
ORD-4404,2023-11-07,TRD-01,Treadmill,Bulky,3,280.0,840.0,,
ORD-4405,2023-11-07,TRD-01,Treadmill,Bulky,3,280.0,840.0,,
ORD-4406,2023-11-07,TRD-01,Treadmill,Bulky,3,280.0,840.0,,
ORD-4407,2023-11-07,TRD-01,Treadmill,Bulky,2,280.0,560.0,,
ORD-4408,2023-11-07,TRD-01,Treadmill,Bulky,2,280.0,560.0,,
ORD-4409,2023-11-07,TRD-01,Treadmill,Bulky,3,280.0,840.0,,
ORD-4410,2023-11-07,TRD-01,Treadmill,Bulky,2,280.0,560.0,,
ORD-4411,2023-11-07,TRD-01,Treadmill,Bulky,1,280.0,280.0,,
ORD-4412,2023-11-07,TRD-01,Treadmill,Bulky,3,280.0,840.0,,
ORD-4413,2023-11-07,TRD-01,Treadmill,Bulky,3,280.0,840.0,,
ORD-4414,2023-11-07,TRD-01,Treadmill,Bulky,3,280.0,840.0,Meta,cpc
ORD-4415,2023-11-07,TRD-01,Treadmill,Bulky,3,280.0,840.0,,
ORD-4416,2023-11-07,TRD-01,Treadmill,Bulky,1,280.0,280.0,,
ORD-4417,2023-11-07,TRD-01,Treadmill,Bulky,2,280.0,560.0,,
ORD-4418,2023-11-07,TRD-01,Treadmill,Bulky,1,280.0,280.0,,
ORD-4419,2023-11-07,TRD-01,Treadmill,Bulky,2,280.0,560.0,Meta,cpc
ORD-4420,2023-11-07,TRD-01,Treadmill,Bulky,1,280.0,280.0,Meta,cpc
ORD-4421,2023-11-07,TRD-01,Treadmill,Bulky,3,280.0,840.0,,
ORD-4422,2023-11-07,TRD-01,Treadmill,Bulky,1,280.0,280.0,Meta,cpc
ORD-4423,2023-11-07,TRD-01,Treadmill,Bulky,1,280.0,280.0,,
ORD-4424,2023-11-07,TRD-01,Treadmill,Bulky,3,280.0,840.0,,
ORD-4425,2023-11-07,TRD-01,Treadmill,Bulky,2,280.0,560.0,,
ORD-4426,2023-11-07,TRD-01,Treadmill,Bulky,2,280.0,560.0,,
ORD-4427,2023-11-07,TRD-01,Treadmill,Bulky,3,280.0,840.0,,
ORD-4428,2023-11-07,TRD-01,Treadmill,Bulky,3,280.0,840.0,,
ORD-4429,2023-11-07,TRD-01,Treadmill,Bulky,3,280.0,840.0,,
ORD-4430,2023-11-07,TRD-01,Treadmill,Bulky,3,280.0,840.0,,
ORD-4431,2023-11-07,TRD-01,Treadmill,Bulky,3,280.0,840.0,,
ORD-4432,2023-11-07,TRD-01,Treadmill,Bulky,1,280.0,280.0,Meta,cpc
ORD-4433,2023-11-07,TRD-01,Treadmill,Bulky,2,280.0,560.0,,
ORD-4434,2023-11-07,TRD-01,Treadmill,Bulky,3,280.0,840.0,,
ORD-4435,2023-11-07,TRD-01,Treadmill,Bulky,2,280.0,560.0,Meta,cpc
ORD-4436,2023-11-07,TRD-01,Treadmill,Bulky,3,280.0,840.0,Meta,cpc
ORD-4437,2023-11-07,TRD-01,Treadmill,Bulky,1,280.0,280.0,,
ORD-4438,2023-11-08,TRD-01,Treadmill,Bulky,2,280.0,560.0,,
ORD-4439,2023-11-08,TRD-01,Treadmill,Bulky,2,280.0,560.0,Meta,cpc
ORD-4440,2023-11-08,TRD-01,Treadmill,Bulky,2,280.0,560.0,,
ORD-4441,2023-11-08,TRD-01,Treadmill,Bulky,2,280.0,560.0,Meta,cpc
ORD-4442,2023-11-08,TRD-01,Treadmill,Bulky,1,280.0,280.0,Meta,cpc
ORD-4443,2023-11-08,TRD-01,Treadmill,Bulky,3,280.0,840.0,Meta,cpc
ORD-4444,2023-11-08,TRD-01,Treadmill,Bulky,2,280.0,560.0,,
ORD-4445,2023-11-08,TRD-01,Treadmill,Bulky,1,280.0,280.0,,
ORD-4446,2023-11-08,TRD-01,Treadmill,Bulky,2,280.0,560.0,,
ORD-4447,2023-11-08,TRD-01,Treadmill,Bulky,1,280.0,280.0,Meta,cpc
ORD-4448,2023-11-08,TRD-01,Treadmill,Bulky,2,280.0,560.0,Meta,cpc
ORD-4449,2023-11-08,TRD-01,Treadmill,Bulky,3,280.0,840.0,Meta,cpc
ORD-4450,2023-11-08,TRD-01,Treadmill,Bulky,2,280.0,560.0,,
ORD-4451,2023-11-08,TRD-01,Treadmill,Bulky,3,280.0,840.0,,
ORD-4452,2023-11-08,TRD-01,Treadmill,Bulky,3,280.0,840.0,,
ORD-4453,2023-11-08,TRD-01,Treadmill,Bulky,1,280.0,280.0,,
ORD-4454,2023-11-08,TRD-01,Treadmill,Bulky,2,280.0,560.0,Meta,cpc
ORD-4455,2023-11-08,TRD-01,Treadmill,Bulky,2,280.0,560.0,Meta,cpc
ORD-4456,2023-11-08,TRD-01,Treadmill,Bulky,3,280.0,840.0,,
ORD-4457,2023-11-08,TRD-01,Treadmill,Bulky,2,280.0,560.0,,
ORD-4458,2023-11-08,TRD-01,Treadmill,Bulky,1,280.0,280.0,Meta,cpc
ORD-4459,2023-11-08,TRD-01,Treadmill,Bulky,3,280.0,840.0,Meta,cpc
ORD-4460,2023-11-08,TRD-01,Treadmill,Bulky,3,280.0,840.0,Meta,cpc
ORD-4461,2023-11-08,TRD-01,Treadmill,Bulky,1,280.0,280.0,Meta,cpc
ORD-4462,2023-11-08,TRD-01,Treadmill,Bulky,1,280.0,280.0,,
ORD-4463,2023-11-08,TRD-01,Treadmill,Bulky,1,280.0,280.0,,
ORD-4464,2023-11-08,TRD-01,Treadmill,Bulky,2,280.0,560.0,,
ORD-4465,2023-11-08,TRD-01,Treadmill,Bulky,1,280.0,280.0,,
ORD-4466,2023-11-08,TRD-01,Treadmill,Bulky,1,280.0,280.0,,
ORD-4467,2023-11-08,TRD-01,Treadmill,Bulky,3,280.0,840.0,Meta,cpc
ORD-4468,2023-11-08,TRD-01,Treadmill,Bulky,2,280.0,560.0,Meta,cpc
ORD-4469,2023-11-08,TRD-01,Treadmill,Bulky,3,280.0,840.0,Meta,cpc
ORD-4470,2023-11-08,TRD-01,Treadmill,Bulky,3,280.0,840.0,,
ORD-4471,2023-11-08,TRD-01,Treadmill,Bulky,1,280.0,280.0,Meta,cpc
ORD-4472,2023-11-08,TRD-01,Treadmill,Bulky,2,280.0,560.0,,
ORD-4473,2023-11-08,TRD-01,Treadmill,Bulky,1,280.0,280.0,,
ORD-4474,2023-11-08,TRD-01,Treadmill,Bulky,3,280.0,840.0,,
ORD-4475,2023-11-08,TRD-01,Treadmill,Bulky,2,280.0,560.0,Meta,cpc
ORD-4476,2023-11-08,TRD-01,Treadmill,Bulky,3,280.0,840.0,Meta,cpc
ORD-4477,2023-11-08,TRD-01,Treadmill,Bulky,3,280.0,840.0,Meta,cpc
ORD-4478,2023-11-08,TRD-01,Treadmill,Bulky,2,280.0,560.0,,
ORD-4479,2023-11-08,TRD-01,Treadmill,Bulky,1,280.0,280.0,Meta,cpc
ORD-4480,2023-11-08,TRD-01,Treadmill,Bulky,1,280.0,280.0,,
ORD-4481,2023-11-08,TRD-01,Treadmill,Bulky,3,280.0,840.0,Meta,cpc
ORD-4482,2023-11-08,TRD-01,Treadmill,Bulky,1,280.0,280.0,Meta,cpc
ORD-4483,2023-11-08,TRD-01,Treadmill,Bulky,2,280.0,560.0,Meta,cpc
ORD-4484,2023-11-08,TRD-01,Treadmill,Bulky,2,280.0,560.0,,
ORD-4485,2023-11-08,TRD-01,Treadmill,Bulky,1,280.0,280.0,Meta,cpc
ORD-4486,2023-11-08,TRD-01,Treadmill,Bulky,1,280.0,280.0,Meta,cpc
ORD-4487,2023-11-08,TRD-01,Treadmill,Bulky,3,280.0,840.0,,
ORD-4488,2023-11-08,TRD-01,Treadmill,Bulky,2,280.0,560.0,,
ORD-4489,2023-11-08,TRD-01,Treadmill,Bulky,1,280.0,280.0,Meta,cpc
ORD-4490,2023-11-08,TRD-01,Treadmill,Bulky,1,280.0,280.0,Meta,cpc
ORD-4491,2023-11-08,TRD-01,Treadmill,Bulky,1,280.0,280.0,,
ORD-4492,2023-11-08,TRD-01,Treadmill,Bulky,3,280.0,840.0,Meta,cpc
ORD-4493,2023-11-08,TRD-01,Treadmill,Bulky,2,280.0,560.0,Meta,cpc
ORD-4494,2023-11-08,TRD-01,Treadmill,Bulky,3,280.0,840.0,Meta,cpc
ORD-4495,2023-11-08,TRD-01,Treadmill,Bulky,2,280.0,560.0,Meta,cpc
ORD-4496,2023-11-08,TRD-01,Treadmill,Bulky,2,280.0,560.0,Meta,cpc
ORD-4497,2023-11-08,TRD-01,Treadmill,Bulky,3,280.0,840.0,,
ORD-4498,2023-11-08,TRD-01,Treadmill,Bulky,1,280.0,280.0,Meta,cpc
ORD-4499,2023-11-08,TRD-01,Treadmill,Bulky,3,280.0,840.0,,
ORD-4500,2023-11-08,TRD-01,Treadmill,Bulky,1,280.0,280.0,,
ORD-4501,2023-11-08,TRD-01,Treadmill,Bulky,1,280.0,280.0,Meta,cpc
ORD-4502,2023-11-09,TRD-01,Treadmill,Bulky,2,280.0,560.0,Meta,cpc
ORD-4503,2023-11-09,TRD-01,Treadmill,Bulky,1,280.0,280.0,Meta,cpc
ORD-4504,2023-11-09,TRD-01,Treadmill,Bulky,1,280.0,280.0,Meta,cpc
ORD-4505,2023-11-09,TRD-01,Treadmill,Bulky,2,280.0,560.0,,
ORD-4506,2023-11-09,TRD-01,Treadmill,Bulky,1,280.0,280.0,Meta,cpc
ORD-4507,2023-11-09,TRD-01,Treadmill,Bulky,1,280.0,280.0,,
ORD-4508,2023-11-09,TRD-01,Treadmill,Bulky,2,280.0,560.0,Meta,cpc
ORD-4509,2023-11-09,TRD-01,Treadmill,Bulky,1,280.0,280.0,Meta,cpc
ORD-4510,2023-11-09,TRD-01,Treadmill,Bulky,1,280.0,280.0,,
ORD-4511,2023-11-09,TRD-01,Treadmill,Bulky,3,280.0,840.0,Meta,cpc
ORD-4512,2023-11-09,TRD-01,Treadmill,Bulky,2,280.0,560.0,,
ORD-4513,2023-11-09,TRD-01,Treadmill,Bulky,3,280.0,840.0,Meta,cpc
ORD-4514,2023-11-09,TRD-01,Treadmill,Bulky,2,280.0,560.0,Meta,cpc
ORD-4515,2023-11-09,TRD-01,Treadmill,Bulky,2,280.0,560.0,Meta,cpc
ORD-4516,2023-11-09,TRD-01,Treadmill,Bulky,1,280.0,280.0,Meta,cpc
ORD-4517,2023-11-09,TRD-01,Treadmill,Bulky,2,280.0,560.0,Meta,cpc
ORD-4518,2023-11-09,TRD-01,Treadmill,Bulky,3,280.0,840.0,,
ORD-4519,2023-11-09,TRD-01,Treadmill,Bulky,2,280.0,560.0,Meta,cpc
ORD-4520,2023-11-09,TRD-01,Treadmill,Bulky,1,280.0,280.0,Meta,cpc
ORD-4521,2023-11-09,TRD-01,Treadmill,Bulky,2,280.0,560.0,Meta,cpc
ORD-4522,2023-11-09,TRD-01,Treadmill,Bulky,1,280.0,280.0,Meta,cpc
ORD-4523,2023-11-09,TRD-01,Treadmill,Bulky,1,280.0,280.0,,
ORD-4524,2023-11-09,TRD-01,Treadmill,Bulky,2,280.0,560.0,Meta,cpc
ORD-4525,2023-11-09,TRD-01,Treadmill,Bulky,2,280.0,560.0,Meta,cpc
ORD-4526,2023-11-09,TRD-01,Treadmill,Bulky,2,280.0,560.0,Meta,cpc
ORD-4527,2023-11-09,TRD-01,Treadmill,Bulky,1,280.0,280.0,Meta,cpc
ORD-4528,2023-11-09,TRD-01,Treadmill,Bulky,1,280.0,280.0,,
ORD-4529,2023-11-09,TRD-01,Treadmill,Bulky,3,280.0,840.0,Meta,cpc
ORD-4530,2023-11-09,TRD-01,Treadmill,Bulky,3,280.0,840.0,Meta,cpc
ORD-4531,2023-11-09,TRD-01,Treadmill,Bulky,3,280.0,840.0,Meta,cpc
ORD-4532,2023-11-09,TRD-01,Treadmill,Bulky,1,280.0,280.0,,
ORD-4533,2023-11-09,TRD-01,Treadmill,Bulky,3,280.0,840.0,Meta,cpc
ORD-4534,2023-11-09,TRD-01,Treadmill,Bulky,2,280.0,560.0,,
ORD-4535,2023-11-09,TRD-01,Treadmill,Bulky,2,280.0,560.0,,
ORD-4536,2023-11-09,TRD-01,Treadmill,Bulky,2,280.0,560.0,,
ORD-4537,2023-11-09,TRD-01,Treadmill,Bulky,3,280.0,840.0,Meta,cpc
ORD-4538,2023-11-09,TRD-01,Treadmill,Bulky,2,280.0,560.0,,
ORD-4539,2023-11-09,TRD-01,Treadmill,Bulky,1,280.0,280.0,Meta,cpc
ORD-4540,2023-11-09,TRD-01,Treadmill,Bulky,1,280.0,280.0,,
ORD-4541,2023-11-09,TRD-01,Treadmill,Bulky,2,280.0,560.0,,
ORD-4542,2023-11-09,TRD-01,Treadmill,Bulky,2,280.0,560.0,Meta,cpc
ORD-4543,2023-11-09,TRD-01,Treadmill,Bulky,1,280.0,280.0,Meta,cpc
ORD-4544,2023-11-09,TRD-01,Treadmill,Bulky,2,280.0,560.0,Meta,cpc
ORD-4545,2023-11-09,TRD-01,Treadmill,Bulky,1,280.0,280.0,,
ORD-4546,2023-11-09,TRD-01,Treadmill,Bulky,3,280.0,840.0,,
ORD-4547,2023-11-09,TRD-01,Treadmill,Bulky,3,280.0,840.0,Meta,cpc
ORD-4548,2023-11-09,TRD-01,Treadmill,Bulky,1,280.0,280.0,Meta,cpc
ORD-4549,2023-11-09,TRD-01,Treadmill,Bulky,3,280.0,840.0,Meta,cpc
ORD-4550,2023-11-09,TRD-01,Treadmill,Bulky,3,280.0,840.0,Meta,cpc
ORD-4551,2023-11-09,TRD-01,Treadmill,Bulky,1,280.0,280.0,Meta,cpc
ORD-4552,2023-11-09,TRD-01,Treadmill,Bulky,2,280.0,560.0,Meta,cpc
ORD-4553,2023-11-09,TRD-01,Treadmill,Bulky,3,280.0,840.0,Meta,cpc
ORD-4554,2023-11-09,TRD-01,Treadmill,Bulky,2,280.0,560.0,Meta,cpc
ORD-4555,2023-11-09,TRD-01,Treadmill,Bulky,2,280.0,560.0,Meta,cpc
ORD-4556,2023-11-09,TRD-01,Treadmill,Bulky,3,280.0,840.0,,
ORD-4557,2023-11-09,TRD-01,Treadmill,Bulky,2,280.0,560.0,,
ORD-4558,2023-11-09,TRD-01,Treadmill,Bulky,2,280.0,560.0,,
ORD-4559,2023-11-09,TRD-01,Treadmill,Bulky,3,280.0,840.0,,
ORD-4560,2023-11-09,TRD-01,Treadmill,Bulky,3,280.0,840.0,Meta,cpc
ORD-4561,2023-11-09,TRD-01,Treadmill,Bulky,2,280.0,560.0,Meta,cpc
ORD-4562,2023-11-09,TRD-01,Treadmill,Bulky,2,280.0,560.0,Meta,cpc
ORD-4563,2023-11-09,TRD-01,Treadmill,Bulky,2,280.0,560.0,Meta,cpc
ORD-4564,2023-11-09,TRD-01,Treadmill,Bulky,1,280.0,280.0,,
ORD-4565,2023-11-09,TRD-01,Treadmill,Bulky,1,280.0,280.0,Meta,cpc
ORD-4566,2023-11-09,TRD-01,Treadmill,Bulky,2,280.0,560.0,Meta,cpc
ORD-4567,2023-11-09,TRD-01,Treadmill,Bulky,3,280.0,840.0,Meta,cpc
ORD-4568,2023-11-09,TRD-01,Treadmill,Bulky,1,280.0,280.0,Meta,cpc
ORD-4569,2023-11-09,TRD-01,Treadmill,Bulky,1,280.0,280.0,,
ORD-4570,2023-11-09,TRD-01,Treadmill,Bulky,2,280.0,560.0,Meta,cpc
ORD-4571,2023-11-09,TRD-01,Treadmill,Bulky,1,280.0,280.0,,
ORD-4572,2023-11-09,TRD-01,Treadmill,Bulky,2,280.0,560.0,,
ORD-4573,2023-11-09,TRD-01,Treadmill,Bulky,3,280.0,840.0,Meta,cpc
ORD-4574,2023-11-09,TRD-01,Treadmill,Bulky,1,280.0,280.0,,
ORD-4575,2023-11-10,TRD-01,Treadmill,Bulky,3,280.0,840.0,,
ORD-4576,2023-11-10,TRD-01,Treadmill,Bulky,1,280.0,280.0,,
ORD-4577,2023-11-10,TRD-01,Treadmill,Bulky,3,280.0,840.0,,
ORD-4578,2023-11-10,TRD-01,Treadmill,Bulky,3,280.0,840.0,,
ORD-4579,2023-11-10,TRD-01,Treadmill,Bulky,2,280.0,560.0,Meta,cpc
ORD-4580,2023-11-10,TRD-01,Treadmill,Bulky,3,280.0,840.0,,
ORD-4581,2023-11-10,TRD-01,Treadmill,Bulky,1,280.0,280.0,,
ORD-4582,2023-11-10,TRD-01,Treadmill,Bulky,1,280.0,280.0,Meta,cpc
ORD-4583,2023-11-10,TRD-01,Treadmill,Bulky,3,280.0,840.0,Meta,cpc
ORD-4584,2023-11-10,TRD-01,Treadmill,Bulky,2,280.0,560.0,,
ORD-4585,2023-11-10,TRD-01,Treadmill,Bulky,3,280.0,840.0,Meta,cpc
ORD-4586,2023-11-10,TRD-01,Treadmill,Bulky,1,280.0,280.0,Meta,cpc
ORD-4587,2023-11-10,TRD-01,Treadmill,Bulky,3,280.0,840.0,Meta,cpc
ORD-4588,2023-11-10,TRD-01,Treadmill,Bulky,3,280.0,840.0,Meta,cpc
ORD-4589,2023-11-10,TRD-01,Treadmill,Bulky,1,280.0,280.0,Meta,cpc
ORD-4590,2023-11-10,TRD-01,Treadmill,Bulky,2,280.0,560.0,Meta,cpc
ORD-4591,2023-11-10,TRD-01,Treadmill,Bulky,1,280.0,280.0,Meta,cpc
ORD-4592,2023-11-10,TRD-01,Treadmill,Bulky,2,280.0,560.0,,
ORD-4593,2023-11-10,TRD-01,Treadmill,Bulky,3,280.0,840.0,,
ORD-4594,2023-11-10,TRD-01,Treadmill,Bulky,1,280.0,280.0,Meta,cpc
ORD-4595,2023-11-10,TRD-01,Treadmill,Bulky,1,280.0,280.0,Meta,cpc
ORD-4596,2023-11-10,TRD-01,Treadmill,Bulky,2,280.0,560.0,Meta,cpc
ORD-4597,2023-11-10,TRD-01,Treadmill,Bulky,2,280.0,560.0,Meta,cpc
ORD-4598,2023-11-10,TRD-01,Treadmill,Bulky,1,280.0,280.0,Meta,cpc
ORD-4599,2023-11-10,TRD-01,Treadmill,Bulky,3,280.0,840.0,Meta,cpc
ORD-4600,2023-11-10,TRD-01,Treadmill,Bulky,1,280.0,280.0,,
ORD-4601,2023-11-10,TRD-01,Treadmill,Bulky,3,280.0,840.0,,
ORD-4602,2023-11-10,TRD-01,Treadmill,Bulky,3,280.0,840.0,Meta,cpc
ORD-4603,2023-11-10,TRD-01,Treadmill,Bulky,3,280.0,840.0,Meta,cpc
ORD-4604,2023-11-10,TRD-01,Treadmill,Bulky,3,280.0,840.0,Meta,cpc
ORD-4605,2023-11-10,TRD-01,Treadmill,Bulky,2,280.0,560.0,,
ORD-4606,2023-11-10,TRD-01,Treadmill,Bulky,2,280.0,560.0,,
ORD-4607,2023-11-10,TRD-01,Treadmill,Bulky,1,280.0,280.0,,
ORD-4608,2023-11-10,TRD-01,Treadmill,Bulky,2,280.0,560.0,Meta,cpc
ORD-4609,2023-11-10,TRD-01,Treadmill,Bulky,1,280.0,280.0,Meta,cpc
ORD-4610,2023-11-10,TRD-01,Treadmill,Bulky,1,280.0,280.0,Meta,cpc
ORD-4611,2023-11-10,TRD-01,Treadmill,Bulky,3,280.0,840.0,,
ORD-4612,2023-11-10,TRD-01,Treadmill,Bulky,1,280.0,280.0,,
ORD-4613,2023-11-10,TRD-01,Treadmill,Bulky,2,280.0,560.0,Meta,cpc
ORD-4614,2023-11-10,TRD-01,Treadmill,Bulky,2,280.0,560.0,Meta,cpc
ORD-4615,2023-11-10,TRD-01,Treadmill,Bulky,1,280.0,280.0,Meta,cpc
ORD-4616,2023-11-10,TRD-01,Treadmill,Bulky,3,280.0,840.0,,
ORD-4617,2023-11-10,TRD-01,Treadmill,Bulky,1,280.0,280.0,Meta,cpc
ORD-4618,2023-11-10,TRD-01,Treadmill,Bulky,1,280.0,280.0,Meta,cpc
ORD-4619,2023-11-10,TRD-01,Treadmill,Bulky,2,280.0,560.0,Meta,cpc
ORD-4620,2023-11-10,TRD-01,Treadmill,Bulky,2,280.0,560.0,,
ORD-4621,2023-11-10,TRD-01,Treadmill,Bulky,3,280.0,840.0,Meta,cpc
ORD-4622,2023-11-10,TRD-01,Treadmill,Bulky,2,280.0,560.0,Meta,cpc
ORD-4623,2023-11-10,TRD-01,Treadmill,Bulky,1,280.0,280.0,Meta,cpc
ORD-4624,2023-11-10,TRD-01,Treadmill,Bulky,2,280.0,560.0,Meta,cpc
ORD-4625,2023-11-10,TRD-01,Treadmill,Bulky,2,280.0,560.0,,
ORD-4626,2023-11-10,TRD-01,Treadmill,Bulky,2,280.0,560.0,,
ORD-4627,2023-11-10,TRD-01,Treadmill,Bulky,2,280.0,560.0,Meta,cpc
ORD-4628,2023-11-10,TRD-01,Treadmill,Bulky,3,280.0,840.0,,
ORD-4629,2023-11-10,TRD-01,Treadmill,Bulky,2,280.0,560.0,Meta,cpc
ORD-4630,2023-11-10,TRD-01,Treadmill,Bulky,1,280.0,280.0,Meta,cpc
ORD-4631,2023-11-10,TRD-01,Treadmill,Bulky,2,280.0,560.0,,
ORD-4632,2023-11-10,TRD-01,Treadmill,Bulky,3,280.0,840.0,Meta,cpc
ORD-4633,2023-11-10,TRD-01,Treadmill,Bulky,3,280.0,840.0,,
ORD-4634,2023-11-10,TRD-01,Treadmill,Bulky,3,280.0,840.0,Meta,cpc
ORD-4635,2023-11-10,TRD-01,Treadmill,Bulky,1,280.0,280.0,Meta,cpc
ORD-4636,2023-11-10,TRD-01,Treadmill,Bulky,1,280.0,280.0,Meta,cpc
ORD-4637,2023-11-10,TRD-01,Treadmill,Bulky,2,280.0,560.0,Meta,cpc
ORD-4638,2023-11-10,TRD-01,Treadmill,Bulky,1,280.0,280.0,,
ORD-4639,2023-11-10,TRD-01,Treadmill,Bulky,1,280.0,280.0,,
ORD-4640,2023-11-10,TRD-01,Treadmill,Bulky,1,280.0,280.0,Meta,cpc
ORD-4641,2023-11-11,TRD-01,Treadmill,Bulky,3,280.0,840.0,Meta,cpc
ORD-4642,2023-11-11,TRD-01,Treadmill,Bulky,2,280.0,560.0,Meta,cpc
ORD-4643,2023-11-11,TRD-01,Treadmill,Bulky,3,280.0,840.0,Meta,cpc
ORD-4644,2023-11-11,TRD-01,Treadmill,Bulky,3,280.0,840.0,,
ORD-4645,2023-11-11,TRD-01,Treadmill,Bulky,2,280.0,560.0,,
ORD-4646,2023-11-11,TRD-01,Treadmill,Bulky,3,280.0,840.0,,
ORD-4647,2023-11-11,TRD-01,Treadmill,Bulky,1,280.0,280.0,Meta,cpc
ORD-4648,2023-11-11,TRD-01,Treadmill,Bulky,2,280.0,560.0,Meta,cpc
ORD-4649,2023-11-11,TRD-01,Treadmill,Bulky,2,280.0,560.0,,
ORD-4650,2023-11-11,TRD-01,Treadmill,Bulky,1,280.0,280.0,Meta,cpc
ORD-4651,2023-11-11,TRD-01,Treadmill,Bulky,2,280.0,560.0,,
ORD-4652,2023-11-11,TRD-01,Treadmill,Bulky,3,280.0,840.0,,
ORD-4653,2023-11-11,TRD-01,Treadmill,Bulky,1,280.0,280.0,Meta,cpc
ORD-4654,2023-11-11,TRD-01,Treadmill,Bulky,3,280.0,840.0,Meta,cpc
ORD-4655,2023-11-11,TRD-01,Treadmill,Bulky,3,280.0,840.0,Meta,cpc
ORD-4656,2023-11-11,TRD-01,Treadmill,Bulky,3,280.0,840.0,,
ORD-4657,2023-11-11,TRD-01,Treadmill,Bulky,3,280.0,840.0,Meta,cpc
ORD-4658,2023-11-11,TRD-01,Treadmill,Bulky,3,280.0,840.0,,
ORD-4659,2023-11-11,TRD-01,Treadmill,Bulky,3,280.0,840.0,,
ORD-4660,2023-11-11,TRD-01,Treadmill,Bulky,1,280.0,280.0,Meta,cpc
ORD-4661,2023-11-11,TRD-01,Treadmill,Bulky,1,280.0,280.0,Meta,cpc
ORD-4662,2023-11-11,TRD-01,Treadmill,Bulky,2,280.0,560.0,,
ORD-4663,2023-11-11,TRD-01,Treadmill,Bulky,1,280.0,280.0,Meta,cpc
ORD-4664,2023-11-11,TRD-01,Treadmill,Bulky,1,280.0,280.0,,
ORD-4665,2023-11-11,TRD-01,Treadmill,Bulky,1,280.0,280.0,Meta,cpc
ORD-4666,2023-11-11,TRD-01,Treadmill,Bulky,1,280.0,280.0,Meta,cpc
ORD-4667,2023-11-11,TRD-01,Treadmill,Bulky,1,280.0,280.0,Meta,cpc
ORD-4668,2023-11-11,TRD-01,Treadmill,Bulky,1,280.0,280.0,,
ORD-4669,2023-11-11,TRD-01,Treadmill,Bulky,2,280.0,560.0,Meta,cpc
ORD-4670,2023-11-11,TRD-01,Treadmill,Bulky,1,280.0,280.0,Meta,cpc
ORD-4671,2023-11-11,TRD-01,Treadmill,Bulky,3,280.0,840.0,,
ORD-4672,2023-11-11,TRD-01,Treadmill,Bulky,2,280.0,560.0,,
ORD-4673,2023-11-11,TRD-01,Treadmill,Bulky,1,280.0,280.0,Meta,cpc
ORD-4674,2023-11-11,TRD-01,Treadmill,Bulky,3,280.0,840.0,Meta,cpc
ORD-4675,2023-11-11,TRD-01,Treadmill,Bulky,1,280.0,280.0,Meta,cpc
ORD-4676,2023-11-11,TRD-01,Treadmill,Bulky,3,280.0,840.0,Meta,cpc
ORD-4677,2023-11-11,TRD-01,Treadmill,Bulky,2,280.0,560.0,Meta,cpc
ORD-4678,2023-11-11,TRD-01,Treadmill,Bulky,2,280.0,560.0,Meta,cpc
ORD-4679,2023-11-11,TRD-01,Treadmill,Bulky,3,280.0,840.0,,
ORD-4680,2023-11-11,TRD-01,Treadmill,Bulky,1,280.0,280.0,,
ORD-4681,2023-11-11,TRD-01,Treadmill,Bulky,1,280.0,280.0,Meta,cpc
ORD-4682,2023-11-11,TRD-01,Treadmill,Bulky,2,280.0,560.0,,
ORD-4683,2023-11-11,TRD-01,Treadmill,Bulky,3,280.0,840.0,Meta,cpc
ORD-4684,2023-11-11,TRD-01,Treadmill,Bulky,2,280.0,560.0,Meta,cpc
ORD-4685,2023-11-11,TRD-01,Treadmill,Bulky,3,280.0,840.0,,
ORD-4686,2023-11-11,TRD-01,Treadmill,Bulky,2,280.0,560.0,,
ORD-4687,2023-11-11,TRD-01,Treadmill,Bulky,2,280.0,560.0,Meta,cpc
ORD-4688,2023-11-11,TRD-01,Treadmill,Bulky,3,280.0,840.0,Meta,cpc
ORD-4689,2023-11-11,TRD-01,Treadmill,Bulky,2,280.0,560.0,,
ORD-4690,2023-11-11,TRD-01,Treadmill,Bulky,1,280.0,280.0,Meta,cpc
ORD-4691,2023-11-11,TRD-01,Treadmill,Bulky,3,280.0,840.0,Meta,cpc
ORD-4692,2023-11-11,TRD-01,Treadmill,Bulky,3,280.0,840.0,Meta,cpc
ORD-4693,2023-11-11,TRD-01,Treadmill,Bulky,3,280.0,840.0,,
ORD-4694,2023-11-11,TRD-01,Treadmill,Bulky,3,280.0,840.0,Meta,cpc
ORD-4695,2023-11-11,TRD-01,Treadmill,Bulky,2,280.0,560.0,Meta,cpc
ORD-4696,2023-11-11,TRD-01,Treadmill,Bulky,1,280.0,280.0,Meta,cpc
ORD-4697,2023-11-11,TRD-01,Treadmill,Bulky,2,280.0,560.0,,
ORD-4698,2023-11-11,TRD-01,Treadmill,Bulky,1,280.0,280.0,,
ORD-4699,2023-11-11,TRD-01,Treadmill,Bulky,1,280.0,280.0,Meta,cpc
ORD-4700,2023-11-11,TRD-01,Treadmill,Bulky,3,280.0,840.0,Meta,cpc
ORD-4701,2023-11-11,TRD-01,Treadmill,Bulky,3,280.0,840.0,,
ORD-4702,2023-11-11,TRD-01,Treadmill,Bulky,3,280.0,840.0,Meta,cpc
ORD-4703,2023-11-11,TRD-01,Treadmill,Bulky,1,280.0,280.0,Meta,cpc
ORD-4704,2023-11-11,TRD-01,Treadmill,Bulky,1,280.0,280.0,,
ORD-4705,2023-11-11,TRD-01,Treadmill,Bulky,3,280.0,840.0,,
ORD-4706,2023-11-11,TRD-01,Treadmill,Bulky,1,280.0,280.0,Meta,cpc
ORD-4707,2023-11-11,TRD-01,Treadmill,Bulky,2,280.0,560.0,Meta,cpc
ORD-4708,2023-11-11,TRD-01,Treadmill,Bulky,3,280.0,840.0,Meta,cpc
ORD-4709,2023-11-11,TRD-01,Treadmill,Bulky,2,280.0,560.0,,
ORD-4710,2023-11-11,TRD-01,Treadmill,Bulky,2,280.0,560.0,Meta,cpc
ORD-4711,2023-11-11,TRD-01,Treadmill,Bulky,2,280.0,560.0,,
ORD-4712,2023-11-12,TRD-01,Treadmill,Bulky,3,280.0,840.0,,
ORD-4713,2023-11-12,TRD-01,Treadmill,Bulky,1,280.0,280.0,Meta,cpc
ORD-4714,2023-11-12,TRD-01,Treadmill,Bulky,1,280.0,280.0,Meta,cpc
ORD-4715,2023-11-12,TRD-01,Treadmill,Bulky,3,280.0,840.0,Meta,cpc
ORD-4716,2023-11-12,TRD-01,Treadmill,Bulky,1,280.0,280.0,Meta,cpc
ORD-4717,2023-11-12,TRD-01,Treadmill,Bulky,3,280.0,840.0,Meta,cpc
ORD-4718,2023-11-12,TRD-01,Treadmill,Bulky,1,280.0,280.0,Meta,cpc
ORD-4719,2023-11-12,TRD-01,Treadmill,Bulky,2,280.0,560.0,Meta,cpc
ORD-4720,2023-11-12,TRD-01,Treadmill,Bulky,3,280.0,840.0,Meta,cpc
ORD-4721,2023-11-12,TRD-01,Treadmill,Bulky,2,280.0,560.0,Meta,cpc
ORD-4722,2023-11-12,TRD-01,Treadmill,Bulky,3,280.0,840.0,Meta,cpc
ORD-4723,2023-11-12,TRD-01,Treadmill,Bulky,1,280.0,280.0,,
ORD-4724,2023-11-12,TRD-01,Treadmill,Bulky,3,280.0,840.0,Meta,cpc
ORD-4725,2023-11-12,TRD-01,Treadmill,Bulky,1,280.0,280.0,Meta,cpc
ORD-4726,2023-11-12,TRD-01,Treadmill,Bulky,2,280.0,560.0,,
ORD-4727,2023-11-12,TRD-01,Treadmill,Bulky,1,280.0,280.0,Meta,cpc
ORD-4728,2023-11-12,TRD-01,Treadmill,Bulky,3,280.0,840.0,Meta,cpc
ORD-4729,2023-11-12,TRD-01,Treadmill,Bulky,1,280.0,280.0,,
ORD-4730,2023-11-12,TRD-01,Treadmill,Bulky,3,280.0,840.0,Meta,cpc
ORD-4731,2023-11-12,TRD-01,Treadmill,Bulky,1,280.0,280.0,,
ORD-4732,2023-11-12,TRD-01,Treadmill,Bulky,1,280.0,280.0,Meta,cpc
ORD-4733,2023-11-12,TRD-01,Treadmill,Bulky,2,280.0,560.0,Meta,cpc
ORD-4734,2023-11-12,TRD-01,Treadmill,Bulky,3,280.0,840.0,Meta,cpc
ORD-4735,2023-11-12,TRD-01,Treadmill,Bulky,2,280.0,560.0,Meta,cpc
ORD-4736,2023-11-12,TRD-01,Treadmill,Bulky,3,280.0,840.0,Meta,cpc
ORD-4737,2023-11-12,TRD-01,Treadmill,Bulky,3,280.0,840.0,Meta,cpc
ORD-4738,2023-11-12,TRD-01,Treadmill,Bulky,3,280.0,840.0,Meta,cpc
ORD-4739,2023-11-12,TRD-01,Treadmill,Bulky,2,280.0,560.0,Meta,cpc
ORD-4740,2023-11-12,TRD-01,Treadmill,Bulky,2,280.0,560.0,,
ORD-4741,2023-11-12,TRD-01,Treadmill,Bulky,2,280.0,560.0,,
ORD-4742,2023-11-12,TRD-01,Treadmill,Bulky,2,280.0,560.0,,
ORD-4743,2023-11-12,TRD-01,Treadmill,Bulky,2,280.0,560.0,,
ORD-4744,2023-11-12,TRD-01,Treadmill,Bulky,2,280.0,560.0,Meta,cpc
ORD-4745,2023-11-12,TRD-01,Treadmill,Bulky,1,280.0,280.0,Meta,cpc
ORD-4746,2023-11-12,TRD-01,Treadmill,Bulky,2,280.0,560.0,,
ORD-4747,2023-11-12,TRD-01,Treadmill,Bulky,2,280.0,560.0,Meta,cpc
ORD-4748,2023-11-12,TRD-01,Treadmill,Bulky,3,280.0,840.0,,
ORD-4749,2023-11-12,TRD-01,Treadmill,Bulky,3,280.0,840.0,,
ORD-4750,2023-11-12,TRD-01,Treadmill,Bulky,3,280.0,840.0,Meta,cpc
ORD-4751,2023-11-12,TRD-01,Treadmill,Bulky,2,280.0,560.0,Meta,cpc
ORD-4752,2023-11-12,TRD-01,Treadmill,Bulky,3,280.0,840.0,,
ORD-4753,2023-11-12,TRD-01,Treadmill,Bulky,1,280.0,280.0,Meta,cpc
ORD-4754,2023-11-12,TRD-01,Treadmill,Bulky,1,280.0,280.0,,
ORD-4755,2023-11-12,TRD-01,Treadmill,Bulky,3,280.0,840.0,,
ORD-4756,2023-11-12,TRD-01,Treadmill,Bulky,3,280.0,840.0,,
ORD-4757,2023-11-12,TRD-01,Treadmill,Bulky,2,280.0,560.0,Meta,cpc
ORD-4758,2023-11-12,TRD-01,Treadmill,Bulky,3,280.0,840.0,Meta,cpc
ORD-4759,2023-11-12,TRD-01,Treadmill,Bulky,3,280.0,840.0,Meta,cpc
ORD-4760,2023-11-12,TRD-01,Treadmill,Bulky,3,280.0,840.0,Meta,cpc
ORD-4761,2023-11-12,TRD-01,Treadmill,Bulky,3,280.0,840.0,Meta,cpc
ORD-4762,2023-11-12,TRD-01,Treadmill,Bulky,2,280.0,560.0,,
ORD-4763,2023-11-12,TRD-01,Treadmill,Bulky,2,280.0,560.0,Meta,cpc
ORD-4764,2023-11-12,TRD-01,Treadmill,Bulky,3,280.0,840.0,Meta,cpc
ORD-4765,2023-11-12,TRD-01,Treadmill,Bulky,1,280.0,280.0,Meta,cpc
ORD-4766,2023-11-12,TRD-01,Treadmill,Bulky,2,280.0,560.0,Meta,cpc
ORD-4767,2023-11-12,TRD-01,Treadmill,Bulky,1,280.0,280.0,,
ORD-4768,2023-11-12,TRD-01,Treadmill,Bulky,2,280.0,560.0,,
ORD-4769,2023-11-12,TRD-01,Treadmill,Bulky,2,280.0,560.0,Meta,cpc
ORD-4770,2023-11-12,TRD-01,Treadmill,Bulky,3,280.0,840.0,,
ORD-4771,2023-11-12,TRD-01,Treadmill,Bulky,2,280.0,560.0,,
ORD-4772,2023-11-12,TRD-01,Treadmill,Bulky,2,280.0,560.0,Meta,cpc
ORD-4773,2023-11-12,TRD-01,Treadmill,Bulky,2,280.0,560.0,Meta,cpc
ORD-4774,2023-11-12,TRD-01,Treadmill,Bulky,3,280.0,840.0,Meta,cpc
ORD-4775,2023-11-12,TRD-01,Treadmill,Bulky,3,280.0,840.0,Meta,cpc
ORD-4776,2023-11-12,TRD-01,Treadmill,Bulky,3,280.0,840.0,,
ORD-4777,2023-11-12,TRD-01,Treadmill,Bulky,2,280.0,560.0,Meta,cpc
ORD-4778,2023-11-12,TRD-01,Treadmill,Bulky,1,280.0,280.0,Meta,cpc
ORD-4779,2023-11-13,TRD-01,Treadmill,Bulky,2,280.0,560.0,Meta,cpc
ORD-4780,2023-11-13,TRD-01,Treadmill,Bulky,2,280.0,560.0,Meta,cpc
ORD-4781,2023-11-13,TRD-01,Treadmill,Bulky,3,280.0,840.0,,
ORD-4782,2023-11-13,TRD-01,Treadmill,Bulky,1,280.0,280.0,Meta,cpc
ORD-4783,2023-11-13,TRD-01,Treadmill,Bulky,2,280.0,560.0,Meta,cpc
ORD-4784,2023-11-13,TRD-01,Treadmill,Bulky,3,280.0,840.0,Meta,cpc
ORD-4785,2023-11-13,TRD-01,Treadmill,Bulky,1,280.0,280.0,,
ORD-4786,2023-11-13,TRD-01,Treadmill,Bulky,1,280.0,280.0,Meta,cpc
ORD-4787,2023-11-13,TRD-01,Treadmill,Bulky,2,280.0,560.0,Meta,cpc
ORD-4788,2023-11-13,TRD-01,Treadmill,Bulky,2,280.0,560.0,,
ORD-4789,2023-11-13,TRD-01,Treadmill,Bulky,1,280.0,280.0,,
ORD-4790,2023-11-13,TRD-01,Treadmill,Bulky,1,280.0,280.0,Meta,cpc
ORD-4791,2023-11-13,TRD-01,Treadmill,Bulky,3,280.0,840.0,,
ORD-4792,2023-11-13,TRD-01,Treadmill,Bulky,1,280.0,280.0,,
ORD-4793,2023-11-13,TRD-01,Treadmill,Bulky,2,280.0,560.0,Meta,cpc
ORD-4794,2023-11-13,TRD-01,Treadmill,Bulky,1,280.0,280.0,,
ORD-4795,2023-11-13,TRD-01,Treadmill,Bulky,1,280.0,280.0,Meta,cpc
ORD-4796,2023-11-13,TRD-01,Treadmill,Bulky,3,280.0,840.0,Meta,cpc
ORD-4797,2023-11-13,TRD-01,Treadmill,Bulky,2,280.0,560.0,Meta,cpc
ORD-4798,2023-11-13,TRD-01,Treadmill,Bulky,3,280.0,840.0,Meta,cpc
ORD-4799,2023-11-13,TRD-01,Treadmill,Bulky,2,280.0,560.0,Meta,cpc
ORD-4800,2023-11-13,TRD-01,Treadmill,Bulky,2,280.0,560.0,Meta,cpc
ORD-4801,2023-11-13,TRD-01,Treadmill,Bulky,2,280.0,560.0,Meta,cpc
ORD-4802,2023-11-13,TRD-01,Treadmill,Bulky,2,280.0,560.0,,
ORD-4803,2023-11-13,TRD-01,Treadmill,Bulky,2,280.0,560.0,,
ORD-4804,2023-11-13,TRD-01,Treadmill,Bulky,1,280.0,280.0,Meta,cpc
ORD-4805,2023-11-13,TRD-01,Treadmill,Bulky,1,280.0,280.0,,
ORD-4806,2023-11-13,TRD-01,Treadmill,Bulky,3,280.0,840.0,,
ORD-4807,2023-11-13,TRD-01,Treadmill,Bulky,1,280.0,280.0,Meta,cpc
ORD-4808,2023-11-13,TRD-01,Treadmill,Bulky,3,280.0,840.0,,
ORD-4809,2023-11-13,TRD-01,Treadmill,Bulky,2,280.0,560.0,,
ORD-4810,2023-11-13,TRD-01,Treadmill,Bulky,1,280.0,280.0,Meta,cpc
ORD-4811,2023-11-13,TRD-01,Treadmill,Bulky,2,280.0,560.0,,
ORD-4812,2023-11-13,TRD-01,Treadmill,Bulky,3,280.0,840.0,Meta,cpc
ORD-4813,2023-11-13,TRD-01,Treadmill,Bulky,1,280.0,280.0,,
ORD-4814,2023-11-13,TRD-01,Treadmill,Bulky,1,280.0,280.0,Meta,cpc
ORD-4815,2023-11-13,TRD-01,Treadmill,Bulky,3,280.0,840.0,,
ORD-4816,2023-11-13,TRD-01,Treadmill,Bulky,1,280.0,280.0,Meta,cpc
ORD-4817,2023-11-13,TRD-01,Treadmill,Bulky,3,280.0,840.0,Meta,cpc
ORD-4818,2023-11-13,TRD-01,Treadmill,Bulky,3,280.0,840.0,Meta,cpc
ORD-4819,2023-11-13,TRD-01,Treadmill,Bulky,1,280.0,280.0,Meta,cpc
ORD-4820,2023-11-13,TRD-01,Treadmill,Bulky,1,280.0,280.0,Meta,cpc
ORD-4821,2023-11-13,TRD-01,Treadmill,Bulky,3,280.0,840.0,Meta,cpc
ORD-4822,2023-11-13,TRD-01,Treadmill,Bulky,2,280.0,560.0,Meta,cpc
ORD-4823,2023-11-13,TRD-01,Treadmill,Bulky,2,280.0,560.0,,
ORD-4824,2023-11-13,TRD-01,Treadmill,Bulky,1,280.0,280.0,Meta,cpc
ORD-4825,2023-11-13,TRD-01,Treadmill,Bulky,1,280.0,280.0,Meta,cpc
ORD-4826,2023-11-13,TRD-01,Treadmill,Bulky,2,280.0,560.0,Meta,cpc
ORD-4827,2023-11-13,TRD-01,Treadmill,Bulky,3,280.0,840.0,Meta,cpc
ORD-4828,2023-11-13,TRD-01,Treadmill,Bulky,3,280.0,840.0,Meta,cpc
ORD-4829,2023-11-13,TRD-01,Treadmill,Bulky,2,280.0,560.0,Meta,cpc
ORD-4830,2023-11-13,TRD-01,Treadmill,Bulky,1,280.0,280.0,Meta,cpc
ORD-4831,2023-11-13,TRD-01,Treadmill,Bulky,1,280.0,280.0,Meta,cpc
ORD-4832,2023-11-13,TRD-01,Treadmill,Bulky,1,280.0,280.0,,
ORD-4833,2023-11-13,TRD-01,Treadmill,Bulky,2,280.0,560.0,Meta,cpc
ORD-4834,2023-11-13,TRD-01,Treadmill,Bulky,2,280.0,560.0,Meta,cpc
ORD-4835,2023-11-13,TRD-01,Treadmill,Bulky,2,280.0,560.0,Meta,cpc
ORD-4836,2023-11-13,TRD-01,Treadmill,Bulky,3,280.0,840.0,Meta,cpc
ORD-4837,2023-11-13,TRD-01,Treadmill,Bulky,3,280.0,840.0,,
ORD-4838,2023-11-13,TRD-01,Treadmill,Bulky,3,280.0,840.0,,
ORD-4839,2023-11-13,TRD-01,Treadmill,Bulky,3,280.0,840.0,,
ORD-4840,2023-11-13,TRD-01,Treadmill,Bulky,2,280.0,560.0,,
ORD-4841,2023-11-14,TRD-01,Treadmill,Bulky,3,280.0,840.0,Meta,cpc
ORD-4842,2023-11-14,TRD-01,Treadmill,Bulky,3,280.0,840.0,Meta,cpc
ORD-4843,2023-11-14,TRD-01,Treadmill,Bulky,2,280.0,560.0,,
ORD-4844,2023-11-14,TRD-01,Treadmill,Bulky,1,280.0,280.0,Meta,cpc
ORD-4845,2023-11-14,TRD-01,Treadmill,Bulky,1,280.0,280.0,Meta,cpc
ORD-4846,2023-11-14,TRD-01,Treadmill,Bulky,3,280.0,840.0,Meta,cpc
ORD-4847,2023-11-14,TRD-01,Treadmill,Bulky,1,280.0,280.0,,
ORD-4848,2023-11-14,TRD-01,Treadmill,Bulky,3,280.0,840.0,Meta,cpc
ORD-4849,2023-11-14,TRD-01,Treadmill,Bulky,3,280.0,840.0,,
ORD-4850,2023-11-14,TRD-01,Treadmill,Bulky,1,280.0,280.0,Meta,cpc
ORD-4851,2023-11-14,TRD-01,Treadmill,Bulky,2,280.0,560.0,,
ORD-4852,2023-11-14,TRD-01,Treadmill,Bulky,3,280.0,840.0,,
ORD-4853,2023-11-14,TRD-01,Treadmill,Bulky,1,280.0,280.0,,
ORD-4854,2023-11-14,TRD-01,Treadmill,Bulky,2,280.0,560.0,Meta,cpc
ORD-4855,2023-11-14,TRD-01,Treadmill,Bulky,2,280.0,560.0,Meta,cpc
ORD-4856,2023-11-14,TRD-01,Treadmill,Bulky,2,280.0,560.0,Meta,cpc
ORD-4857,2023-11-14,TRD-01,Treadmill,Bulky,2,280.0,560.0,Meta,cpc
ORD-4858,2023-11-14,TRD-01,Treadmill,Bulky,1,280.0,280.0,Meta,cpc
ORD-4859,2023-11-14,TRD-01,Treadmill,Bulky,1,280.0,280.0,Meta,cpc
ORD-4860,2023-11-14,TRD-01,Treadmill,Bulky,1,280.0,280.0,Meta,cpc
ORD-4861,2023-11-14,TRD-01,Treadmill,Bulky,1,280.0,280.0,,
ORD-4862,2023-11-14,TRD-01,Treadmill,Bulky,2,280.0,560.0,Meta,cpc
ORD-4863,2023-11-14,TRD-01,Treadmill,Bulky,2,280.0,560.0,Meta,cpc
ORD-4864,2023-11-14,TRD-01,Treadmill,Bulky,3,280.0,840.0,,
ORD-4865,2023-11-14,TRD-01,Treadmill,Bulky,2,280.0,560.0,Meta,cpc
ORD-4866,2023-11-14,TRD-01,Treadmill,Bulky,2,280.0,560.0,,
ORD-4867,2023-11-14,TRD-01,Treadmill,Bulky,3,280.0,840.0,,
ORD-4868,2023-11-14,TRD-01,Treadmill,Bulky,1,280.0,280.0,Meta,cpc
ORD-4869,2023-11-14,TRD-01,Treadmill,Bulky,1,280.0,280.0,Meta,cpc
ORD-4870,2023-11-14,TRD-01,Treadmill,Bulky,1,280.0,280.0,Meta,cpc
ORD-4871,2023-11-14,TRD-01,Treadmill,Bulky,1,280.0,280.0,Meta,cpc
ORD-4872,2023-11-14,TRD-01,Treadmill,Bulky,1,280.0,280.0,Meta,cpc
ORD-4873,2023-11-14,TRD-01,Treadmill,Bulky,3,280.0,840.0,,
ORD-4874,2023-11-14,TRD-01,Treadmill,Bulky,3,280.0,840.0,Meta,cpc
ORD-4875,2023-11-14,TRD-01,Treadmill,Bulky,1,280.0,280.0,,
ORD-4876,2023-11-14,TRD-01,Treadmill,Bulky,2,280.0,560.0,Meta,cpc
ORD-4877,2023-11-14,TRD-01,Treadmill,Bulky,2,280.0,560.0,Meta,cpc
ORD-4878,2023-11-14,TRD-01,Treadmill,Bulky,2,280.0,560.0,Meta,cpc
ORD-4879,2023-11-14,TRD-01,Treadmill,Bulky,3,280.0,840.0,,
ORD-4880,2023-11-14,TRD-01,Treadmill,Bulky,2,280.0,560.0,Meta,cpc
ORD-4881,2023-11-14,TRD-01,Treadmill,Bulky,3,280.0,840.0,,
ORD-4882,2023-11-14,TRD-01,Treadmill,Bulky,1,280.0,280.0,Meta,cpc
ORD-4883,2023-11-14,TRD-01,Treadmill,Bulky,2,280.0,560.0,,
ORD-4884,2023-11-14,TRD-01,Treadmill,Bulky,2,280.0,560.0,,
ORD-4885,2023-11-14,TRD-01,Treadmill,Bulky,1,280.0,280.0,Meta,cpc
ORD-4886,2023-11-14,TRD-01,Treadmill,Bulky,1,280.0,280.0,Meta,cpc
ORD-4887,2023-11-14,TRD-01,Treadmill,Bulky,2,280.0,560.0,,
ORD-4888,2023-11-14,TRD-01,Treadmill,Bulky,2,280.0,560.0,Meta,cpc
ORD-4889,2023-11-14,TRD-01,Treadmill,Bulky,2,280.0,560.0,Meta,cpc
ORD-4890,2023-11-14,TRD-01,Treadmill,Bulky,2,280.0,560.0,Meta,cpc
ORD-4891,2023-11-14,TRD-01,Treadmill,Bulky,2,280.0,560.0,Meta,cpc
ORD-4892,2023-11-14,TRD-01,Treadmill,Bulky,3,280.0,840.0,Meta,cpc
ORD-4893,2023-11-14,TRD-01,Treadmill,Bulky,2,280.0,560.0,,
ORD-4894,2023-11-14,TRD-01,Treadmill,Bulky,2,280.0,560.0,Meta,cpc
ORD-4895,2023-11-14,TRD-01,Treadmill,Bulky,3,280.0,840.0,Meta,cpc
ORD-4896,2023-11-14,TRD-01,Treadmill,Bulky,1,280.0,280.0,,
ORD-4897,2023-11-14,TRD-01,Treadmill,Bulky,1,280.0,280.0,Meta,cpc
ORD-4898,2023-11-14,TRD-01,Treadmill,Bulky,1,280.0,280.0,Meta,cpc
ORD-4899,2023-11-14,TRD-01,Treadmill,Bulky,3,280.0,840.0,,
ORD-4900,2023-11-14,TRD-01,Treadmill,Bulky,3,280.0,840.0,,
ORD-4901,2023-11-14,TRD-01,Treadmill,Bulky,1,280.0,280.0,Meta,cpc
ORD-4902,2023-11-14,TRD-01,Treadmill,Bulky,1,280.0,280.0,Meta,cpc
ORD-4903,2023-11-14,TRD-01,Treadmill,Bulky,1,280.0,280.0,,
ORD-4904,2023-11-14,TRD-01,Treadmill,Bulky,2,280.0,560.0,Meta,cpc
ORD-4905,2023-11-14,TRD-01,Treadmill,Bulky,3,280.0,840.0,,
ORD-4906,2023-11-14,TRD-01,Treadmill,Bulky,2,280.0,560.0,Meta,cpc
ORD-4907,2023-11-14,TRD-01,Treadmill,Bulky,3,280.0,840.0,Meta,cpc
ORD-4908,2023-11-14,TRD-01,Treadmill,Bulky,3,280.0,840.0,Meta,cpc
ORD-4909,2023-11-14,TRD-01,Treadmill,Bulky,2,280.0,560.0,,
ORD-4910,2023-11-14,TRD-01,Treadmill,Bulky,1,280.0,280.0,,
ORD-4911,2023-11-14,TRD-01,Treadmill,Bulky,2,280.0,560.0,Meta,cpc
ORD-4912,2023-11-15,TRD-01,Treadmill,Bulky,3,280.0,840.0,Meta,cpc
ORD-4913,2023-11-15,TRD-01,Treadmill,Bulky,3,280.0,840.0,Meta,cpc
ORD-4914,2023-11-15,TRD-01,Treadmill,Bulky,3,280.0,840.0,Meta,cpc
ORD-4915,2023-11-15,TRD-01,Treadmill,Bulky,2,280.0,560.0,Meta,cpc
ORD-4916,2023-11-15,TRD-01,Treadmill,Bulky,3,280.0,840.0,,
ORD-4917,2023-11-15,TRD-01,Treadmill,Bulky,3,280.0,840.0,Meta,cpc
ORD-4918,2023-11-15,TRD-01,Treadmill,Bulky,2,280.0,560.0,,
ORD-4919,2023-11-15,TRD-01,Treadmill,Bulky,3,280.0,840.0,Meta,cpc
ORD-4920,2023-11-15,TRD-01,Treadmill,Bulky,2,280.0,560.0,Meta,cpc
ORD-4921,2023-11-15,TRD-01,Treadmill,Bulky,1,280.0,280.0,,
ORD-4922,2023-11-15,TRD-01,Treadmill,Bulky,1,280.0,280.0,Meta,cpc
ORD-4923,2023-11-15,TRD-01,Treadmill,Bulky,3,280.0,840.0,Meta,cpc
ORD-4924,2023-11-15,TRD-01,Treadmill,Bulky,1,280.0,280.0,Meta,cpc
ORD-4925,2023-11-15,TRD-01,Treadmill,Bulky,1,280.0,280.0,Meta,cpc
ORD-4926,2023-11-15,TRD-01,Treadmill,Bulky,2,280.0,560.0,,
ORD-4927,2023-11-15,TRD-01,Treadmill,Bulky,2,280.0,560.0,Meta,cpc
ORD-4928,2023-11-15,TRD-01,Treadmill,Bulky,3,280.0,840.0,,
ORD-4929,2023-11-15,TRD-01,Treadmill,Bulky,2,280.0,560.0,,
ORD-4930,2023-11-15,TRD-01,Treadmill,Bulky,3,280.0,840.0,Meta,cpc
ORD-4931,2023-11-15,TRD-01,Treadmill,Bulky,3,280.0,840.0,,
ORD-4932,2023-11-15,TRD-01,Treadmill,Bulky,2,280.0,560.0,Meta,cpc
ORD-4933,2023-11-15,TRD-01,Treadmill,Bulky,3,280.0,840.0,Meta,cpc
ORD-4934,2023-11-15,TRD-01,Treadmill,Bulky,1,280.0,280.0,Meta,cpc
ORD-4935,2023-11-15,TRD-01,Treadmill,Bulky,1,280.0,280.0,Meta,cpc
ORD-4936,2023-11-15,TRD-01,Treadmill,Bulky,1,280.0,280.0,Meta,cpc
ORD-4937,2023-11-15,TRD-01,Treadmill,Bulky,2,280.0,560.0,,
ORD-4938,2023-11-15,TRD-01,Treadmill,Bulky,1,280.0,280.0,Meta,cpc
ORD-4939,2023-11-15,TRD-01,Treadmill,Bulky,3,280.0,840.0,Meta,cpc
ORD-4940,2023-11-15,TRD-01,Treadmill,Bulky,3,280.0,840.0,,
ORD-4941,2023-11-15,TRD-01,Treadmill,Bulky,3,280.0,840.0,,
ORD-4942,2023-11-15,TRD-01,Treadmill,Bulky,2,280.0,560.0,Meta,cpc
ORD-4943,2023-11-15,TRD-01,Treadmill,Bulky,1,280.0,280.0,Meta,cpc
ORD-4944,2023-11-15,TRD-01,Treadmill,Bulky,2,280.0,560.0,Meta,cpc
ORD-4945,2023-11-15,TRD-01,Treadmill,Bulky,3,280.0,840.0,,
ORD-4946,2023-11-15,TRD-01,Treadmill,Bulky,1,280.0,280.0,Meta,cpc
ORD-4947,2023-11-15,TRD-01,Treadmill,Bulky,1,280.0,280.0,Meta,cpc
ORD-4948,2023-11-15,TRD-01,Treadmill,Bulky,1,280.0,280.0,,
ORD-4949,2023-11-15,TRD-01,Treadmill,Bulky,2,280.0,560.0,Meta,cpc
ORD-4950,2023-11-15,TRD-01,Treadmill,Bulky,1,280.0,280.0,Meta,cpc
ORD-4951,2023-11-15,TRD-01,Treadmill,Bulky,2,280.0,560.0,Meta,cpc
ORD-4952,2023-11-15,TRD-01,Treadmill,Bulky,1,280.0,280.0,Meta,cpc
ORD-4953,2023-11-15,TRD-01,Treadmill,Bulky,3,280.0,840.0,Meta,cpc
ORD-4954,2023-11-15,TRD-01,Treadmill,Bulky,2,280.0,560.0,Meta,cpc
ORD-4955,2023-11-15,TRD-01,Treadmill,Bulky,1,280.0,280.0,Meta,cpc
ORD-4956,2023-11-15,TRD-01,Treadmill,Bulky,2,280.0,560.0,Meta,cpc
ORD-4957,2023-11-15,TRD-01,Treadmill,Bulky,1,280.0,280.0,Meta,cpc
ORD-4958,2023-11-15,TRD-01,Treadmill,Bulky,3,280.0,840.0,Meta,cpc
ORD-4959,2023-11-15,TRD-01,Treadmill,Bulky,3,280.0,840.0,Meta,cpc
ORD-4960,2023-11-15,TRD-01,Treadmill,Bulky,3,280.0,840.0,Meta,cpc
ORD-4961,2023-11-15,TRD-01,Treadmill,Bulky,1,280.0,280.0,Meta,cpc
ORD-4962,2023-11-15,TRD-01,Treadmill,Bulky,2,280.0,560.0,,
ORD-4963,2023-11-15,TRD-01,Treadmill,Bulky,2,280.0,560.0,,
ORD-4964,2023-11-15,TRD-01,Treadmill,Bulky,3,280.0,840.0,Meta,cpc
ORD-4965,2023-11-15,TRD-01,Treadmill,Bulky,3,280.0,840.0,,
ORD-4966,2023-11-15,TRD-01,Treadmill,Bulky,3,280.0,840.0,,
ORD-4967,2023-11-15,TRD-01,Treadmill,Bulky,1,280.0,280.0,,
ORD-4968,2023-11-15,TRD-01,Treadmill,Bulky,2,280.0,560.0,Meta,cpc
ORD-4969,2023-11-15,TRD-01,Treadmill,Bulky,1,280.0,280.0,Meta,cpc
ORD-4970,2023-11-15,TRD-01,Treadmill,Bulky,3,280.0,840.0,Meta,cpc
ORD-4971,2023-11-15,TRD-01,Treadmill,Bulky,3,280.0,840.0,,
ORD-4972,2023-11-15,TRD-01,Treadmill,Bulky,1,280.0,280.0,,
ORD-4973,2023-11-15,TRD-01,Treadmill,Bulky,3,280.0,840.0,Meta,cpc
ORD-4974,2023-11-15,TRD-01,Treadmill,Bulky,2,280.0,560.0,,
ORD-4975,2023-11-15,TRD-01,Treadmill,Bulky,3,280.0,840.0,Meta,cpc
ORD-4976,2023-11-15,TRD-01,Treadmill,Bulky,1,280.0,280.0,Meta,cpc
ORD-4977,2023-11-16,TRD-01,Treadmill,Bulky,2,280.0,560.0,,
ORD-4978,2023-11-16,TRD-01,Treadmill,Bulky,1,280.0,280.0,,
ORD-4979,2023-11-16,TRD-01,Treadmill,Bulky,3,280.0,840.0,,
ORD-4980,2023-11-16,TRD-01,Treadmill,Bulky,3,280.0,840.0,Meta,cpc
ORD-4981,2023-11-16,TRD-01,Treadmill,Bulky,3,280.0,840.0,Meta,cpc
ORD-4982,2023-11-16,TRD-01,Treadmill,Bulky,3,280.0,840.0,Meta,cpc
ORD-4983,2023-11-16,TRD-01,Treadmill,Bulky,1,280.0,280.0,Meta,cpc
ORD-4984,2023-11-16,TRD-01,Treadmill,Bulky,3,280.0,840.0,Meta,cpc
ORD-4985,2023-11-16,TRD-01,Treadmill,Bulky,3,280.0,840.0,Meta,cpc
ORD-4986,2023-11-16,TRD-01,Treadmill,Bulky,3,280.0,840.0,Meta,cpc
ORD-4987,2023-11-16,TRD-01,Treadmill,Bulky,2,280.0,560.0,,
ORD-4988,2023-11-16,TRD-01,Treadmill,Bulky,1,280.0,280.0,,
ORD-4989,2023-11-16,TRD-01,Treadmill,Bulky,3,280.0,840.0,,
ORD-4990,2023-11-16,TRD-01,Treadmill,Bulky,3,280.0,840.0,,
ORD-4991,2023-11-16,TRD-01,Treadmill,Bulky,2,280.0,560.0,Meta,cpc
ORD-4992,2023-11-16,TRD-01,Treadmill,Bulky,3,280.0,840.0,Meta,cpc
ORD-4993,2023-11-16,TRD-01,Treadmill,Bulky,3,280.0,840.0,Meta,cpc
ORD-4994,2023-11-16,TRD-01,Treadmill,Bulky,1,280.0,280.0,,
ORD-4995,2023-11-16,TRD-01,Treadmill,Bulky,2,280.0,560.0,,
ORD-4996,2023-11-16,TRD-01,Treadmill,Bulky,2,280.0,560.0,,
ORD-4997,2023-11-16,TRD-01,Treadmill,Bulky,2,280.0,560.0,,
ORD-4998,2023-11-16,TRD-01,Treadmill,Bulky,3,280.0,840.0,Meta,cpc
ORD-4999,2023-11-16,TRD-01,Treadmill,Bulky,2,280.0,560.0,,
ORD-5000,2023-11-16,TRD-01,Treadmill,Bulky,3,280.0,840.0,Meta,cpc
ORD-5001,2023-11-16,TRD-01,Treadmill,Bulky,1,280.0,280.0,Meta,cpc
ORD-5002,2023-11-16,TRD-01,Treadmill,Bulky,1,280.0,280.0,Meta,cpc
ORD-5003,2023-11-16,TRD-01,Treadmill,Bulky,3,280.0,840.0,Meta,cpc
ORD-5004,2023-11-16,TRD-01,Treadmill,Bulky,2,280.0,560.0,Meta,cpc
ORD-5005,2023-11-16,TRD-01,Treadmill,Bulky,1,280.0,280.0,,
ORD-5006,2023-11-16,TRD-01,Treadmill,Bulky,3,280.0,840.0,Meta,cpc
ORD-5007,2023-11-16,TRD-01,Treadmill,Bulky,2,280.0,560.0,Meta,cpc
ORD-5008,2023-11-16,TRD-01,Treadmill,Bulky,1,280.0,280.0,Meta,cpc
ORD-5009,2023-11-16,TRD-01,Treadmill,Bulky,3,280.0,840.0,Meta,cpc
ORD-5010,2023-11-16,TRD-01,Treadmill,Bulky,3,280.0,840.0,Meta,cpc
ORD-5011,2023-11-16,TRD-01,Treadmill,Bulky,3,280.0,840.0,Meta,cpc
ORD-5012,2023-11-16,TRD-01,Treadmill,Bulky,3,280.0,840.0,Meta,cpc
ORD-5013,2023-11-16,TRD-01,Treadmill,Bulky,2,280.0,560.0,,
ORD-5014,2023-11-16,TRD-01,Treadmill,Bulky,3,280.0,840.0,Meta,cpc
ORD-5015,2023-11-16,TRD-01,Treadmill,Bulky,3,280.0,840.0,Meta,cpc
ORD-5016,2023-11-16,TRD-01,Treadmill,Bulky,3,280.0,840.0,Meta,cpc
ORD-5017,2023-11-16,TRD-01,Treadmill,Bulky,3,280.0,840.0,Meta,cpc
ORD-5018,2023-11-16,TRD-01,Treadmill,Bulky,1,280.0,280.0,,
ORD-5019,2023-11-16,TRD-01,Treadmill,Bulky,3,280.0,840.0,Meta,cpc
ORD-5020,2023-11-16,TRD-01,Treadmill,Bulky,1,280.0,280.0,Meta,cpc
ORD-5021,2023-11-16,TRD-01,Treadmill,Bulky,2,280.0,560.0,Meta,cpc
ORD-5022,2023-11-16,TRD-01,Treadmill,Bulky,2,280.0,560.0,Meta,cpc
ORD-5023,2023-11-16,TRD-01,Treadmill,Bulky,1,280.0,280.0,Meta,cpc
ORD-5024,2023-11-16,TRD-01,Treadmill,Bulky,3,280.0,840.0,,
ORD-5025,2023-11-16,TRD-01,Treadmill,Bulky,1,280.0,280.0,Meta,cpc
ORD-5026,2023-11-16,TRD-01,Treadmill,Bulky,1,280.0,280.0,,
ORD-5027,2023-11-16,TRD-01,Treadmill,Bulky,1,280.0,280.0,Meta,cpc
ORD-5028,2023-11-16,TRD-01,Treadmill,Bulky,3,280.0,840.0,Meta,cpc
ORD-5029,2023-11-16,TRD-01,Treadmill,Bulky,3,280.0,840.0,,
ORD-5030,2023-11-16,TRD-01,Treadmill,Bulky,1,280.0,280.0,Meta,cpc
ORD-5031,2023-11-16,TRD-01,Treadmill,Bulky,2,280.0,560.0,Meta,cpc
ORD-5032,2023-11-16,TRD-01,Treadmill,Bulky,1,280.0,280.0,,
ORD-5033,2023-11-16,TRD-01,Treadmill,Bulky,2,280.0,560.0,,
ORD-5034,2023-11-16,TRD-01,Treadmill,Bulky,2,280.0,560.0,Meta,cpc
ORD-5035,2023-11-16,TRD-01,Treadmill,Bulky,3,280.0,840.0,Meta,cpc
ORD-5036,2023-11-16,TRD-01,Treadmill,Bulky,2,280.0,560.0,Meta,cpc
ORD-5037,2023-11-16,TRD-01,Treadmill,Bulky,1,280.0,280.0,Meta,cpc
ORD-5038,2023-11-16,TRD-01,Treadmill,Bulky,1,280.0,280.0,,
ORD-5039,2023-11-16,TRD-01,Treadmill,Bulky,3,280.0,840.0,Meta,cpc
ORD-5040,2023-11-16,TRD-01,Treadmill,Bulky,2,280.0,560.0,Meta,cpc
ORD-5041,2023-11-16,TRD-01,Treadmill,Bulky,1,280.0,280.0,Meta,cpc
ORD-5042,2023-11-16,TRD-01,Treadmill,Bulky,2,280.0,560.0,Meta,cpc
ORD-5043,2023-11-16,TRD-01,Treadmill,Bulky,2,280.0,560.0,Meta,cpc
ORD-5044,2023-11-16,TRD-01,Treadmill,Bulky,3,280.0,840.0,Meta,cpc
ORD-5045,2023-11-16,TRD-01,Treadmill,Bulky,1,280.0,280.0,Meta,cpc
ORD-5046,2023-11-16,TRD-01,Treadmill,Bulky,1,280.0,280.0,,
ORD-5047,2023-11-17,TRD-01,Treadmill,Bulky,2,280.0,560.0,Meta,cpc
ORD-5048,2023-11-17,TRD-01,Treadmill,Bulky,3,280.0,840.0,Meta,cpc
ORD-5049,2023-11-17,TRD-01,Treadmill,Bulky,2,280.0,560.0,,
ORD-5050,2023-11-17,TRD-01,Treadmill,Bulky,1,280.0,280.0,Meta,cpc
ORD-5051,2023-11-17,TRD-01,Treadmill,Bulky,1,280.0,280.0,,
ORD-5052,2023-11-17,TRD-01,Treadmill,Bulky,1,280.0,280.0,,
ORD-5053,2023-11-17,TRD-01,Treadmill,Bulky,1,280.0,280.0,Meta,cpc
ORD-5054,2023-11-17,TRD-01,Treadmill,Bulky,1,280.0,280.0,Meta,cpc
ORD-5055,2023-11-17,TRD-01,Treadmill,Bulky,2,280.0,560.0,Meta,cpc
ORD-5056,2023-11-17,TRD-01,Treadmill,Bulky,3,280.0,840.0,,
ORD-5057,2023-11-17,TRD-01,Treadmill,Bulky,1,280.0,280.0,,
ORD-5058,2023-11-17,TRD-01,Treadmill,Bulky,3,280.0,840.0,Meta,cpc
ORD-5059,2023-11-17,TRD-01,Treadmill,Bulky,1,280.0,280.0,Meta,cpc
ORD-5060,2023-11-17,TRD-01,Treadmill,Bulky,2,280.0,560.0,,
ORD-5061,2023-11-17,TRD-01,Treadmill,Bulky,2,280.0,560.0,Meta,cpc
ORD-5062,2023-11-17,TRD-01,Treadmill,Bulky,2,280.0,560.0,Meta,cpc
ORD-5063,2023-11-17,TRD-01,Treadmill,Bulky,2,280.0,560.0,,
ORD-5064,2023-11-17,TRD-01,Treadmill,Bulky,3,280.0,840.0,,
ORD-5065,2023-11-17,TRD-01,Treadmill,Bulky,2,280.0,560.0,Meta,cpc
ORD-5066,2023-11-17,TRD-01,Treadmill,Bulky,2,280.0,560.0,,
ORD-5067,2023-11-17,TRD-01,Treadmill,Bulky,2,280.0,560.0,,
ORD-5068,2023-11-17,TRD-01,Treadmill,Bulky,1,280.0,280.0,Meta,cpc
ORD-5069,2023-11-17,TRD-01,Treadmill,Bulky,2,280.0,560.0,Meta,cpc
ORD-5070,2023-11-17,TRD-01,Treadmill,Bulky,3,280.0,840.0,,
ORD-5071,2023-11-17,TRD-01,Treadmill,Bulky,1,280.0,280.0,Meta,cpc
ORD-5072,2023-11-17,TRD-01,Treadmill,Bulky,3,280.0,840.0,Meta,cpc
ORD-5073,2023-11-17,TRD-01,Treadmill,Bulky,1,280.0,280.0,Meta,cpc
ORD-5074,2023-11-17,TRD-01,Treadmill,Bulky,3,280.0,840.0,Meta,cpc
ORD-5075,2023-11-17,TRD-01,Treadmill,Bulky,3,280.0,840.0,,
ORD-5076,2023-11-17,TRD-01,Treadmill,Bulky,3,280.0,840.0,Meta,cpc
ORD-5077,2023-11-17,TRD-01,Treadmill,Bulky,1,280.0,280.0,,
ORD-5078,2023-11-17,TRD-01,Treadmill,Bulky,3,280.0,840.0,,
ORD-5079,2023-11-17,TRD-01,Treadmill,Bulky,3,280.0,840.0,Meta,cpc
ORD-5080,2023-11-17,TRD-01,Treadmill,Bulky,1,280.0,280.0,Meta,cpc
ORD-5081,2023-11-17,TRD-01,Treadmill,Bulky,3,280.0,840.0,Meta,cpc
ORD-5082,2023-11-17,TRD-01,Treadmill,Bulky,1,280.0,280.0,Meta,cpc
ORD-5083,2023-11-17,TRD-01,Treadmill,Bulky,2,280.0,560.0,,
ORD-5084,2023-11-17,TRD-01,Treadmill,Bulky,3,280.0,840.0,,
ORD-5085,2023-11-17,TRD-01,Treadmill,Bulky,1,280.0,280.0,,
ORD-5086,2023-11-17,TRD-01,Treadmill,Bulky,2,280.0,560.0,,
ORD-5087,2023-11-17,TRD-01,Treadmill,Bulky,3,280.0,840.0,Meta,cpc
ORD-5088,2023-11-17,TRD-01,Treadmill,Bulky,2,280.0,560.0,,
ORD-5089,2023-11-17,TRD-01,Treadmill,Bulky,3,280.0,840.0,Meta,cpc
ORD-5090,2023-11-17,TRD-01,Treadmill,Bulky,1,280.0,280.0,Meta,cpc
ORD-5091,2023-11-17,TRD-01,Treadmill,Bulky,2,280.0,560.0,,
ORD-5092,2023-11-17,TRD-01,Treadmill,Bulky,2,280.0,560.0,Meta,cpc
ORD-5093,2023-11-17,TRD-01,Treadmill,Bulky,2,280.0,560.0,Meta,cpc
ORD-5094,2023-11-17,TRD-01,Treadmill,Bulky,2,280.0,560.0,Meta,cpc
ORD-5095,2023-11-17,TRD-01,Treadmill,Bulky,3,280.0,840.0,,
ORD-5096,2023-11-17,TRD-01,Treadmill,Bulky,1,280.0,280.0,,
ORD-5097,2023-11-17,TRD-01,Treadmill,Bulky,2,280.0,560.0,Meta,cpc
ORD-5098,2023-11-17,TRD-01,Treadmill,Bulky,1,280.0,280.0,Meta,cpc
ORD-5099,2023-11-17,TRD-01,Treadmill,Bulky,3,280.0,840.0,Meta,cpc
ORD-5100,2023-11-17,TRD-01,Treadmill,Bulky,1,280.0,280.0,,
ORD-5101,2023-11-17,TRD-01,Treadmill,Bulky,1,280.0,280.0,Meta,cpc
ORD-5102,2023-11-17,TRD-01,Treadmill,Bulky,3,280.0,840.0,Meta,cpc
ORD-5103,2023-11-17,TRD-01,Treadmill,Bulky,2,280.0,560.0,,
ORD-5104,2023-11-17,TRD-01,Treadmill,Bulky,3,280.0,840.0,Meta,cpc
ORD-5105,2023-11-17,TRD-01,Treadmill,Bulky,2,280.0,560.0,Meta,cpc
ORD-5106,2023-11-17,TRD-01,Treadmill,Bulky,3,280.0,840.0,Meta,cpc
ORD-5107,2023-11-17,TRD-01,Treadmill,Bulky,1,280.0,280.0,Meta,cpc
ORD-5108,2023-11-17,TRD-01,Treadmill,Bulky,2,280.0,560.0,,
ORD-5109,2023-11-17,TRD-01,Treadmill,Bulky,3,280.0,840.0,Meta,cpc
ORD-5110,2023-11-17,TRD-01,Treadmill,Bulky,1,280.0,280.0,,
ORD-5111,2023-11-18,TRD-01,Treadmill,Bulky,2,280.0,560.0,Meta,cpc
ORD-5112,2023-11-18,TRD-01,Treadmill,Bulky,1,280.0,280.0,Meta,cpc
ORD-5113,2023-11-18,TRD-01,Treadmill,Bulky,3,280.0,840.0,,
ORD-5114,2023-11-18,TRD-01,Treadmill,Bulky,1,280.0,280.0,Meta,cpc
ORD-5115,2023-11-18,TRD-01,Treadmill,Bulky,2,280.0,560.0,,
ORD-5116,2023-11-18,TRD-01,Treadmill,Bulky,3,280.0,840.0,Meta,cpc
ORD-5117,2023-11-18,TRD-01,Treadmill,Bulky,3,280.0,840.0,,
ORD-5118,2023-11-18,TRD-01,Treadmill,Bulky,1,280.0,280.0,,
ORD-5119,2023-11-18,TRD-01,Treadmill,Bulky,3,280.0,840.0,Meta,cpc
ORD-5120,2023-11-18,TRD-01,Treadmill,Bulky,1,280.0,280.0,Meta,cpc
ORD-5121,2023-11-18,TRD-01,Treadmill,Bulky,1,280.0,280.0,Meta,cpc
ORD-5122,2023-11-18,TRD-01,Treadmill,Bulky,3,280.0,840.0,Meta,cpc
ORD-5123,2023-11-18,TRD-01,Treadmill,Bulky,3,280.0,840.0,,
ORD-5124,2023-11-18,TRD-01,Treadmill,Bulky,1,280.0,280.0,Meta,cpc
ORD-5125,2023-11-18,TRD-01,Treadmill,Bulky,3,280.0,840.0,,
ORD-5126,2023-11-18,TRD-01,Treadmill,Bulky,3,280.0,840.0,Meta,cpc
ORD-5127,2023-11-18,TRD-01,Treadmill,Bulky,2,280.0,560.0,Meta,cpc
ORD-5128,2023-11-18,TRD-01,Treadmill,Bulky,3,280.0,840.0,Meta,cpc
ORD-5129,2023-11-18,TRD-01,Treadmill,Bulky,1,280.0,280.0,Meta,cpc
ORD-5130,2023-11-18,TRD-01,Treadmill,Bulky,1,280.0,280.0,,
ORD-5131,2023-11-18,TRD-01,Treadmill,Bulky,3,280.0,840.0,Meta,cpc
ORD-5132,2023-11-18,TRD-01,Treadmill,Bulky,2,280.0,560.0,,
ORD-5133,2023-11-18,TRD-01,Treadmill,Bulky,3,280.0,840.0,Meta,cpc
ORD-5134,2023-11-18,TRD-01,Treadmill,Bulky,3,280.0,840.0,Meta,cpc
ORD-5135,2023-11-18,TRD-01,Treadmill,Bulky,2,280.0,560.0,Meta,cpc
ORD-5136,2023-11-18,TRD-01,Treadmill,Bulky,3,280.0,840.0,Meta,cpc
ORD-5137,2023-11-18,TRD-01,Treadmill,Bulky,1,280.0,280.0,Meta,cpc
ORD-5138,2023-11-18,TRD-01,Treadmill,Bulky,2,280.0,560.0,Meta,cpc
ORD-5139,2023-11-18,TRD-01,Treadmill,Bulky,2,280.0,560.0,Meta,cpc
ORD-5140,2023-11-18,TRD-01,Treadmill,Bulky,1,280.0,280.0,Meta,cpc
ORD-5141,2023-11-18,TRD-01,Treadmill,Bulky,3,280.0,840.0,Meta,cpc
ORD-5142,2023-11-18,TRD-01,Treadmill,Bulky,3,280.0,840.0,Meta,cpc
ORD-5143,2023-11-18,TRD-01,Treadmill,Bulky,2,280.0,560.0,Meta,cpc
ORD-5144,2023-11-18,TRD-01,Treadmill,Bulky,1,280.0,280.0,Meta,cpc
ORD-5145,2023-11-18,TRD-01,Treadmill,Bulky,2,280.0,560.0,Meta,cpc
ORD-5146,2023-11-18,TRD-01,Treadmill,Bulky,3,280.0,840.0,Meta,cpc
ORD-5147,2023-11-18,TRD-01,Treadmill,Bulky,3,280.0,840.0,,
ORD-5148,2023-11-18,TRD-01,Treadmill,Bulky,1,280.0,280.0,,
ORD-5149,2023-11-18,TRD-01,Treadmill,Bulky,2,280.0,560.0,,
ORD-5150,2023-11-18,TRD-01,Treadmill,Bulky,2,280.0,560.0,Meta,cpc
ORD-5151,2023-11-18,TRD-01,Treadmill,Bulky,3,280.0,840.0,,
ORD-5152,2023-11-18,TRD-01,Treadmill,Bulky,1,280.0,280.0,,
ORD-5153,2023-11-18,TRD-01,Treadmill,Bulky,3,280.0,840.0,Meta,cpc
ORD-5154,2023-11-18,TRD-01,Treadmill,Bulky,1,280.0,280.0,Meta,cpc
ORD-5155,2023-11-18,TRD-01,Treadmill,Bulky,3,280.0,840.0,,
ORD-5156,2023-11-18,TRD-01,Treadmill,Bulky,3,280.0,840.0,,
ORD-5157,2023-11-18,TRD-01,Treadmill,Bulky,1,280.0,280.0,Meta,cpc
ORD-5158,2023-11-18,TRD-01,Treadmill,Bulky,3,280.0,840.0,Meta,cpc
ORD-5159,2023-11-18,TRD-01,Treadmill,Bulky,1,280.0,280.0,Meta,cpc
ORD-5160,2023-11-18,TRD-01,Treadmill,Bulky,2,280.0,560.0,Meta,cpc
ORD-5161,2023-11-18,TRD-01,Treadmill,Bulky,1,280.0,280.0,,
ORD-5162,2023-11-18,TRD-01,Treadmill,Bulky,1,280.0,280.0,,
ORD-5163,2023-11-18,TRD-01,Treadmill,Bulky,3,280.0,840.0,Meta,cpc
ORD-5164,2023-11-18,TRD-01,Treadmill,Bulky,3,280.0,840.0,,
ORD-5165,2023-11-18,TRD-01,Treadmill,Bulky,3,280.0,840.0,,
ORD-5166,2023-11-18,TRD-01,Treadmill,Bulky,1,280.0,280.0,Meta,cpc
ORD-5167,2023-11-18,TRD-01,Treadmill,Bulky,3,280.0,840.0,,
ORD-5168,2023-11-18,TRD-01,Treadmill,Bulky,3,280.0,840.0,Meta,cpc
ORD-5169,2023-11-19,TRD-01,Treadmill,Bulky,1,280.0,280.0,Meta,cpc
ORD-5170,2023-11-19,TRD-01,Treadmill,Bulky,3,280.0,840.0,,
ORD-5171,2023-11-19,TRD-01,Treadmill,Bulky,1,280.0,280.0,Meta,cpc
ORD-5172,2023-11-19,TRD-01,Treadmill,Bulky,1,280.0,280.0,Meta,cpc
ORD-5173,2023-11-19,TRD-01,Treadmill,Bulky,1,280.0,280.0,Meta,cpc
ORD-5174,2023-11-19,TRD-01,Treadmill,Bulky,2,280.0,560.0,,
ORD-5175,2023-11-19,TRD-01,Treadmill,Bulky,1,280.0,280.0,Meta,cpc
ORD-5176,2023-11-19,TRD-01,Treadmill,Bulky,3,280.0,840.0,Meta,cpc
ORD-5177,2023-11-19,TRD-01,Treadmill,Bulky,2,280.0,560.0,Meta,cpc
ORD-5178,2023-11-19,TRD-01,Treadmill,Bulky,3,280.0,840.0,Meta,cpc
ORD-5179,2023-11-19,TRD-01,Treadmill,Bulky,3,280.0,840.0,Meta,cpc
ORD-5180,2023-11-19,TRD-01,Treadmill,Bulky,3,280.0,840.0,Meta,cpc
ORD-5181,2023-11-19,TRD-01,Treadmill,Bulky,1,280.0,280.0,Meta,cpc
ORD-5182,2023-11-19,TRD-01,Treadmill,Bulky,3,280.0,840.0,Meta,cpc
ORD-5183,2023-11-19,TRD-01,Treadmill,Bulky,3,280.0,840.0,Meta,cpc
ORD-5184,2023-11-19,TRD-01,Treadmill,Bulky,3,280.0,840.0,Meta,cpc
ORD-5185,2023-11-19,TRD-01,Treadmill,Bulky,2,280.0,560.0,Meta,cpc
ORD-5186,2023-11-19,TRD-01,Treadmill,Bulky,1,280.0,280.0,Meta,cpc
ORD-5187,2023-11-19,TRD-01,Treadmill,Bulky,1,280.0,280.0,Meta,cpc
ORD-5188,2023-11-19,TRD-01,Treadmill,Bulky,2,280.0,560.0,Meta,cpc
ORD-5189,2023-11-19,TRD-01,Treadmill,Bulky,3,280.0,840.0,Meta,cpc
ORD-5190,2023-11-19,TRD-01,Treadmill,Bulky,2,280.0,560.0,Meta,cpc
ORD-5191,2023-11-19,TRD-01,Treadmill,Bulky,2,280.0,560.0,,
ORD-5192,2023-11-19,TRD-01,Treadmill,Bulky,1,280.0,280.0,Meta,cpc
ORD-5193,2023-11-19,TRD-01,Treadmill,Bulky,1,280.0,280.0,Meta,cpc
ORD-5194,2023-11-19,TRD-01,Treadmill,Bulky,2,280.0,560.0,,
ORD-5195,2023-11-19,TRD-01,Treadmill,Bulky,3,280.0,840.0,Meta,cpc
ORD-5196,2023-11-19,TRD-01,Treadmill,Bulky,1,280.0,280.0,Meta,cpc
ORD-5197,2023-11-19,TRD-01,Treadmill,Bulky,3,280.0,840.0,,
ORD-5198,2023-11-19,TRD-01,Treadmill,Bulky,1,280.0,280.0,,
ORD-5199,2023-11-19,TRD-01,Treadmill,Bulky,3,280.0,840.0,Meta,cpc
ORD-5200,2023-11-19,TRD-01,Treadmill,Bulky,3,280.0,840.0,,
ORD-5201,2023-11-19,TRD-01,Treadmill,Bulky,3,280.0,840.0,Meta,cpc
ORD-5202,2023-11-19,TRD-01,Treadmill,Bulky,2,280.0,560.0,Meta,cpc
ORD-5203,2023-11-19,TRD-01,Treadmill,Bulky,1,280.0,280.0,Meta,cpc
ORD-5204,2023-11-19,TRD-01,Treadmill,Bulky,3,280.0,840.0,,
ORD-5205,2023-11-19,TRD-01,Treadmill,Bulky,3,280.0,840.0,Meta,cpc
ORD-5206,2023-11-19,TRD-01,Treadmill,Bulky,2,280.0,560.0,Meta,cpc
ORD-5207,2023-11-19,TRD-01,Treadmill,Bulky,2,280.0,560.0,,
ORD-5208,2023-11-19,TRD-01,Treadmill,Bulky,3,280.0,840.0,Meta,cpc
ORD-5209,2023-11-19,TRD-01,Treadmill,Bulky,3,280.0,840.0,Meta,cpc
ORD-5210,2023-11-19,TRD-01,Treadmill,Bulky,1,280.0,280.0,,
ORD-5211,2023-11-19,TRD-01,Treadmill,Bulky,1,280.0,280.0,Meta,cpc
ORD-5212,2023-11-19,TRD-01,Treadmill,Bulky,2,280.0,560.0,Meta,cpc
ORD-5213,2023-11-19,TRD-01,Treadmill,Bulky,2,280.0,560.0,Meta,cpc
ORD-5214,2023-11-19,TRD-01,Treadmill,Bulky,1,280.0,280.0,Meta,cpc
ORD-5215,2023-11-19,TRD-01,Treadmill,Bulky,1,280.0,280.0,Meta,cpc
ORD-5216,2023-11-19,TRD-01,Treadmill,Bulky,1,280.0,280.0,,
ORD-5217,2023-11-19,TRD-01,Treadmill,Bulky,1,280.0,280.0,Meta,cpc
ORD-5218,2023-11-19,TRD-01,Treadmill,Bulky,3,280.0,840.0,Meta,cpc
ORD-5219,2023-11-19,TRD-01,Treadmill,Bulky,3,280.0,840.0,,
ORD-5220,2023-11-19,TRD-01,Treadmill,Bulky,3,280.0,840.0,Meta,cpc
ORD-5221,2023-11-19,TRD-01,Treadmill,Bulky,2,280.0,560.0,Meta,cpc
ORD-5222,2023-11-19,TRD-01,Treadmill,Bulky,1,280.0,280.0,Meta,cpc
ORD-5223,2023-11-19,TRD-01,Treadmill,Bulky,3,280.0,840.0,Meta,cpc
ORD-5224,2023-11-19,TRD-01,Treadmill,Bulky,1,280.0,280.0,Meta,cpc
ORD-5225,2023-11-19,TRD-01,Treadmill,Bulky,1,280.0,280.0,Meta,cpc
ORD-5226,2023-11-19,TRD-01,Treadmill,Bulky,2,280.0,560.0,,
ORD-5227,2023-11-19,TRD-01,Treadmill,Bulky,3,280.0,840.0,Meta,cpc
ORD-5228,2023-11-19,TRD-01,Treadmill,Bulky,3,280.0,840.0,,
ORD-5229,2023-11-19,TRD-01,Treadmill,Bulky,1,280.0,280.0,,
ORD-5230,2023-11-19,TRD-01,Treadmill,Bulky,3,280.0,840.0,Meta,cpc
ORD-5231,2023-11-19,TRD-01,Treadmill,Bulky,2,280.0,560.0,Meta,cpc
ORD-5232,2023-11-20,TRD-01,Treadmill,Bulky,1,280.0,280.0,,
ORD-5233,2023-11-20,TRD-01,Treadmill,Bulky,1,280.0,280.0,,
ORD-5234,2023-11-20,TRD-01,Treadmill,Bulky,3,280.0,840.0,Meta,cpc
ORD-5235,2023-11-20,TRD-01,Treadmill,Bulky,2,280.0,560.0,Meta,cpc
ORD-5236,2023-11-20,TRD-01,Treadmill,Bulky,2,280.0,560.0,Meta,cpc
ORD-5237,2023-11-20,TRD-01,Treadmill,Bulky,3,280.0,840.0,Meta,cpc
ORD-5238,2023-11-20,TRD-01,Treadmill,Bulky,3,280.0,840.0,Meta,cpc
ORD-5239,2023-11-20,TRD-01,Treadmill,Bulky,3,280.0,840.0,Meta,cpc
ORD-5240,2023-11-20,TRD-01,Treadmill,Bulky,3,280.0,840.0,Meta,cpc
ORD-5241,2023-11-20,TRD-01,Treadmill,Bulky,3,280.0,840.0,,
ORD-5242,2023-11-20,TRD-01,Treadmill,Bulky,1,280.0,280.0,,
ORD-5243,2023-11-20,TRD-01,Treadmill,Bulky,1,280.0,280.0,,
ORD-5244,2023-11-20,TRD-01,Treadmill,Bulky,2,280.0,560.0,Meta,cpc
ORD-5245,2023-11-20,TRD-01,Treadmill,Bulky,3,280.0,840.0,Meta,cpc
ORD-5246,2023-11-20,TRD-01,Treadmill,Bulky,1,280.0,280.0,,
ORD-5247,2023-11-20,TRD-01,Treadmill,Bulky,1,280.0,280.0,Meta,cpc
ORD-5248,2023-11-20,TRD-01,Treadmill,Bulky,1,280.0,280.0,,
ORD-5249,2023-11-20,TRD-01,Treadmill,Bulky,2,280.0,560.0,Meta,cpc
ORD-5250,2023-11-20,TRD-01,Treadmill,Bulky,3,280.0,840.0,,
ORD-5251,2023-11-20,TRD-01,Treadmill,Bulky,2,280.0,560.0,Meta,cpc
ORD-5252,2023-11-20,TRD-01,Treadmill,Bulky,1,280.0,280.0,Meta,cpc
ORD-5253,2023-11-20,TRD-01,Treadmill,Bulky,1,280.0,280.0,,
ORD-5254,2023-11-20,TRD-01,Treadmill,Bulky,2,280.0,560.0,Meta,cpc
ORD-5255,2023-11-20,TRD-01,Treadmill,Bulky,1,280.0,280.0,,
ORD-5256,2023-11-20,TRD-01,Treadmill,Bulky,2,280.0,560.0,,
ORD-5257,2023-11-20,TRD-01,Treadmill,Bulky,1,280.0,280.0,,
ORD-5258,2023-11-20,TRD-01,Treadmill,Bulky,3,280.0,840.0,Meta,cpc
ORD-5259,2023-11-20,TRD-01,Treadmill,Bulky,1,280.0,280.0,Meta,cpc
ORD-5260,2023-11-20,TRD-01,Treadmill,Bulky,3,280.0,840.0,Meta,cpc
ORD-5261,2023-11-20,TRD-01,Treadmill,Bulky,2,280.0,560.0,Meta,cpc
ORD-5262,2023-11-20,TRD-01,Treadmill,Bulky,2,280.0,560.0,Meta,cpc
ORD-5263,2023-11-20,TRD-01,Treadmill,Bulky,3,280.0,840.0,Meta,cpc
ORD-5264,2023-11-20,TRD-01,Treadmill,Bulky,3,280.0,840.0,Meta,cpc
ORD-5265,2023-11-20,TRD-01,Treadmill,Bulky,3,280.0,840.0,Meta,cpc
ORD-5266,2023-11-20,TRD-01,Treadmill,Bulky,2,280.0,560.0,Meta,cpc
ORD-5267,2023-11-20,TRD-01,Treadmill,Bulky,3,280.0,840.0,Meta,cpc
ORD-5268,2023-11-20,TRD-01,Treadmill,Bulky,3,280.0,840.0,Meta,cpc
ORD-5269,2023-11-20,TRD-01,Treadmill,Bulky,1,280.0,280.0,Meta,cpc
ORD-5270,2023-11-20,TRD-01,Treadmill,Bulky,1,280.0,280.0,Meta,cpc
ORD-5271,2023-11-20,TRD-01,Treadmill,Bulky,3,280.0,840.0,Meta,cpc
ORD-5272,2023-11-20,TRD-01,Treadmill,Bulky,2,280.0,560.0,Meta,cpc
ORD-5273,2023-11-20,TRD-01,Treadmill,Bulky,2,280.0,560.0,,
ORD-5274,2023-11-20,TRD-01,Treadmill,Bulky,1,280.0,280.0,,
ORD-5275,2023-11-20,TRD-01,Treadmill,Bulky,1,280.0,280.0,,
ORD-5276,2023-11-20,TRD-01,Treadmill,Bulky,3,280.0,840.0,Meta,cpc
ORD-5277,2023-11-20,TRD-01,Treadmill,Bulky,3,280.0,840.0,Meta,cpc
ORD-5278,2023-11-20,TRD-01,Treadmill,Bulky,2,280.0,560.0,Meta,cpc
ORD-5279,2023-11-20,TRD-01,Treadmill,Bulky,1,280.0,280.0,,
ORD-5280,2023-11-20,TRD-01,Treadmill,Bulky,1,280.0,280.0,,
ORD-5281,2023-11-20,TRD-01,Treadmill,Bulky,3,280.0,840.0,Meta,cpc
ORD-5282,2023-11-20,TRD-01,Treadmill,Bulky,3,280.0,840.0,Meta,cpc
ORD-5283,2023-11-20,TRD-01,Treadmill,Bulky,3,280.0,840.0,,
ORD-5284,2023-11-20,TRD-01,Treadmill,Bulky,3,280.0,840.0,Meta,cpc
ORD-5285,2023-11-20,TRD-01,Treadmill,Bulky,1,280.0,280.0,,
ORD-5286,2023-11-20,TRD-01,Treadmill,Bulky,3,280.0,840.0,,
ORD-5287,2023-11-20,TRD-01,Treadmill,Bulky,1,280.0,280.0,Meta,cpc
ORD-5288,2023-11-20,TRD-01,Treadmill,Bulky,3,280.0,840.0,Meta,cpc
ORD-5289,2023-11-20,TRD-01,Treadmill,Bulky,1,280.0,280.0,,
ORD-5290,2023-11-20,TRD-01,Treadmill,Bulky,2,280.0,560.0,Meta,cpc
ORD-5291,2023-11-20,TRD-01,Treadmill,Bulky,1,280.0,280.0,Meta,cpc
ORD-5292,2023-11-20,TRD-01,Treadmill,Bulky,2,280.0,560.0,Meta,cpc
ORD-5293,2023-11-21,TRD-01,Treadmill,Bulky,3,280.0,840.0,,
ORD-5294,2023-11-21,TRD-01,Treadmill,Bulky,2,280.0,560.0,Meta,cpc
ORD-5295,2023-11-21,TRD-01,Treadmill,Bulky,1,280.0,280.0,,
ORD-5296,2023-11-21,TRD-01,Treadmill,Bulky,3,280.0,840.0,Meta,cpc
ORD-5297,2023-11-21,TRD-01,Treadmill,Bulky,3,280.0,840.0,,
ORD-5298,2023-11-21,TRD-01,Treadmill,Bulky,1,280.0,280.0,Meta,cpc
ORD-5299,2023-11-21,TRD-01,Treadmill,Bulky,2,280.0,560.0,Meta,cpc
ORD-5300,2023-11-21,TRD-01,Treadmill,Bulky,3,280.0,840.0,Meta,cpc
ORD-5301,2023-11-21,TRD-01,Treadmill,Bulky,1,280.0,280.0,Meta,cpc
ORD-5302,2023-11-21,TRD-01,Treadmill,Bulky,1,280.0,280.0,,
ORD-5303,2023-11-21,TRD-01,Treadmill,Bulky,3,280.0,840.0,Meta,cpc
ORD-5304,2023-11-21,TRD-01,Treadmill,Bulky,1,280.0,280.0,Meta,cpc
ORD-5305,2023-11-21,TRD-01,Treadmill,Bulky,2,280.0,560.0,Meta,cpc
ORD-5306,2023-11-21,TRD-01,Treadmill,Bulky,1,280.0,280.0,,
ORD-5307,2023-11-21,TRD-01,Treadmill,Bulky,1,280.0,280.0,,
ORD-5308,2023-11-21,TRD-01,Treadmill,Bulky,1,280.0,280.0,,
ORD-5309,2023-11-21,TRD-01,Treadmill,Bulky,1,280.0,280.0,Meta,cpc
ORD-5310,2023-11-21,TRD-01,Treadmill,Bulky,3,280.0,840.0,,
ORD-5311,2023-11-21,TRD-01,Treadmill,Bulky,2,280.0,560.0,,
ORD-5312,2023-11-21,TRD-01,Treadmill,Bulky,1,280.0,280.0,,
ORD-5313,2023-11-21,TRD-01,Treadmill,Bulky,1,280.0,280.0,,
ORD-5314,2023-11-21,TRD-01,Treadmill,Bulky,1,280.0,280.0,Meta,cpc
ORD-5315,2023-11-21,TRD-01,Treadmill,Bulky,1,280.0,280.0,Meta,cpc
ORD-5316,2023-11-21,TRD-01,Treadmill,Bulky,3,280.0,840.0,,
ORD-5317,2023-11-21,TRD-01,Treadmill,Bulky,3,280.0,840.0,Meta,cpc
ORD-5318,2023-11-21,TRD-01,Treadmill,Bulky,2,280.0,560.0,,
ORD-5319,2023-11-21,TRD-01,Treadmill,Bulky,3,280.0,840.0,Meta,cpc
ORD-5320,2023-11-21,TRD-01,Treadmill,Bulky,1,280.0,280.0,,
ORD-5321,2023-11-21,TRD-01,Treadmill,Bulky,3,280.0,840.0,Meta,cpc
ORD-5322,2023-11-21,TRD-01,Treadmill,Bulky,1,280.0,280.0,Meta,cpc
ORD-5323,2023-11-21,TRD-01,Treadmill,Bulky,2,280.0,560.0,Meta,cpc
ORD-5324,2023-11-21,TRD-01,Treadmill,Bulky,2,280.0,560.0,Meta,cpc
ORD-5325,2023-11-21,TRD-01,Treadmill,Bulky,3,280.0,840.0,Meta,cpc
ORD-5326,2023-11-21,TRD-01,Treadmill,Bulky,2,280.0,560.0,Meta,cpc
ORD-5327,2023-11-21,TRD-01,Treadmill,Bulky,2,280.0,560.0,,
ORD-5328,2023-11-21,TRD-01,Treadmill,Bulky,3,280.0,840.0,Meta,cpc
ORD-5329,2023-11-21,TRD-01,Treadmill,Bulky,2,280.0,560.0,Meta,cpc
ORD-5330,2023-11-21,TRD-01,Treadmill,Bulky,2,280.0,560.0,Meta,cpc
ORD-5331,2023-11-21,TRD-01,Treadmill,Bulky,1,280.0,280.0,Meta,cpc
ORD-5332,2023-11-21,TRD-01,Treadmill,Bulky,3,280.0,840.0,,
ORD-5333,2023-11-21,TRD-01,Treadmill,Bulky,2,280.0,560.0,Meta,cpc
ORD-5334,2023-11-21,TRD-01,Treadmill,Bulky,2,280.0,560.0,Meta,cpc
ORD-5335,2023-11-21,TRD-01,Treadmill,Bulky,1,280.0,280.0,Meta,cpc
ORD-5336,2023-11-21,TRD-01,Treadmill,Bulky,3,280.0,840.0,Meta,cpc
ORD-5337,2023-11-21,TRD-01,Treadmill,Bulky,1,280.0,280.0,,
ORD-5338,2023-11-21,TRD-01,Treadmill,Bulky,1,280.0,280.0,Meta,cpc
ORD-5339,2023-11-21,TRD-01,Treadmill,Bulky,3,280.0,840.0,Meta,cpc
ORD-5340,2023-11-21,TRD-01,Treadmill,Bulky,2,280.0,560.0,Meta,cpc
ORD-5341,2023-11-21,TRD-01,Treadmill,Bulky,2,280.0,560.0,,
ORD-5342,2023-11-21,TRD-01,Treadmill,Bulky,3,280.0,840.0,,
ORD-5343,2023-11-21,TRD-01,Treadmill,Bulky,1,280.0,280.0,,
ORD-5344,2023-11-21,TRD-01,Treadmill,Bulky,3,280.0,840.0,Meta,cpc
ORD-5345,2023-11-21,TRD-01,Treadmill,Bulky,2,280.0,560.0,Meta,cpc
ORD-5346,2023-11-21,TRD-01,Treadmill,Bulky,2,280.0,560.0,,
ORD-5347,2023-11-21,TRD-01,Treadmill,Bulky,3,280.0,840.0,Meta,cpc
ORD-5348,2023-11-21,TRD-01,Treadmill,Bulky,1,280.0,280.0,Meta,cpc
ORD-5349,2023-11-21,TRD-01,Treadmill,Bulky,2,280.0,560.0,,
ORD-5350,2023-11-21,TRD-01,Treadmill,Bulky,1,280.0,280.0,Meta,cpc
ORD-5351,2023-11-21,TRD-01,Treadmill,Bulky,3,280.0,840.0,Meta,cpc
ORD-5352,2023-11-21,TRD-01,Treadmill,Bulky,3,280.0,840.0,Meta,cpc
ORD-5353,2023-11-21,TRD-01,Treadmill,Bulky,2,280.0,560.0,Meta,cpc
ORD-5354,2023-11-21,TRD-01,Treadmill,Bulky,2,280.0,560.0,Meta,cpc
ORD-5355,2023-11-21,TRD-01,Treadmill,Bulky,3,280.0,840.0,Meta,cpc
ORD-5356,2023-11-21,TRD-01,Treadmill,Bulky,1,280.0,280.0,Meta,cpc
ORD-5357,2023-11-21,TRD-01,Treadmill,Bulky,1,280.0,280.0,,
ORD-5358,2023-11-21,TRD-01,Treadmill,Bulky,3,280.0,840.0,Meta,cpc
ORD-5359,2023-11-21,TRD-01,Treadmill,Bulky,1,280.0,280.0,,
ORD-5360,2023-11-21,TRD-01,Treadmill,Bulky,2,280.0,560.0,,
ORD-5361,2023-11-21,TRD-01,Treadmill,Bulky,3,280.0,840.0,Meta,cpc
ORD-5362,2023-11-21,TRD-01,Treadmill,Bulky,1,280.0,280.0,,
ORD-5363,2023-11-22,TRD-01,Treadmill,Bulky,3,280.0,840.0,,
ORD-5364,2023-11-22,TRD-01,Treadmill,Bulky,3,280.0,840.0,Meta,cpc
ORD-5365,2023-11-22,TRD-01,Treadmill,Bulky,3,280.0,840.0,Meta,cpc
ORD-5366,2023-11-22,TRD-01,Treadmill,Bulky,2,280.0,560.0,Meta,cpc
ORD-5367,2023-11-22,TRD-01,Treadmill,Bulky,1,280.0,280.0,Meta,cpc
ORD-5368,2023-11-22,TRD-01,Treadmill,Bulky,1,280.0,280.0,Meta,cpc
ORD-5369,2023-11-22,TRD-01,Treadmill,Bulky,1,280.0,280.0,Meta,cpc
ORD-5370,2023-11-22,TRD-01,Treadmill,Bulky,2,280.0,560.0,Meta,cpc
ORD-5371,2023-11-22,TRD-01,Treadmill,Bulky,1,280.0,280.0,,
ORD-5372,2023-11-22,TRD-01,Treadmill,Bulky,2,280.0,560.0,Meta,cpc
ORD-5373,2023-11-22,TRD-01,Treadmill,Bulky,2,280.0,560.0,Meta,cpc
ORD-5374,2023-11-22,TRD-01,Treadmill,Bulky,3,280.0,840.0,Meta,cpc
ORD-5375,2023-11-22,TRD-01,Treadmill,Bulky,2,280.0,560.0,Meta,cpc
ORD-5376,2023-11-22,TRD-01,Treadmill,Bulky,3,280.0,840.0,Meta,cpc
ORD-5377,2023-11-22,TRD-01,Treadmill,Bulky,2,280.0,560.0,Meta,cpc
ORD-5378,2023-11-22,TRD-01,Treadmill,Bulky,3,280.0,840.0,Meta,cpc
ORD-5379,2023-11-22,TRD-01,Treadmill,Bulky,3,280.0,840.0,Meta,cpc
ORD-5380,2023-11-22,TRD-01,Treadmill,Bulky,2,280.0,560.0,Meta,cpc
ORD-5381,2023-11-22,TRD-01,Treadmill,Bulky,2,280.0,560.0,Meta,cpc
ORD-5382,2023-11-22,TRD-01,Treadmill,Bulky,2,280.0,560.0,Meta,cpc
ORD-5383,2023-11-22,TRD-01,Treadmill,Bulky,2,280.0,560.0,,
ORD-5384,2023-11-22,TRD-01,Treadmill,Bulky,3,280.0,840.0,,
ORD-5385,2023-11-22,TRD-01,Treadmill,Bulky,3,280.0,840.0,,
ORD-5386,2023-11-22,TRD-01,Treadmill,Bulky,3,280.0,840.0,Meta,cpc
ORD-5387,2023-11-22,TRD-01,Treadmill,Bulky,2,280.0,560.0,,
ORD-5388,2023-11-22,TRD-01,Treadmill,Bulky,2,280.0,560.0,,
ORD-5389,2023-11-22,TRD-01,Treadmill,Bulky,1,280.0,280.0,Meta,cpc
ORD-5390,2023-11-22,TRD-01,Treadmill,Bulky,1,280.0,280.0,Meta,cpc
ORD-5391,2023-11-22,TRD-01,Treadmill,Bulky,1,280.0,280.0,,
ORD-5392,2023-11-22,TRD-01,Treadmill,Bulky,1,280.0,280.0,,
ORD-5393,2023-11-22,TRD-01,Treadmill,Bulky,3,280.0,840.0,Meta,cpc
ORD-5394,2023-11-22,TRD-01,Treadmill,Bulky,1,280.0,280.0,Meta,cpc
ORD-5395,2023-11-22,TRD-01,Treadmill,Bulky,3,280.0,840.0,Meta,cpc
ORD-5396,2023-11-22,TRD-01,Treadmill,Bulky,2,280.0,560.0,Meta,cpc
ORD-5397,2023-11-22,TRD-01,Treadmill,Bulky,3,280.0,840.0,,
ORD-5398,2023-11-22,TRD-01,Treadmill,Bulky,3,280.0,840.0,Meta,cpc
ORD-5399,2023-11-22,TRD-01,Treadmill,Bulky,3,280.0,840.0,Meta,cpc
ORD-5400,2023-11-22,TRD-01,Treadmill,Bulky,1,280.0,280.0,Meta,cpc
ORD-5401,2023-11-22,TRD-01,Treadmill,Bulky,1,280.0,280.0,Meta,cpc
ORD-5402,2023-11-22,TRD-01,Treadmill,Bulky,1,280.0,280.0,Meta,cpc
ORD-5403,2023-11-22,TRD-01,Treadmill,Bulky,2,280.0,560.0,,
ORD-5404,2023-11-22,TRD-01,Treadmill,Bulky,1,280.0,280.0,Meta,cpc
ORD-5405,2023-11-22,TRD-01,Treadmill,Bulky,1,280.0,280.0,Meta,cpc
ORD-5406,2023-11-22,TRD-01,Treadmill,Bulky,1,280.0,280.0,,
ORD-5407,2023-11-22,TRD-01,Treadmill,Bulky,2,280.0,560.0,Meta,cpc
ORD-5408,2023-11-22,TRD-01,Treadmill,Bulky,3,280.0,840.0,Meta,cpc
ORD-5409,2023-11-22,TRD-01,Treadmill,Bulky,1,280.0,280.0,Meta,cpc
ORD-5410,2023-11-22,TRD-01,Treadmill,Bulky,1,280.0,280.0,,
ORD-5411,2023-11-22,TRD-01,Treadmill,Bulky,2,280.0,560.0,,
ORD-5412,2023-11-22,TRD-01,Treadmill,Bulky,3,280.0,840.0,Meta,cpc
ORD-5413,2023-11-22,TRD-01,Treadmill,Bulky,1,280.0,280.0,Meta,cpc
ORD-5414,2023-11-22,TRD-01,Treadmill,Bulky,1,280.0,280.0,Meta,cpc
ORD-5415,2023-11-22,TRD-01,Treadmill,Bulky,2,280.0,560.0,Meta,cpc
ORD-5416,2023-11-22,TRD-01,Treadmill,Bulky,3,280.0,840.0,Meta,cpc
ORD-5417,2023-11-22,TRD-01,Treadmill,Bulky,1,280.0,280.0,,
ORD-5418,2023-11-22,TRD-01,Treadmill,Bulky,1,280.0,280.0,Meta,cpc
ORD-5419,2023-11-22,TRD-01,Treadmill,Bulky,3,280.0,840.0,Meta,cpc
ORD-5420,2023-11-22,TRD-01,Treadmill,Bulky,2,280.0,560.0,,
ORD-5421,2023-11-22,TRD-01,Treadmill,Bulky,2,280.0,560.0,,
ORD-5422,2023-11-22,TRD-01,Treadmill,Bulky,1,280.0,280.0,,
ORD-5423,2023-11-22,TRD-01,Treadmill,Bulky,1,280.0,280.0,,
ORD-5424,2023-11-22,TRD-01,Treadmill,Bulky,3,280.0,840.0,,
ORD-5425,2023-11-22,TRD-01,Treadmill,Bulky,2,280.0,560.0,Meta,cpc
ORD-5426,2023-11-22,TRD-01,Treadmill,Bulky,2,280.0,560.0,Meta,cpc
ORD-5427,2023-11-22,TRD-01,Treadmill,Bulky,3,280.0,840.0,Meta,cpc
ORD-5428,2023-11-22,TRD-01,Treadmill,Bulky,1,280.0,280.0,Meta,cpc
ORD-5429,2023-11-22,TRD-01,Treadmill,Bulky,1,280.0,280.0,,
ORD-5430,2023-11-22,TRD-01,Treadmill,Bulky,3,280.0,840.0,,
ORD-5431,2023-11-22,TRD-01,Treadmill,Bulky,1,280.0,280.0,Meta,cpc
ORD-5432,2023-11-22,TRD-01,Treadmill,Bulky,1,280.0,280.0,,
ORD-5433,2023-11-23,TRD-01,Treadmill,Bulky,1,280.0,280.0,Meta,cpc
ORD-5434,2023-11-23,TRD-01,Treadmill,Bulky,2,280.0,560.0,,
ORD-5435,2023-11-23,TRD-01,Treadmill,Bulky,2,280.0,560.0,Meta,cpc
ORD-5436,2023-11-23,TRD-01,Treadmill,Bulky,1,280.0,280.0,Meta,cpc
ORD-5437,2023-11-23,TRD-01,Treadmill,Bulky,3,280.0,840.0,,
ORD-5438,2023-11-23,TRD-01,Treadmill,Bulky,2,280.0,560.0,Meta,cpc
ORD-5439,2023-11-23,TRD-01,Treadmill,Bulky,3,280.0,840.0,,
ORD-5440,2023-11-23,TRD-01,Treadmill,Bulky,1,280.0,280.0,Meta,cpc
ORD-5441,2023-11-23,TRD-01,Treadmill,Bulky,1,280.0,280.0,Meta,cpc
ORD-5442,2023-11-23,TRD-01,Treadmill,Bulky,1,280.0,280.0,Meta,cpc
ORD-5443,2023-11-23,TRD-01,Treadmill,Bulky,1,280.0,280.0,,
ORD-5444,2023-11-23,TRD-01,Treadmill,Bulky,1,280.0,280.0,Meta,cpc
ORD-5445,2023-11-23,TRD-01,Treadmill,Bulky,2,280.0,560.0,Meta,cpc
ORD-5446,2023-11-23,TRD-01,Treadmill,Bulky,1,280.0,280.0,Meta,cpc
ORD-5447,2023-11-23,TRD-01,Treadmill,Bulky,2,280.0,560.0,Meta,cpc
ORD-5448,2023-11-23,TRD-01,Treadmill,Bulky,2,280.0,560.0,,
ORD-5449,2023-11-23,TRD-01,Treadmill,Bulky,2,280.0,560.0,Meta,cpc
ORD-5450,2023-11-23,TRD-01,Treadmill,Bulky,2,280.0,560.0,,
ORD-5451,2023-11-23,TRD-01,Treadmill,Bulky,2,280.0,560.0,Meta,cpc
ORD-5452,2023-11-23,TRD-01,Treadmill,Bulky,2,280.0,560.0,Meta,cpc
ORD-5453,2023-11-23,TRD-01,Treadmill,Bulky,3,280.0,840.0,,
ORD-5454,2023-11-23,TRD-01,Treadmill,Bulky,1,280.0,280.0,Meta,cpc
ORD-5455,2023-11-23,TRD-01,Treadmill,Bulky,2,280.0,560.0,Meta,cpc
ORD-5456,2023-11-23,TRD-01,Treadmill,Bulky,1,280.0,280.0,,
ORD-5457,2023-11-23,TRD-01,Treadmill,Bulky,1,280.0,280.0,Meta,cpc
ORD-5458,2023-11-23,TRD-01,Treadmill,Bulky,1,280.0,280.0,,
ORD-5459,2023-11-23,TRD-01,Treadmill,Bulky,2,280.0,560.0,Meta,cpc
ORD-5460,2023-11-23,TRD-01,Treadmill,Bulky,2,280.0,560.0,,
ORD-5461,2023-11-23,TRD-01,Treadmill,Bulky,1,280.0,280.0,Meta,cpc
ORD-5462,2023-11-23,TRD-01,Treadmill,Bulky,3,280.0,840.0,,
ORD-5463,2023-11-23,TRD-01,Treadmill,Bulky,2,280.0,560.0,Meta,cpc
ORD-5464,2023-11-23,TRD-01,Treadmill,Bulky,1,280.0,280.0,Meta,cpc
ORD-5465,2023-11-23,TRD-01,Treadmill,Bulky,1,280.0,280.0,,
ORD-5466,2023-11-23,TRD-01,Treadmill,Bulky,2,280.0,560.0,Meta,cpc
ORD-5467,2023-11-23,TRD-01,Treadmill,Bulky,2,280.0,560.0,Meta,cpc
ORD-5468,2023-11-23,TRD-01,Treadmill,Bulky,1,280.0,280.0,,
ORD-5469,2023-11-23,TRD-01,Treadmill,Bulky,1,280.0,280.0,Meta,cpc
ORD-5470,2023-11-23,TRD-01,Treadmill,Bulky,3,280.0,840.0,Meta,cpc
ORD-5471,2023-11-23,TRD-01,Treadmill,Bulky,1,280.0,280.0,,
ORD-5472,2023-11-23,TRD-01,Treadmill,Bulky,2,280.0,560.0,,
ORD-5473,2023-11-23,TRD-01,Treadmill,Bulky,2,280.0,560.0,Meta,cpc
ORD-5474,2023-11-23,TRD-01,Treadmill,Bulky,1,280.0,280.0,Meta,cpc
ORD-5475,2023-11-23,TRD-01,Treadmill,Bulky,3,280.0,840.0,Meta,cpc
ORD-5476,2023-11-23,TRD-01,Treadmill,Bulky,1,280.0,280.0,Meta,cpc
ORD-5477,2023-11-23,TRD-01,Treadmill,Bulky,1,280.0,280.0,Meta,cpc
ORD-5478,2023-11-23,TRD-01,Treadmill,Bulky,2,280.0,560.0,Meta,cpc
ORD-5479,2023-11-23,TRD-01,Treadmill,Bulky,3,280.0,840.0,,
ORD-5480,2023-11-23,TRD-01,Treadmill,Bulky,1,280.0,280.0,Meta,cpc
ORD-5481,2023-11-23,TRD-01,Treadmill,Bulky,3,280.0,840.0,Meta,cpc
ORD-5482,2023-11-23,TRD-01,Treadmill,Bulky,3,280.0,840.0,Meta,cpc
ORD-5483,2023-11-23,TRD-01,Treadmill,Bulky,1,280.0,280.0,Meta,cpc
ORD-5484,2023-11-23,TRD-01,Treadmill,Bulky,2,280.0,560.0,,
ORD-5485,2023-11-23,TRD-01,Treadmill,Bulky,2,280.0,560.0,Meta,cpc
ORD-5486,2023-11-23,TRD-01,Treadmill,Bulky,3,280.0,840.0,Meta,cpc
ORD-5487,2023-11-23,TRD-01,Treadmill,Bulky,2,280.0,560.0,Meta,cpc
ORD-5488,2023-11-23,TRD-01,Treadmill,Bulky,2,280.0,560.0,Meta,cpc
ORD-5489,2023-11-23,TRD-01,Treadmill,Bulky,1,280.0,280.0,Meta,cpc
ORD-5490,2023-11-23,TRD-01,Treadmill,Bulky,3,280.0,840.0,Meta,cpc
ORD-5491,2023-11-23,TRD-01,Treadmill,Bulky,3,280.0,840.0,Meta,cpc
ORD-5492,2023-11-23,TRD-01,Treadmill,Bulky,1,280.0,280.0,Meta,cpc
ORD-5493,2023-11-23,TRD-01,Treadmill,Bulky,3,280.0,840.0,Meta,cpc
ORD-5494,2023-11-23,TRD-01,Treadmill,Bulky,3,280.0,840.0,Meta,cpc
ORD-5495,2023-11-23,TRD-01,Treadmill,Bulky,3,280.0,840.0,Meta,cpc
ORD-5496,2023-11-23,TRD-01,Treadmill,Bulky,1,280.0,280.0,Meta,cpc
ORD-5497,2023-11-23,TRD-01,Treadmill,Bulky,2,280.0,560.0,,
ORD-5498,2023-11-23,TRD-01,Treadmill,Bulky,2,280.0,560.0,,
ORD-5499,2023-11-23,TRD-01,Treadmill,Bulky,3,280.0,840.0,Meta,cpc
ORD-5500,2023-11-23,TRD-01,Treadmill,Bulky,2,280.0,560.0,Meta,cpc
ORD-5501,2023-11-23,TRD-01,Treadmill,Bulky,1,280.0,280.0,,
ORD-5502,2023-11-24,TRD-01,Treadmill,Bulky,3,280.0,840.0,,
ORD-5503,2023-11-24,TRD-01,Treadmill,Bulky,2,280.0,560.0,,
ORD-5504,2023-11-24,TRD-01,Treadmill,Bulky,3,280.0,840.0,Meta,cpc
ORD-5505,2023-11-24,TRD-01,Treadmill,Bulky,1,280.0,280.0,,
ORD-5506,2023-11-24,TRD-01,Treadmill,Bulky,3,280.0,840.0,,
ORD-5507,2023-11-24,TRD-01,Treadmill,Bulky,2,280.0,560.0,Meta,cpc
ORD-5508,2023-11-24,TRD-01,Treadmill,Bulky,2,280.0,560.0,,
ORD-5509,2023-11-24,TRD-01,Treadmill,Bulky,2,280.0,560.0,Meta,cpc
ORD-5510,2023-11-24,TRD-01,Treadmill,Bulky,3,280.0,840.0,Meta,cpc
ORD-5511,2023-11-24,TRD-01,Treadmill,Bulky,2,280.0,560.0,Meta,cpc
ORD-5512,2023-11-24,TRD-01,Treadmill,Bulky,1,280.0,280.0,Meta,cpc
ORD-5513,2023-11-24,TRD-01,Treadmill,Bulky,1,280.0,280.0,Meta,cpc
ORD-5514,2023-11-24,TRD-01,Treadmill,Bulky,3,280.0,840.0,Meta,cpc
ORD-5515,2023-11-24,TRD-01,Treadmill,Bulky,3,280.0,840.0,Meta,cpc
ORD-5516,2023-11-24,TRD-01,Treadmill,Bulky,1,280.0,280.0,Meta,cpc
ORD-5517,2023-11-24,TRD-01,Treadmill,Bulky,1,280.0,280.0,Meta,cpc
ORD-5518,2023-11-24,TRD-01,Treadmill,Bulky,1,280.0,280.0,Meta,cpc
ORD-5519,2023-11-24,TRD-01,Treadmill,Bulky,1,280.0,280.0,Meta,cpc
ORD-5520,2023-11-24,TRD-01,Treadmill,Bulky,1,280.0,280.0,,
ORD-5521,2023-11-24,TRD-01,Treadmill,Bulky,1,280.0,280.0,Meta,cpc
ORD-5522,2023-11-24,TRD-01,Treadmill,Bulky,1,280.0,280.0,Meta,cpc
ORD-5523,2023-11-24,TRD-01,Treadmill,Bulky,2,280.0,560.0,Meta,cpc
ORD-5524,2023-11-24,TRD-01,Treadmill,Bulky,1,280.0,280.0,Meta,cpc
ORD-5525,2023-11-24,TRD-01,Treadmill,Bulky,1,280.0,280.0,Meta,cpc
ORD-5526,2023-11-24,TRD-01,Treadmill,Bulky,1,280.0,280.0,Meta,cpc
ORD-5527,2023-11-24,TRD-01,Treadmill,Bulky,3,280.0,840.0,Meta,cpc
ORD-5528,2023-11-24,TRD-01,Treadmill,Bulky,3,280.0,840.0,Meta,cpc
ORD-5529,2023-11-24,TRD-01,Treadmill,Bulky,2,280.0,560.0,Meta,cpc
ORD-5530,2023-11-24,TRD-01,Treadmill,Bulky,3,280.0,840.0,Meta,cpc
ORD-5531,2023-11-24,TRD-01,Treadmill,Bulky,2,280.0,560.0,Meta,cpc
ORD-5532,2023-11-24,TRD-01,Treadmill,Bulky,3,280.0,840.0,Meta,cpc
ORD-5533,2023-11-24,TRD-01,Treadmill,Bulky,3,280.0,840.0,Meta,cpc
ORD-5534,2023-11-24,TRD-01,Treadmill,Bulky,3,280.0,840.0,Meta,cpc
ORD-5535,2023-11-24,TRD-01,Treadmill,Bulky,3,280.0,840.0,,
ORD-5536,2023-11-24,TRD-01,Treadmill,Bulky,2,280.0,560.0,,
ORD-5537,2023-11-24,TRD-01,Treadmill,Bulky,1,280.0,280.0,Meta,cpc
ORD-5538,2023-11-24,TRD-01,Treadmill,Bulky,2,280.0,560.0,Meta,cpc
ORD-5539,2023-11-24,TRD-01,Treadmill,Bulky,1,280.0,280.0,Meta,cpc
ORD-5540,2023-11-24,TRD-01,Treadmill,Bulky,3,280.0,840.0,Meta,cpc
ORD-5541,2023-11-24,TRD-01,Treadmill,Bulky,3,280.0,840.0,Meta,cpc
ORD-5542,2023-11-24,TRD-01,Treadmill,Bulky,1,280.0,280.0,Meta,cpc
ORD-5543,2023-11-24,TRD-01,Treadmill,Bulky,1,280.0,280.0,Meta,cpc
ORD-5544,2023-11-24,TRD-01,Treadmill,Bulky,1,280.0,280.0,,
ORD-5545,2023-11-24,TRD-01,Treadmill,Bulky,3,280.0,840.0,,
ORD-5546,2023-11-24,TRD-01,Treadmill,Bulky,2,280.0,560.0,,
ORD-5547,2023-11-24,TRD-01,Treadmill,Bulky,1,280.0,280.0,,
ORD-5548,2023-11-24,TRD-01,Treadmill,Bulky,2,280.0,560.0,,
ORD-5549,2023-11-24,TRD-01,Treadmill,Bulky,3,280.0,840.0,Meta,cpc
ORD-5550,2023-11-24,TRD-01,Treadmill,Bulky,1,280.0,280.0,,
ORD-5551,2023-11-24,TRD-01,Treadmill,Bulky,2,280.0,560.0,Meta,cpc
ORD-5552,2023-11-24,TRD-01,Treadmill,Bulky,3,280.0,840.0,,
ORD-5553,2023-11-24,TRD-01,Treadmill,Bulky,3,280.0,840.0,,
ORD-5554,2023-11-24,TRD-01,Treadmill,Bulky,2,280.0,560.0,Meta,cpc
ORD-5555,2023-11-24,TRD-01,Treadmill,Bulky,2,280.0,560.0,Meta,cpc
ORD-5556,2023-11-24,TRD-01,Treadmill,Bulky,3,280.0,840.0,Meta,cpc
ORD-5557,2023-11-24,TRD-01,Treadmill,Bulky,1,280.0,280.0,Meta,cpc
ORD-5558,2023-11-24,TRD-01,Treadmill,Bulky,3,280.0,840.0,Meta,cpc
ORD-5559,2023-11-24,TRD-01,Treadmill,Bulky,2,280.0,560.0,Meta,cpc
ORD-5560,2023-11-24,TRD-01,Treadmill,Bulky,3,280.0,840.0,Meta,cpc
ORD-5561,2023-11-24,TRD-01,Treadmill,Bulky,1,280.0,280.0,,
ORD-5562,2023-11-24,TRD-01,Treadmill,Bulky,3,280.0,840.0,Meta,cpc
ORD-5563,2023-11-24,TRD-01,Treadmill,Bulky,1,280.0,280.0,,
ORD-5564,2023-11-24,TRD-01,Treadmill,Bulky,2,280.0,560.0,,
ORD-5565,2023-11-25,TRD-01,Treadmill,Bulky,3,280.0,840.0,Meta,cpc
ORD-5566,2023-11-25,TRD-01,Treadmill,Bulky,1,280.0,280.0,Meta,cpc
ORD-5567,2023-11-25,TRD-01,Treadmill,Bulky,1,280.0,280.0,Meta,cpc
ORD-5568,2023-11-25,TRD-01,Treadmill,Bulky,2,280.0,560.0,,
ORD-5569,2023-11-25,TRD-01,Treadmill,Bulky,2,280.0,560.0,Meta,cpc
ORD-5570,2023-11-25,TRD-01,Treadmill,Bulky,1,280.0,280.0,Meta,cpc
ORD-5571,2023-11-25,TRD-01,Treadmill,Bulky,3,280.0,840.0,,
ORD-5572,2023-11-25,TRD-01,Treadmill,Bulky,2,280.0,560.0,,
ORD-5573,2023-11-25,TRD-01,Treadmill,Bulky,3,280.0,840.0,Meta,cpc
ORD-5574,2023-11-25,TRD-01,Treadmill,Bulky,1,280.0,280.0,Meta,cpc
ORD-5575,2023-11-25,TRD-01,Treadmill,Bulky,3,280.0,840.0,Meta,cpc
ORD-5576,2023-11-25,TRD-01,Treadmill,Bulky,1,280.0,280.0,,
ORD-5577,2023-11-25,TRD-01,Treadmill,Bulky,3,280.0,840.0,Meta,cpc
ORD-5578,2023-11-25,TRD-01,Treadmill,Bulky,2,280.0,560.0,Meta,cpc
ORD-5579,2023-11-25,TRD-01,Treadmill,Bulky,2,280.0,560.0,Meta,cpc
ORD-5580,2023-11-25,TRD-01,Treadmill,Bulky,1,280.0,280.0,Meta,cpc
ORD-5581,2023-11-25,TRD-01,Treadmill,Bulky,2,280.0,560.0,Meta,cpc
ORD-5582,2023-11-25,TRD-01,Treadmill,Bulky,3,280.0,840.0,,
ORD-5583,2023-11-25,TRD-01,Treadmill,Bulky,3,280.0,840.0,Meta,cpc
ORD-5584,2023-11-25,TRD-01,Treadmill,Bulky,3,280.0,840.0,Meta,cpc
ORD-5585,2023-11-25,TRD-01,Treadmill,Bulky,1,280.0,280.0,Meta,cpc
ORD-5586,2023-11-25,TRD-01,Treadmill,Bulky,3,280.0,840.0,Meta,cpc
ORD-5587,2023-11-25,TRD-01,Treadmill,Bulky,3,280.0,840.0,Meta,cpc
ORD-5588,2023-11-25,TRD-01,Treadmill,Bulky,2,280.0,560.0,,
ORD-5589,2023-11-25,TRD-01,Treadmill,Bulky,1,280.0,280.0,,
ORD-5590,2023-11-25,TRD-01,Treadmill,Bulky,3,280.0,840.0,Meta,cpc
ORD-5591,2023-11-25,TRD-01,Treadmill,Bulky,3,280.0,840.0,Meta,cpc
ORD-5592,2023-11-25,TRD-01,Treadmill,Bulky,2,280.0,560.0,Meta,cpc
ORD-5593,2023-11-25,TRD-01,Treadmill,Bulky,1,280.0,280.0,,
ORD-5594,2023-11-25,TRD-01,Treadmill,Bulky,1,280.0,280.0,Meta,cpc
ORD-5595,2023-11-25,TRD-01,Treadmill,Bulky,2,280.0,560.0,Meta,cpc
ORD-5596,2023-11-25,TRD-01,Treadmill,Bulky,2,280.0,560.0,,
ORD-5597,2023-11-25,TRD-01,Treadmill,Bulky,2,280.0,560.0,,
ORD-5598,2023-11-25,TRD-01,Treadmill,Bulky,2,280.0,560.0,Meta,cpc
ORD-5599,2023-11-25,TRD-01,Treadmill,Bulky,1,280.0,280.0,Meta,cpc
ORD-5600,2023-11-25,TRD-01,Treadmill,Bulky,1,280.0,280.0,,
ORD-5601,2023-11-25,TRD-01,Treadmill,Bulky,3,280.0,840.0,,
ORD-5602,2023-11-25,TRD-01,Treadmill,Bulky,3,280.0,840.0,Meta,cpc
ORD-5603,2023-11-25,TRD-01,Treadmill,Bulky,3,280.0,840.0,Meta,cpc
ORD-5604,2023-11-25,TRD-01,Treadmill,Bulky,1,280.0,280.0,Meta,cpc
ORD-5605,2023-11-25,TRD-01,Treadmill,Bulky,3,280.0,840.0,Meta,cpc
ORD-5606,2023-11-25,TRD-01,Treadmill,Bulky,3,280.0,840.0,Meta,cpc
ORD-5607,2023-11-25,TRD-01,Treadmill,Bulky,2,280.0,560.0,,
ORD-5608,2023-11-25,TRD-01,Treadmill,Bulky,1,280.0,280.0,Meta,cpc
ORD-5609,2023-11-25,TRD-01,Treadmill,Bulky,2,280.0,560.0,,
ORD-5610,2023-11-25,TRD-01,Treadmill,Bulky,3,280.0,840.0,Meta,cpc
ORD-5611,2023-11-25,TRD-01,Treadmill,Bulky,1,280.0,280.0,,
ORD-5612,2023-11-25,TRD-01,Treadmill,Bulky,2,280.0,560.0,Meta,cpc
ORD-5613,2023-11-25,TRD-01,Treadmill,Bulky,3,280.0,840.0,,
ORD-5614,2023-11-25,TRD-01,Treadmill,Bulky,3,280.0,840.0,Meta,cpc
ORD-5615,2023-11-25,TRD-01,Treadmill,Bulky,1,280.0,280.0,,
ORD-5616,2023-11-25,TRD-01,Treadmill,Bulky,2,280.0,560.0,Meta,cpc
ORD-5617,2023-11-25,TRD-01,Treadmill,Bulky,3,280.0,840.0,,
ORD-5618,2023-11-25,TRD-01,Treadmill,Bulky,3,280.0,840.0,,
ORD-5619,2023-11-25,TRD-01,Treadmill,Bulky,1,280.0,280.0,Meta,cpc
ORD-5620,2023-11-25,TRD-01,Treadmill,Bulky,1,280.0,280.0,,
ORD-5621,2023-11-25,TRD-01,Treadmill,Bulky,1,280.0,280.0,Meta,cpc
ORD-5622,2023-11-25,TRD-01,Treadmill,Bulky,3,280.0,840.0,,
ORD-5623,2023-11-25,TRD-01,Treadmill,Bulky,3,280.0,840.0,Meta,cpc
ORD-5624,2023-11-25,TRD-01,Treadmill,Bulky,1,280.0,280.0,,
ORD-5625,2023-11-26,TRD-01,Treadmill,Bulky,3,280.0,840.0,Meta,cpc
ORD-5626,2023-11-26,TRD-01,Treadmill,Bulky,3,280.0,840.0,,
ORD-5627,2023-11-26,TRD-01,Treadmill,Bulky,2,280.0,560.0,Meta,cpc
ORD-5628,2023-11-26,TRD-01,Treadmill,Bulky,3,280.0,840.0,Meta,cpc
ORD-5629,2023-11-26,TRD-01,Treadmill,Bulky,2,280.0,560.0,,
ORD-5630,2023-11-26,TRD-01,Treadmill,Bulky,3,280.0,840.0,Meta,cpc
ORD-5631,2023-11-26,TRD-01,Treadmill,Bulky,3,280.0,840.0,Meta,cpc
ORD-5632,2023-11-26,TRD-01,Treadmill,Bulky,1,280.0,280.0,,
ORD-5633,2023-11-26,TRD-01,Treadmill,Bulky,3,280.0,840.0,,
ORD-5634,2023-11-26,TRD-01,Treadmill,Bulky,3,280.0,840.0,,
ORD-5635,2023-11-26,TRD-01,Treadmill,Bulky,3,280.0,840.0,Meta,cpc
ORD-5636,2023-11-26,TRD-01,Treadmill,Bulky,1,280.0,280.0,Meta,cpc
ORD-5637,2023-11-26,TRD-01,Treadmill,Bulky,2,280.0,560.0,Meta,cpc
ORD-5638,2023-11-26,TRD-01,Treadmill,Bulky,3,280.0,840.0,Meta,cpc
ORD-5639,2023-11-26,TRD-01,Treadmill,Bulky,3,280.0,840.0,Meta,cpc
ORD-5640,2023-11-26,TRD-01,Treadmill,Bulky,3,280.0,840.0,,
ORD-5641,2023-11-26,TRD-01,Treadmill,Bulky,1,280.0,280.0,,
ORD-5642,2023-11-26,TRD-01,Treadmill,Bulky,2,280.0,560.0,Meta,cpc
ORD-5643,2023-11-26,TRD-01,Treadmill,Bulky,1,280.0,280.0,,
ORD-5644,2023-11-26,TRD-01,Treadmill,Bulky,1,280.0,280.0,Meta,cpc
ORD-5645,2023-11-26,TRD-01,Treadmill,Bulky,2,280.0,560.0,Meta,cpc
ORD-5646,2023-11-26,TRD-01,Treadmill,Bulky,1,280.0,280.0,Meta,cpc
ORD-5647,2023-11-26,TRD-01,Treadmill,Bulky,3,280.0,840.0,Meta,cpc
ORD-5648,2023-11-26,TRD-01,Treadmill,Bulky,3,280.0,840.0,Meta,cpc
ORD-5649,2023-11-26,TRD-01,Treadmill,Bulky,2,280.0,560.0,Meta,cpc
ORD-5650,2023-11-26,TRD-01,Treadmill,Bulky,1,280.0,280.0,Meta,cpc
ORD-5651,2023-11-26,TRD-01,Treadmill,Bulky,2,280.0,560.0,Meta,cpc
ORD-5652,2023-11-26,TRD-01,Treadmill,Bulky,3,280.0,840.0,,
ORD-5653,2023-11-26,TRD-01,Treadmill,Bulky,1,280.0,280.0,Meta,cpc
ORD-5654,2023-11-26,TRD-01,Treadmill,Bulky,1,280.0,280.0,Meta,cpc
ORD-5655,2023-11-26,TRD-01,Treadmill,Bulky,2,280.0,560.0,,
ORD-5656,2023-11-26,TRD-01,Treadmill,Bulky,3,280.0,840.0,Meta,cpc
ORD-5657,2023-11-26,TRD-01,Treadmill,Bulky,2,280.0,560.0,Meta,cpc
ORD-5658,2023-11-26,TRD-01,Treadmill,Bulky,3,280.0,840.0,Meta,cpc
ORD-5659,2023-11-26,TRD-01,Treadmill,Bulky,3,280.0,840.0,,
ORD-5660,2023-11-26,TRD-01,Treadmill,Bulky,2,280.0,560.0,,
ORD-5661,2023-11-26,TRD-01,Treadmill,Bulky,1,280.0,280.0,Meta,cpc
ORD-5662,2023-11-26,TRD-01,Treadmill,Bulky,1,280.0,280.0,Meta,cpc
ORD-5663,2023-11-26,TRD-01,Treadmill,Bulky,2,280.0,560.0,Meta,cpc
ORD-5664,2023-11-26,TRD-01,Treadmill,Bulky,3,280.0,840.0,Meta,cpc
ORD-5665,2023-11-26,TRD-01,Treadmill,Bulky,2,280.0,560.0,Meta,cpc
ORD-5666,2023-11-26,TRD-01,Treadmill,Bulky,1,280.0,280.0,Meta,cpc
ORD-5667,2023-11-26,TRD-01,Treadmill,Bulky,2,280.0,560.0,Meta,cpc
ORD-5668,2023-11-26,TRD-01,Treadmill,Bulky,3,280.0,840.0,Meta,cpc
ORD-5669,2023-11-26,TRD-01,Treadmill,Bulky,3,280.0,840.0,,
ORD-5670,2023-11-26,TRD-01,Treadmill,Bulky,1,280.0,280.0,,
ORD-5671,2023-11-26,TRD-01,Treadmill,Bulky,2,280.0,560.0,Meta,cpc
ORD-5672,2023-11-26,TRD-01,Treadmill,Bulky,2,280.0,560.0,Meta,cpc
ORD-5673,2023-11-26,TRD-01,Treadmill,Bulky,3,280.0,840.0,,
ORD-5674,2023-11-26,TRD-01,Treadmill,Bulky,3,280.0,840.0,Meta,cpc
ORD-5675,2023-11-26,TRD-01,Treadmill,Bulky,1,280.0,280.0,,
ORD-5676,2023-11-26,TRD-01,Treadmill,Bulky,1,280.0,280.0,,
ORD-5677,2023-11-26,TRD-01,Treadmill,Bulky,1,280.0,280.0,,
ORD-5678,2023-11-26,TRD-01,Treadmill,Bulky,3,280.0,840.0,Meta,cpc
ORD-5679,2023-11-26,TRD-01,Treadmill,Bulky,2,280.0,560.0,Meta,cpc
ORD-5680,2023-11-26,TRD-01,Treadmill,Bulky,3,280.0,840.0,,
ORD-5681,2023-11-26,TRD-01,Treadmill,Bulky,3,280.0,840.0,Meta,cpc
ORD-5682,2023-11-26,TRD-01,Treadmill,Bulky,1,280.0,280.0,Meta,cpc
ORD-5683,2023-11-26,TRD-01,Treadmill,Bulky,1,280.0,280.0,Meta,cpc
ORD-5684,2023-11-26,TRD-01,Treadmill,Bulky,1,280.0,280.0,Meta,cpc
ORD-5685,2023-11-26,TRD-01,Treadmill,Bulky,3,280.0,840.0,,
ORD-5686,2023-11-26,TRD-01,Treadmill,Bulky,2,280.0,560.0,,
ORD-5687,2023-11-26,TRD-01,Treadmill,Bulky,2,280.0,560.0,,
ORD-5688,2023-11-26,TRD-01,Treadmill,Bulky,2,280.0,560.0,,
ORD-5689,2023-11-26,TRD-01,Treadmill,Bulky,2,280.0,560.0,Meta,cpc
ORD-5690,2023-11-27,TRD-01,Treadmill,Bulky,3,280.0,840.0,Meta,cpc
ORD-5691,2023-11-27,TRD-01,Treadmill,Bulky,2,280.0,560.0,Meta,cpc
ORD-5692,2023-11-27,TRD-01,Treadmill,Bulky,3,280.0,840.0,,
ORD-5693,2023-11-27,TRD-01,Treadmill,Bulky,3,280.0,840.0,,
ORD-5694,2023-11-27,TRD-01,Treadmill,Bulky,3,280.0,840.0,Meta,cpc
ORD-5695,2023-11-27,TRD-01,Treadmill,Bulky,1,280.0,280.0,,
ORD-5696,2023-11-27,TRD-01,Treadmill,Bulky,3,280.0,840.0,Meta,cpc
ORD-5697,2023-11-27,TRD-01,Treadmill,Bulky,1,280.0,280.0,Meta,cpc
ORD-5698,2023-11-27,TRD-01,Treadmill,Bulky,1,280.0,280.0,Meta,cpc
ORD-5699,2023-11-27,TRD-01,Treadmill,Bulky,3,280.0,840.0,Meta,cpc
ORD-5700,2023-11-27,TRD-01,Treadmill,Bulky,1,280.0,280.0,,
ORD-5701,2023-11-27,TRD-01,Treadmill,Bulky,2,280.0,560.0,Meta,cpc
ORD-5702,2023-11-27,TRD-01,Treadmill,Bulky,1,280.0,280.0,,
ORD-5703,2023-11-27,TRD-01,Treadmill,Bulky,3,280.0,840.0,Meta,cpc
ORD-5704,2023-11-27,TRD-01,Treadmill,Bulky,2,280.0,560.0,Meta,cpc
ORD-5705,2023-11-27,TRD-01,Treadmill,Bulky,1,280.0,280.0,Meta,cpc
ORD-5706,2023-11-27,TRD-01,Treadmill,Bulky,3,280.0,840.0,,
ORD-5707,2023-11-27,TRD-01,Treadmill,Bulky,3,280.0,840.0,Meta,cpc
ORD-5708,2023-11-27,TRD-01,Treadmill,Bulky,2,280.0,560.0,Meta,cpc
ORD-5709,2023-11-27,TRD-01,Treadmill,Bulky,3,280.0,840.0,Meta,cpc
ORD-5710,2023-11-27,TRD-01,Treadmill,Bulky,3,280.0,840.0,,
ORD-5711,2023-11-27,TRD-01,Treadmill,Bulky,2,280.0,560.0,Meta,cpc
ORD-5712,2023-11-27,TRD-01,Treadmill,Bulky,1,280.0,280.0,Meta,cpc
ORD-5713,2023-11-27,TRD-01,Treadmill,Bulky,2,280.0,560.0,,
ORD-5714,2023-11-27,TRD-01,Treadmill,Bulky,2,280.0,560.0,Meta,cpc
ORD-5715,2023-11-27,TRD-01,Treadmill,Bulky,2,280.0,560.0,Meta,cpc
ORD-5716,2023-11-27,TRD-01,Treadmill,Bulky,1,280.0,280.0,,
ORD-5717,2023-11-27,TRD-01,Treadmill,Bulky,1,280.0,280.0,Meta,cpc
ORD-5718,2023-11-27,TRD-01,Treadmill,Bulky,1,280.0,280.0,,
ORD-5719,2023-11-27,TRD-01,Treadmill,Bulky,1,280.0,280.0,Meta,cpc
ORD-5720,2023-11-27,TRD-01,Treadmill,Bulky,1,280.0,280.0,Meta,cpc
ORD-5721,2023-11-27,TRD-01,Treadmill,Bulky,2,280.0,560.0,Meta,cpc
ORD-5722,2023-11-27,TRD-01,Treadmill,Bulky,1,280.0,280.0,Meta,cpc
ORD-5723,2023-11-27,TRD-01,Treadmill,Bulky,2,280.0,560.0,,
ORD-5724,2023-11-27,TRD-01,Treadmill,Bulky,2,280.0,560.0,,
ORD-5725,2023-11-27,TRD-01,Treadmill,Bulky,1,280.0,280.0,Meta,cpc
ORD-5726,2023-11-27,TRD-01,Treadmill,Bulky,3,280.0,840.0,Meta,cpc
ORD-5727,2023-11-27,TRD-01,Treadmill,Bulky,3,280.0,840.0,Meta,cpc
ORD-5728,2023-11-27,TRD-01,Treadmill,Bulky,1,280.0,280.0,Meta,cpc
ORD-5729,2023-11-27,TRD-01,Treadmill,Bulky,1,280.0,280.0,Meta,cpc
ORD-5730,2023-11-27,TRD-01,Treadmill,Bulky,1,280.0,280.0,Meta,cpc
ORD-5731,2023-11-27,TRD-01,Treadmill,Bulky,1,280.0,280.0,Meta,cpc
ORD-5732,2023-11-27,TRD-01,Treadmill,Bulky,2,280.0,560.0,Meta,cpc
ORD-5733,2023-11-27,TRD-01,Treadmill,Bulky,3,280.0,840.0,Meta,cpc
ORD-5734,2023-11-27,TRD-01,Treadmill,Bulky,2,280.0,560.0,Meta,cpc
ORD-5735,2023-11-27,TRD-01,Treadmill,Bulky,3,280.0,840.0,Meta,cpc
ORD-5736,2023-11-27,TRD-01,Treadmill,Bulky,2,280.0,560.0,Meta,cpc
ORD-5737,2023-11-27,TRD-01,Treadmill,Bulky,2,280.0,560.0,Meta,cpc
ORD-5738,2023-11-27,TRD-01,Treadmill,Bulky,1,280.0,280.0,,
ORD-5739,2023-11-27,TRD-01,Treadmill,Bulky,2,280.0,560.0,Meta,cpc
ORD-5740,2023-11-27,TRD-01,Treadmill,Bulky,2,280.0,560.0,,
ORD-5741,2023-11-27,TRD-01,Treadmill,Bulky,1,280.0,280.0,Meta,cpc
ORD-5742,2023-11-27,TRD-01,Treadmill,Bulky,3,280.0,840.0,Meta,cpc
ORD-5743,2023-11-27,TRD-01,Treadmill,Bulky,3,280.0,840.0,,
ORD-5744,2023-11-27,TRD-01,Treadmill,Bulky,2,280.0,560.0,Meta,cpc
ORD-5745,2023-11-27,TRD-01,Treadmill,Bulky,3,280.0,840.0,Meta,cpc
ORD-5746,2023-11-27,TRD-01,Treadmill,Bulky,2,280.0,560.0,Meta,cpc
ORD-5747,2023-11-27,TRD-01,Treadmill,Bulky,2,280.0,560.0,,
ORD-5748,2023-11-27,TRD-01,Treadmill,Bulky,3,280.0,840.0,,
ORD-5749,2023-11-27,TRD-01,Treadmill,Bulky,3,280.0,840.0,,
ORD-5750,2023-11-27,TRD-01,Treadmill,Bulky,3,280.0,840.0,Meta,cpc
ORD-5751,2023-11-27,TRD-01,Treadmill,Bulky,3,280.0,840.0,,
ORD-5752,2023-11-27,TRD-01,Treadmill,Bulky,3,280.0,840.0,Meta,cpc
ORD-5753,2023-11-27,TRD-01,Treadmill,Bulky,3,280.0,840.0,Meta,cpc
ORD-5754,2023-11-27,TRD-01,Treadmill,Bulky,3,280.0,840.0,Meta,cpc
ORD-5755,2023-11-27,TRD-01,Treadmill,Bulky,3,280.0,840.0,,
ORD-5756,2023-11-27,TRD-01,Treadmill,Bulky,1,280.0,280.0,Meta,cpc
ORD-5757,2023-11-27,TRD-01,Treadmill,Bulky,3,280.0,840.0,,
ORD-5758,2023-11-27,TRD-01,Treadmill,Bulky,1,280.0,280.0,Meta,cpc
ORD-5759,2023-11-27,TRD-01,Treadmill,Bulky,2,280.0,560.0,Meta,cpc
ORD-5760,2023-11-27,TRD-01,Treadmill,Bulky,2,280.0,560.0,Meta,cpc
ORD-5761,2023-11-27,TRD-01,Treadmill,Bulky,1,280.0,280.0,,
ORD-5762,2023-11-27,TRD-01,Treadmill,Bulky,1,280.0,280.0,Meta,cpc
ORD-5763,2023-11-27,TRD-01,Treadmill,Bulky,3,280.0,840.0,,
ORD-5764,2023-11-27,TRD-01,Treadmill,Bulky,3,280.0,840.0,Meta,cpc
ORD-5765,2023-11-27,TRD-01,Treadmill,Bulky,2,280.0,560.0,Meta,cpc
ORD-5766,2023-11-27,TRD-01,Treadmill,Bulky,3,280.0,840.0,Meta,cpc
ORD-5767,2023-11-27,TRD-01,Treadmill,Bulky,1,280.0,280.0,Meta,cpc
ORD-5768,2023-11-27,TRD-01,Treadmill,Bulky,3,280.0,840.0,,
ORD-5769,2023-11-27,TRD-01,Treadmill,Bulky,1,280.0,280.0,,
ORD-5770,2023-11-28,TRD-01,Treadmill,Bulky,3,280.0,840.0,Meta,cpc
ORD-5771,2023-11-28,TRD-01,Treadmill,Bulky,2,280.0,560.0,Meta,cpc
ORD-5772,2023-11-28,TRD-01,Treadmill,Bulky,1,280.0,280.0,,
ORD-5773,2023-11-28,TRD-01,Treadmill,Bulky,1,280.0,280.0,Meta,cpc
ORD-5774,2023-11-28,TRD-01,Treadmill,Bulky,1,280.0,280.0,,
ORD-5775,2023-11-28,TRD-01,Treadmill,Bulky,3,280.0,840.0,Meta,cpc
ORD-5776,2023-11-28,TRD-01,Treadmill,Bulky,3,280.0,840.0,Meta,cpc
ORD-5777,2023-11-28,TRD-01,Treadmill,Bulky,3,280.0,840.0,Meta,cpc
ORD-5778,2023-11-28,TRD-01,Treadmill,Bulky,2,280.0,560.0,,
ORD-5779,2023-11-28,TRD-01,Treadmill,Bulky,2,280.0,560.0,Meta,cpc
ORD-5780,2023-11-28,TRD-01,Treadmill,Bulky,1,280.0,280.0,Meta,cpc
ORD-5781,2023-11-28,TRD-01,Treadmill,Bulky,1,280.0,280.0,Meta,cpc
ORD-5782,2023-11-28,TRD-01,Treadmill,Bulky,1,280.0,280.0,Meta,cpc
ORD-5783,2023-11-28,TRD-01,Treadmill,Bulky,2,280.0,560.0,,
ORD-5784,2023-11-28,TRD-01,Treadmill,Bulky,1,280.0,280.0,Meta,cpc
ORD-5785,2023-11-28,TRD-01,Treadmill,Bulky,1,280.0,280.0,Meta,cpc
ORD-5786,2023-11-28,TRD-01,Treadmill,Bulky,3,280.0,840.0,Meta,cpc
ORD-5787,2023-11-28,TRD-01,Treadmill,Bulky,2,280.0,560.0,,
ORD-5788,2023-11-28,TRD-01,Treadmill,Bulky,3,280.0,840.0,,
ORD-5789,2023-11-28,TRD-01,Treadmill,Bulky,3,280.0,840.0,Meta,cpc
ORD-5790,2023-11-28,TRD-01,Treadmill,Bulky,3,280.0,840.0,,
ORD-5791,2023-11-28,TRD-01,Treadmill,Bulky,3,280.0,840.0,Meta,cpc
ORD-5792,2023-11-28,TRD-01,Treadmill,Bulky,3,280.0,840.0,Meta,cpc
ORD-5793,2023-11-28,TRD-01,Treadmill,Bulky,3,280.0,840.0,Meta,cpc
ORD-5794,2023-11-28,TRD-01,Treadmill,Bulky,3,280.0,840.0,Meta,cpc
ORD-5795,2023-11-28,TRD-01,Treadmill,Bulky,1,280.0,280.0,,
ORD-5796,2023-11-28,TRD-01,Treadmill,Bulky,2,280.0,560.0,Meta,cpc
ORD-5797,2023-11-28,TRD-01,Treadmill,Bulky,3,280.0,840.0,Meta,cpc
ORD-5798,2023-11-28,TRD-01,Treadmill,Bulky,3,280.0,840.0,,
ORD-5799,2023-11-28,TRD-01,Treadmill,Bulky,2,280.0,560.0,,
ORD-5800,2023-11-28,TRD-01,Treadmill,Bulky,1,280.0,280.0,,
ORD-5801,2023-11-28,TRD-01,Treadmill,Bulky,1,280.0,280.0,Meta,cpc
ORD-5802,2023-11-28,TRD-01,Treadmill,Bulky,2,280.0,560.0,,
ORD-5803,2023-11-28,TRD-01,Treadmill,Bulky,2,280.0,560.0,Meta,cpc
ORD-5804,2023-11-28,TRD-01,Treadmill,Bulky,2,280.0,560.0,,
ORD-5805,2023-11-28,TRD-01,Treadmill,Bulky,2,280.0,560.0,,
ORD-5806,2023-11-28,TRD-01,Treadmill,Bulky,1,280.0,280.0,Meta,cpc
ORD-5807,2023-11-28,TRD-01,Treadmill,Bulky,2,280.0,560.0,,
ORD-5808,2023-11-28,TRD-01,Treadmill,Bulky,3,280.0,840.0,Meta,cpc
ORD-5809,2023-11-28,TRD-01,Treadmill,Bulky,1,280.0,280.0,Meta,cpc
ORD-5810,2023-11-28,TRD-01,Treadmill,Bulky,2,280.0,560.0,,
ORD-5811,2023-11-28,TRD-01,Treadmill,Bulky,2,280.0,560.0,,
ORD-5812,2023-11-28,TRD-01,Treadmill,Bulky,1,280.0,280.0,,
ORD-5813,2023-11-28,TRD-01,Treadmill,Bulky,1,280.0,280.0,,
ORD-5814,2023-11-28,TRD-01,Treadmill,Bulky,3,280.0,840.0,Meta,cpc
ORD-5815,2023-11-28,TRD-01,Treadmill,Bulky,2,280.0,560.0,Meta,cpc
ORD-5816,2023-11-28,TRD-01,Treadmill,Bulky,2,280.0,560.0,Meta,cpc
ORD-5817,2023-11-28,TRD-01,Treadmill,Bulky,3,280.0,840.0,Meta,cpc
ORD-5818,2023-11-28,TRD-01,Treadmill,Bulky,2,280.0,560.0,Meta,cpc
ORD-5819,2023-11-28,TRD-01,Treadmill,Bulky,3,280.0,840.0,Meta,cpc
ORD-5820,2023-11-28,TRD-01,Treadmill,Bulky,1,280.0,280.0,Meta,cpc
ORD-5821,2023-11-28,TRD-01,Treadmill,Bulky,3,280.0,840.0,Meta,cpc
ORD-5822,2023-11-28,TRD-01,Treadmill,Bulky,1,280.0,280.0,,
ORD-5823,2023-11-28,TRD-01,Treadmill,Bulky,3,280.0,840.0,Meta,cpc
ORD-5824,2023-11-28,TRD-01,Treadmill,Bulky,1,280.0,280.0,Meta,cpc
ORD-5825,2023-11-28,TRD-01,Treadmill,Bulky,1,280.0,280.0,Meta,cpc
ORD-5826,2023-11-28,TRD-01,Treadmill,Bulky,3,280.0,840.0,Meta,cpc
ORD-5827,2023-11-28,TRD-01,Treadmill,Bulky,3,280.0,840.0,,
ORD-5828,2023-11-28,TRD-01,Treadmill,Bulky,3,280.0,840.0,Meta,cpc
ORD-5829,2023-11-28,TRD-01,Treadmill,Bulky,3,280.0,840.0,,
ORD-5830,2023-11-28,TRD-01,Treadmill,Bulky,1,280.0,280.0,Meta,cpc
ORD-5831,2023-11-28,TRD-01,Treadmill,Bulky,2,280.0,560.0,,
ORD-5832,2023-11-28,TRD-01,Treadmill,Bulky,3,280.0,840.0,Meta,cpc
ORD-5833,2023-11-28,TRD-01,Treadmill,Bulky,3,280.0,840.0,Meta,cpc
ORD-5834,2023-11-28,TRD-01,Treadmill,Bulky,1,280.0,280.0,Meta,cpc
ORD-5835,2023-11-29,TRD-01,Treadmill,Bulky,2,280.0,560.0,Meta,cpc
ORD-5836,2023-11-29,TRD-01,Treadmill,Bulky,1,280.0,280.0,,
ORD-5837,2023-11-29,TRD-01,Treadmill,Bulky,1,280.0,280.0,Meta,cpc
ORD-5838,2023-11-29,TRD-01,Treadmill,Bulky,2,280.0,560.0,Meta,cpc
ORD-5839,2023-11-29,TRD-01,Treadmill,Bulky,1,280.0,280.0,,
ORD-5840,2023-11-29,TRD-01,Treadmill,Bulky,2,280.0,560.0,Meta,cpc
ORD-5841,2023-11-29,TRD-01,Treadmill,Bulky,2,280.0,560.0,,
ORD-5842,2023-11-29,TRD-01,Treadmill,Bulky,3,280.0,840.0,Meta,cpc
ORD-5843,2023-11-29,TRD-01,Treadmill,Bulky,3,280.0,840.0,,
ORD-5844,2023-11-29,TRD-01,Treadmill,Bulky,1,280.0,280.0,,
ORD-5845,2023-11-29,TRD-01,Treadmill,Bulky,3,280.0,840.0,,
ORD-5846,2023-11-29,TRD-01,Treadmill,Bulky,3,280.0,840.0,,
ORD-5847,2023-11-29,TRD-01,Treadmill,Bulky,2,280.0,560.0,Meta,cpc
ORD-5848,2023-11-29,TRD-01,Treadmill,Bulky,1,280.0,280.0,,
ORD-5849,2023-11-29,TRD-01,Treadmill,Bulky,3,280.0,840.0,,
ORD-5850,2023-11-29,TRD-01,Treadmill,Bulky,1,280.0,280.0,,
ORD-5851,2023-11-29,TRD-01,Treadmill,Bulky,2,280.0,560.0,,
ORD-5852,2023-11-29,TRD-01,Treadmill,Bulky,3,280.0,840.0,Meta,cpc
ORD-5853,2023-11-29,TRD-01,Treadmill,Bulky,2,280.0,560.0,Meta,cpc
ORD-5854,2023-11-29,TRD-01,Treadmill,Bulky,3,280.0,840.0,,
ORD-5855,2023-11-29,TRD-01,Treadmill,Bulky,1,280.0,280.0,Meta,cpc
ORD-5856,2023-11-29,TRD-01,Treadmill,Bulky,2,280.0,560.0,,
ORD-5857,2023-11-29,TRD-01,Treadmill,Bulky,2,280.0,560.0,,
ORD-5858,2023-11-29,TRD-01,Treadmill,Bulky,1,280.0,280.0,Meta,cpc
ORD-5859,2023-11-29,TRD-01,Treadmill,Bulky,2,280.0,560.0,,
ORD-5860,2023-11-29,TRD-01,Treadmill,Bulky,1,280.0,280.0,,
ORD-5861,2023-11-29,TRD-01,Treadmill,Bulky,2,280.0,560.0,,
ORD-5862,2023-11-29,TRD-01,Treadmill,Bulky,2,280.0,560.0,Meta,cpc
ORD-5863,2023-11-29,TRD-01,Treadmill,Bulky,2,280.0,560.0,,
ORD-5864,2023-11-29,TRD-01,Treadmill,Bulky,1,280.0,280.0,Meta,cpc
ORD-5865,2023-11-29,TRD-01,Treadmill,Bulky,3,280.0,840.0,,
ORD-5866,2023-11-29,TRD-01,Treadmill,Bulky,2,280.0,560.0,Meta,cpc
ORD-5867,2023-11-29,TRD-01,Treadmill,Bulky,1,280.0,280.0,Meta,cpc
ORD-5868,2023-11-29,TRD-01,Treadmill,Bulky,1,280.0,280.0,,
ORD-5869,2023-11-29,TRD-01,Treadmill,Bulky,2,280.0,560.0,,
ORD-5870,2023-11-29,TRD-01,Treadmill,Bulky,1,280.0,280.0,Meta,cpc
ORD-5871,2023-11-29,TRD-01,Treadmill,Bulky,1,280.0,280.0,,
ORD-5872,2023-11-29,TRD-01,Treadmill,Bulky,1,280.0,280.0,Meta,cpc
ORD-5873,2023-11-29,TRD-01,Treadmill,Bulky,2,280.0,560.0,Meta,cpc
ORD-5874,2023-11-29,TRD-01,Treadmill,Bulky,3,280.0,840.0,Meta,cpc
ORD-5875,2023-11-29,TRD-01,Treadmill,Bulky,1,280.0,280.0,Meta,cpc
ORD-5876,2023-11-29,TRD-01,Treadmill,Bulky,2,280.0,560.0,Meta,cpc
ORD-5877,2023-11-29,TRD-01,Treadmill,Bulky,3,280.0,840.0,,
ORD-5878,2023-11-29,TRD-01,Treadmill,Bulky,1,280.0,280.0,Meta,cpc
ORD-5879,2023-11-29,TRD-01,Treadmill,Bulky,1,280.0,280.0,Meta,cpc
ORD-5880,2023-11-29,TRD-01,Treadmill,Bulky,2,280.0,560.0,Meta,cpc
ORD-5881,2023-11-29,TRD-01,Treadmill,Bulky,2,280.0,560.0,Meta,cpc
ORD-5882,2023-11-29,TRD-01,Treadmill,Bulky,3,280.0,840.0,Meta,cpc
ORD-5883,2023-11-29,TRD-01,Treadmill,Bulky,3,280.0,840.0,Meta,cpc
ORD-5884,2023-11-29,TRD-01,Treadmill,Bulky,2,280.0,560.0,Meta,cpc
ORD-5885,2023-11-29,TRD-01,Treadmill,Bulky,2,280.0,560.0,,
ORD-5886,2023-11-29,TRD-01,Treadmill,Bulky,1,280.0,280.0,Meta,cpc
ORD-5887,2023-11-29,TRD-01,Treadmill,Bulky,1,280.0,280.0,Meta,cpc
ORD-5888,2023-11-29,TRD-01,Treadmill,Bulky,3,280.0,840.0,Meta,cpc
ORD-5889,2023-11-29,TRD-01,Treadmill,Bulky,3,280.0,840.0,Meta,cpc
ORD-5890,2023-11-29,TRD-01,Treadmill,Bulky,1,280.0,280.0,Meta,cpc
ORD-5891,2023-11-29,TRD-01,Treadmill,Bulky,1,280.0,280.0,Meta,cpc
ORD-5892,2023-11-29,TRD-01,Treadmill,Bulky,3,280.0,840.0,Meta,cpc
ORD-5893,2023-11-29,TRD-01,Treadmill,Bulky,1,280.0,280.0,,
ORD-5894,2023-11-29,TRD-01,Treadmill,Bulky,2,280.0,560.0,,
ORD-5895,2023-11-29,TRD-01,Treadmill,Bulky,2,280.0,560.0,Meta,cpc
ORD-5896,2023-11-29,TRD-01,Treadmill,Bulky,3,280.0,840.0,Meta,cpc
ORD-5897,2023-11-29,TRD-01,Treadmill,Bulky,3,280.0,840.0,Meta,cpc
ORD-5898,2023-11-29,TRD-01,Treadmill,Bulky,1,280.0,280.0,Meta,cpc
ORD-5899,2023-11-29,TRD-01,Treadmill,Bulky,1,280.0,280.0,Meta,cpc
ORD-5900,2023-11-29,TRD-01,Treadmill,Bulky,2,280.0,560.0,Meta,cpc
ORD-5901,2023-11-29,TRD-01,Treadmill,Bulky,1,280.0,280.0,Meta,cpc
ORD-5902,2023-11-29,TRD-01,Treadmill,Bulky,3,280.0,840.0,Meta,cpc
ORD-5903,2023-11-29,TRD-01,Treadmill,Bulky,3,280.0,840.0,Meta,cpc
ORD-5904,2023-11-29,TRD-01,Treadmill,Bulky,1,280.0,280.0,,
ORD-5905,2023-11-29,TRD-01,Treadmill,Bulky,2,280.0,560.0,Meta,cpc
ORD-5906,2023-11-30,TRD-01,Treadmill,Bulky,2,280.0,560.0,Meta,cpc
ORD-5907,2023-11-30,TRD-01,Treadmill,Bulky,2,280.0,560.0,Meta,cpc
ORD-5908,2023-11-30,TRD-01,Treadmill,Bulky,2,280.0,560.0,Meta,cpc
ORD-5909,2023-11-30,TRD-01,Treadmill,Bulky,1,280.0,280.0,Meta,cpc
ORD-5910,2023-11-30,TRD-01,Treadmill,Bulky,2,280.0,560.0,Meta,cpc
ORD-5911,2023-11-30,TRD-01,Treadmill,Bulky,2,280.0,560.0,,
ORD-5912,2023-11-30,TRD-01,Treadmill,Bulky,3,280.0,840.0,Meta,cpc
ORD-5913,2023-11-30,TRD-01,Treadmill,Bulky,3,280.0,840.0,Meta,cpc
ORD-5914,2023-11-30,TRD-01,Treadmill,Bulky,1,280.0,280.0,Meta,cpc
ORD-5915,2023-11-30,TRD-01,Treadmill,Bulky,3,280.0,840.0,Meta,cpc
ORD-5916,2023-11-30,TRD-01,Treadmill,Bulky,1,280.0,280.0,,
ORD-5917,2023-11-30,TRD-01,Treadmill,Bulky,2,280.0,560.0,,
ORD-5918,2023-11-30,TRD-01,Treadmill,Bulky,3,280.0,840.0,,
ORD-5919,2023-11-30,TRD-01,Treadmill,Bulky,1,280.0,280.0,Meta,cpc
ORD-5920,2023-11-30,TRD-01,Treadmill,Bulky,2,280.0,560.0,Meta,cpc
ORD-5921,2023-11-30,TRD-01,Treadmill,Bulky,3,280.0,840.0,Meta,cpc
ORD-5922,2023-11-30,TRD-01,Treadmill,Bulky,3,280.0,840.0,,
ORD-5923,2023-11-30,TRD-01,Treadmill,Bulky,1,280.0,280.0,Meta,cpc
ORD-5924,2023-11-30,TRD-01,Treadmill,Bulky,2,280.0,560.0,,
ORD-5925,2023-11-30,TRD-01,Treadmill,Bulky,3,280.0,840.0,Meta,cpc
ORD-5926,2023-11-30,TRD-01,Treadmill,Bulky,2,280.0,560.0,Meta,cpc
ORD-5927,2023-11-30,TRD-01,Treadmill,Bulky,2,280.0,560.0,,
ORD-5928,2023-11-30,TRD-01,Treadmill,Bulky,3,280.0,840.0,Meta,cpc
ORD-5929,2023-11-30,TRD-01,Treadmill,Bulky,2,280.0,560.0,Meta,cpc
ORD-5930,2023-11-30,TRD-01,Treadmill,Bulky,1,280.0,280.0,Meta,cpc
ORD-5931,2023-11-30,TRD-01,Treadmill,Bulky,3,280.0,840.0,,
ORD-5932,2023-11-30,TRD-01,Treadmill,Bulky,1,280.0,280.0,,
ORD-5933,2023-11-30,TRD-01,Treadmill,Bulky,3,280.0,840.0,,
ORD-5934,2023-11-30,TRD-01,Treadmill,Bulky,1,280.0,280.0,Meta,cpc
ORD-5935,2023-11-30,TRD-01,Treadmill,Bulky,2,280.0,560.0,Meta,cpc
ORD-5936,2023-11-30,TRD-01,Treadmill,Bulky,2,280.0,560.0,,
ORD-5937,2023-11-30,TRD-01,Treadmill,Bulky,1,280.0,280.0,,
ORD-5938,2023-11-30,TRD-01,Treadmill,Bulky,2,280.0,560.0,Meta,cpc
ORD-5939,2023-11-30,TRD-01,Treadmill,Bulky,1,280.0,280.0,Meta,cpc
ORD-5940,2023-11-30,TRD-01,Treadmill,Bulky,3,280.0,840.0,,
ORD-5941,2023-11-30,TRD-01,Treadmill,Bulky,3,280.0,840.0,Meta,cpc
ORD-5942,2023-11-30,TRD-01,Treadmill,Bulky,2,280.0,560.0,Meta,cpc
ORD-5943,2023-11-30,TRD-01,Treadmill,Bulky,2,280.0,560.0,Meta,cpc
ORD-5944,2023-11-30,TRD-01,Treadmill,Bulky,3,280.0,840.0,Meta,cpc
ORD-5945,2023-11-30,TRD-01,Treadmill,Bulky,2,280.0,560.0,Meta,cpc
ORD-5946,2023-11-30,TRD-01,Treadmill,Bulky,3,280.0,840.0,,
ORD-5947,2023-11-30,TRD-01,Treadmill,Bulky,3,280.0,840.0,Meta,cpc
ORD-5948,2023-11-30,TRD-01,Treadmill,Bulky,1,280.0,280.0,Meta,cpc
ORD-5949,2023-11-30,TRD-01,Treadmill,Bulky,1,280.0,280.0,,
ORD-5950,2023-11-30,TRD-01,Treadmill,Bulky,3,280.0,840.0,Meta,cpc
ORD-5951,2023-11-30,TRD-01,Treadmill,Bulky,3,280.0,840.0,Meta,cpc
ORD-5952,2023-11-30,TRD-01,Treadmill,Bulky,1,280.0,280.0,Meta,cpc
ORD-5953,2023-11-30,TRD-01,Treadmill,Bulky,3,280.0,840.0,Meta,cpc
ORD-5954,2023-11-30,TRD-01,Treadmill,Bulky,3,280.0,840.0,Meta,cpc
ORD-5955,2023-11-30,TRD-01,Treadmill,Bulky,3,280.0,840.0,,
ORD-5956,2023-11-30,TRD-01,Treadmill,Bulky,2,280.0,560.0,Meta,cpc
ORD-5957,2023-11-30,TRD-01,Treadmill,Bulky,1,280.0,280.0,Meta,cpc
ORD-5958,2023-11-30,TRD-01,Treadmill,Bulky,3,280.0,840.0,Meta,cpc
ORD-5959,2023-11-30,TRD-01,Treadmill,Bulky,3,280.0,840.0,,
ORD-5960,2023-11-30,TRD-01,Treadmill,Bulky,2,280.0,560.0,Meta,cpc
ORD-5961,2023-11-30,TRD-01,Treadmill,Bulky,2,280.0,560.0,Meta,cpc
ORD-5962,2023-11-30,TRD-01,Treadmill,Bulky,3,280.0,840.0,,
ORD-5963,2023-11-30,TRD-01,Treadmill,Bulky,1,280.0,280.0,,
ORD-5964,2023-11-30,TRD-01,Treadmill,Bulky,2,280.0,560.0,,
ORD-5965,2023-11-30,TRD-01,Treadmill,Bulky,1,280.0,280.0,Meta,cpc
ORD-5966,2023-11-30,TRD-01,Treadmill,Bulky,2,280.0,560.0,Meta,cpc
ORD-5967,2023-11-30,TRD-01,Treadmill,Bulky,2,280.0,560.0,Meta,cpc
ORD-5968,2023-11-30,TRD-01,Treadmill,Bulky,1,280.0,280.0,Meta,cpc
ORD-5969,2023-11-30,TRD-01,Treadmill,Bulky,3,280.0,840.0,,
ORD-5970,2023-11-30,TRD-01,Treadmill,Bulky,1,280.0,280.0,Meta,cpc
ORD-5971,2023-11-30,TRD-01,Treadmill,Bulky,1,280.0,280.0,Meta,cpc
ORD-5972,2023-11-01,SMW-01,SmartWatch,Light,2,100.0,200.0,Meta,cpc
ORD-5973,2023-11-01,SMW-01,SmartWatch,Light,3,100.0,300.0,,
ORD-5974,2023-11-01,SMW-01,SmartWatch,Light,3,100.0,300.0,,
ORD-5975,2023-11-01,SMW-01,SmartWatch,Light,2,100.0,200.0,,
ORD-5976,2023-11-01,SMW-01,SmartWatch,Light,3,100.0,300.0,,
ORD-5977,2023-11-01,SMW-01,SmartWatch,Light,1,100.0,100.0,,
ORD-5978,2023-11-01,SMW-01,SmartWatch,Light,2,100.0,200.0,,
ORD-5979,2023-11-01,SMW-01,SmartWatch,Light,3,100.0,300.0,,
ORD-5980,2023-11-01,SMW-01,SmartWatch,Light,2,100.0,200.0,,
ORD-5981,2023-11-01,SMW-01,SmartWatch,Light,3,100.0,300.0,,
ORD-5982,2023-11-01,SMW-01,SmartWatch,Light,2,100.0,200.0,,
ORD-5983,2023-11-01,SMW-01,SmartWatch,Light,2,100.0,200.0,,
ORD-5984,2023-11-01,SMW-01,SmartWatch,Light,2,100.0,200.0,,
ORD-5985,2023-11-01,SMW-01,SmartWatch,Light,1,100.0,100.0,Meta,cpc
ORD-5986,2023-11-01,SMW-01,SmartWatch,Light,1,100.0,100.0,,
ORD-5987,2023-11-01,SMW-01,SmartWatch,Light,2,100.0,200.0,,
ORD-5988,2023-11-01,SMW-01,SmartWatch,Light,3,100.0,300.0,,
ORD-5989,2023-11-01,SMW-01,SmartWatch,Light,1,100.0,100.0,Meta,cpc
ORD-5990,2023-11-01,SMW-01,SmartWatch,Light,3,100.0,300.0,,
ORD-5991,2023-11-01,SMW-01,SmartWatch,Light,2,100.0,200.0,,
ORD-5992,2023-11-01,SMW-01,SmartWatch,Light,3,100.0,300.0,,
ORD-5993,2023-11-01,SMW-01,SmartWatch,Light,1,100.0,100.0,,
ORD-5994,2023-11-01,SMW-01,SmartWatch,Light,3,100.0,300.0,,
ORD-5995,2023-11-01,SMW-01,SmartWatch,Light,3,100.0,300.0,,
ORD-5996,2023-11-01,SMW-01,SmartWatch,Light,2,100.0,200.0,,
ORD-5997,2023-11-01,SMW-01,SmartWatch,Light,2,100.0,200.0,Meta,cpc
ORD-5998,2023-11-01,SMW-01,SmartWatch,Light,3,100.0,300.0,,
ORD-5999,2023-11-01,SMW-01,SmartWatch,Light,3,100.0,300.0,,
ORD-6000,2023-11-01,SMW-01,SmartWatch,Light,2,100.0,200.0,,
ORD-6001,2023-11-01,SMW-01,SmartWatch,Light,1,100.0,100.0,,
ORD-6002,2023-11-01,SMW-01,SmartWatch,Light,1,100.0,100.0,,
ORD-6003,2023-11-01,SMW-01,SmartWatch,Light,3,100.0,300.0,Meta,cpc
ORD-6004,2023-11-01,SMW-01,SmartWatch,Light,2,100.0,200.0,,
ORD-6005,2023-11-01,SMW-01,SmartWatch,Light,3,100.0,300.0,,
ORD-6006,2023-11-01,SMW-01,SmartWatch,Light,2,100.0,200.0,,
ORD-6007,2023-11-01,SMW-01,SmartWatch,Light,1,100.0,100.0,Meta,cpc
ORD-6008,2023-11-01,SMW-01,SmartWatch,Light,3,100.0,300.0,,
ORD-6009,2023-11-01,SMW-01,SmartWatch,Light,2,100.0,200.0,,
ORD-6010,2023-11-01,SMW-01,SmartWatch,Light,3,100.0,300.0,,
ORD-6011,2023-11-01,SMW-01,SmartWatch,Light,1,100.0,100.0,,
ORD-6012,2023-11-01,SMW-01,SmartWatch,Light,1,100.0,100.0,,
ORD-6013,2023-11-01,SMW-01,SmartWatch,Light,3,100.0,300.0,,
ORD-6014,2023-11-01,SMW-01,SmartWatch,Light,3,100.0,300.0,,
ORD-6015,2023-11-01,SMW-01,SmartWatch,Light,3,100.0,300.0,,
ORD-6016,2023-11-01,SMW-01,SmartWatch,Light,2,100.0,200.0,,
ORD-6017,2023-11-01,SMW-01,SmartWatch,Light,2,100.0,200.0,,
ORD-6018,2023-11-01,SMW-01,SmartWatch,Light,3,100.0,300.0,,
ORD-6019,2023-11-01,SMW-01,SmartWatch,Light,1,100.0,100.0,Meta,cpc
ORD-6020,2023-11-01,SMW-01,SmartWatch,Light,3,100.0,300.0,,
ORD-6021,2023-11-01,SMW-01,SmartWatch,Light,3,100.0,300.0,,
ORD-6022,2023-11-01,SMW-01,SmartWatch,Light,1,100.0,100.0,,
ORD-6023,2023-11-01,SMW-01,SmartWatch,Light,1,100.0,100.0,Meta,cpc
ORD-6024,2023-11-01,SMW-01,SmartWatch,Light,2,100.0,200.0,,
ORD-6025,2023-11-01,SMW-01,SmartWatch,Light,3,100.0,300.0,,
ORD-6026,2023-11-01,SMW-01,SmartWatch,Light,3,100.0,300.0,Meta,cpc
ORD-6027,2023-11-01,SMW-01,SmartWatch,Light,3,100.0,300.0,,
ORD-6028,2023-11-02,SMW-01,SmartWatch,Light,1,100.0,100.0,,
ORD-6029,2023-11-02,SMW-01,SmartWatch,Light,3,100.0,300.0,,
ORD-6030,2023-11-02,SMW-01,SmartWatch,Light,2,100.0,200.0,,
ORD-6031,2023-11-02,SMW-01,SmartWatch,Light,3,100.0,300.0,,
ORD-6032,2023-11-02,SMW-01,SmartWatch,Light,3,100.0,300.0,,
ORD-6033,2023-11-02,SMW-01,SmartWatch,Light,1,100.0,100.0,,
ORD-6034,2023-11-02,SMW-01,SmartWatch,Light,1,100.0,100.0,,
ORD-6035,2023-11-02,SMW-01,SmartWatch,Light,3,100.0,300.0,,
ORD-6036,2023-11-02,SMW-01,SmartWatch,Light,3,100.0,300.0,,
ORD-6037,2023-11-02,SMW-01,SmartWatch,Light,2,100.0,200.0,,
ORD-6038,2023-11-02,SMW-01,SmartWatch,Light,1,100.0,100.0,,
ORD-6039,2023-11-02,SMW-01,SmartWatch,Light,3,100.0,300.0,,
ORD-6040,2023-11-02,SMW-01,SmartWatch,Light,2,100.0,200.0,,
ORD-6041,2023-11-02,SMW-01,SmartWatch,Light,1,100.0,100.0,,
ORD-6042,2023-11-02,SMW-01,SmartWatch,Light,1,100.0,100.0,,
ORD-6043,2023-11-02,SMW-01,SmartWatch,Light,1,100.0,100.0,,
ORD-6044,2023-11-02,SMW-01,SmartWatch,Light,2,100.0,200.0,,
ORD-6045,2023-11-02,SMW-01,SmartWatch,Light,2,100.0,200.0,,
ORD-6046,2023-11-02,SMW-01,SmartWatch,Light,2,100.0,200.0,,
ORD-6047,2023-11-02,SMW-01,SmartWatch,Light,2,100.0,200.0,,
ORD-6048,2023-11-02,SMW-01,SmartWatch,Light,2,100.0,200.0,,
ORD-6049,2023-11-02,SMW-01,SmartWatch,Light,3,100.0,300.0,,
ORD-6050,2023-11-02,SMW-01,SmartWatch,Light,3,100.0,300.0,,
ORD-6051,2023-11-02,SMW-01,SmartWatch,Light,1,100.0,100.0,,
ORD-6052,2023-11-02,SMW-01,SmartWatch,Light,2,100.0,200.0,Meta,cpc
ORD-6053,2023-11-02,SMW-01,SmartWatch,Light,3,100.0,300.0,,
ORD-6054,2023-11-02,SMW-01,SmartWatch,Light,3,100.0,300.0,,
ORD-6055,2023-11-02,SMW-01,SmartWatch,Light,2,100.0,200.0,Meta,cpc
ORD-6056,2023-11-02,SMW-01,SmartWatch,Light,2,100.0,200.0,,
ORD-6057,2023-11-02,SMW-01,SmartWatch,Light,2,100.0,200.0,,
ORD-6058,2023-11-02,SMW-01,SmartWatch,Light,1,100.0,100.0,,
ORD-6059,2023-11-02,SMW-01,SmartWatch,Light,3,100.0,300.0,Meta,cpc
ORD-6060,2023-11-02,SMW-01,SmartWatch,Light,2,100.0,200.0,,
ORD-6061,2023-11-02,SMW-01,SmartWatch,Light,1,100.0,100.0,,
ORD-6062,2023-11-02,SMW-01,SmartWatch,Light,2,100.0,200.0,Meta,cpc
ORD-6063,2023-11-02,SMW-01,SmartWatch,Light,2,100.0,200.0,,
ORD-6064,2023-11-02,SMW-01,SmartWatch,Light,2,100.0,200.0,Meta,cpc
ORD-6065,2023-11-02,SMW-01,SmartWatch,Light,3,100.0,300.0,Meta,cpc
ORD-6066,2023-11-02,SMW-01,SmartWatch,Light,2,100.0,200.0,,
ORD-6067,2023-11-02,SMW-01,SmartWatch,Light,3,100.0,300.0,,
ORD-6068,2023-11-02,SMW-01,SmartWatch,Light,3,100.0,300.0,,
ORD-6069,2023-11-02,SMW-01,SmartWatch,Light,1,100.0,100.0,Meta,cpc
ORD-6070,2023-11-02,SMW-01,SmartWatch,Light,1,100.0,100.0,,
ORD-6071,2023-11-02,SMW-01,SmartWatch,Light,3,100.0,300.0,Meta,cpc
ORD-6072,2023-11-02,SMW-01,SmartWatch,Light,3,100.0,300.0,,
ORD-6073,2023-11-02,SMW-01,SmartWatch,Light,2,100.0,200.0,,
ORD-6074,2023-11-02,SMW-01,SmartWatch,Light,2,100.0,200.0,Meta,cpc
ORD-6075,2023-11-02,SMW-01,SmartWatch,Light,3,100.0,300.0,,
ORD-6076,2023-11-02,SMW-01,SmartWatch,Light,3,100.0,300.0,,
ORD-6077,2023-11-02,SMW-01,SmartWatch,Light,2,100.0,200.0,,
ORD-6078,2023-11-02,SMW-01,SmartWatch,Light,2,100.0,200.0,,
ORD-6079,2023-11-02,SMW-01,SmartWatch,Light,2,100.0,200.0,,
ORD-6080,2023-11-03,SMW-01,SmartWatch,Light,2,100.0,200.0,Meta,cpc
ORD-6081,2023-11-03,SMW-01,SmartWatch,Light,2,100.0,200.0,,
ORD-6082,2023-11-03,SMW-01,SmartWatch,Light,2,100.0,200.0,,
ORD-6083,2023-11-03,SMW-01,SmartWatch,Light,1,100.0,100.0,,
ORD-6084,2023-11-03,SMW-01,SmartWatch,Light,2,100.0,200.0,,
ORD-6085,2023-11-03,SMW-01,SmartWatch,Light,2,100.0,200.0,Meta,cpc
ORD-6086,2023-11-03,SMW-01,SmartWatch,Light,1,100.0,100.0,,
ORD-6087,2023-11-03,SMW-01,SmartWatch,Light,2,100.0,200.0,,
ORD-6088,2023-11-03,SMW-01,SmartWatch,Light,1,100.0,100.0,Meta,cpc
ORD-6089,2023-11-03,SMW-01,SmartWatch,Light,2,100.0,200.0,,
ORD-6090,2023-11-03,SMW-01,SmartWatch,Light,1,100.0,100.0,,
ORD-6091,2023-11-03,SMW-01,SmartWatch,Light,3,100.0,300.0,,
ORD-6092,2023-11-03,SMW-01,SmartWatch,Light,2,100.0,200.0,,
ORD-6093,2023-11-03,SMW-01,SmartWatch,Light,1,100.0,100.0,,
ORD-6094,2023-11-03,SMW-01,SmartWatch,Light,3,100.0,300.0,,
ORD-6095,2023-11-03,SMW-01,SmartWatch,Light,2,100.0,200.0,,
ORD-6096,2023-11-03,SMW-01,SmartWatch,Light,1,100.0,100.0,,
ORD-6097,2023-11-03,SMW-01,SmartWatch,Light,1,100.0,100.0,,
ORD-6098,2023-11-03,SMW-01,SmartWatch,Light,3,100.0,300.0,Meta,cpc
ORD-6099,2023-11-03,SMW-01,SmartWatch,Light,2,100.0,200.0,,
ORD-6100,2023-11-03,SMW-01,SmartWatch,Light,1,100.0,100.0,,
ORD-6101,2023-11-03,SMW-01,SmartWatch,Light,3,100.0,300.0,,
ORD-6102,2023-11-03,SMW-01,SmartWatch,Light,3,100.0,300.0,,
ORD-6103,2023-11-03,SMW-01,SmartWatch,Light,1,100.0,100.0,,
ORD-6104,2023-11-03,SMW-01,SmartWatch,Light,2,100.0,200.0,,
ORD-6105,2023-11-03,SMW-01,SmartWatch,Light,3,100.0,300.0,,
ORD-6106,2023-11-03,SMW-01,SmartWatch,Light,2,100.0,200.0,,
ORD-6107,2023-11-03,SMW-01,SmartWatch,Light,1,100.0,100.0,,
ORD-6108,2023-11-03,SMW-01,SmartWatch,Light,1,100.0,100.0,,
ORD-6109,2023-11-03,SMW-01,SmartWatch,Light,1,100.0,100.0,,
ORD-6110,2023-11-03,SMW-01,SmartWatch,Light,1,100.0,100.0,,
ORD-6111,2023-11-03,SMW-01,SmartWatch,Light,3,100.0,300.0,,
ORD-6112,2023-11-03,SMW-01,SmartWatch,Light,3,100.0,300.0,,
ORD-6113,2023-11-03,SMW-01,SmartWatch,Light,2,100.0,200.0,,
ORD-6114,2023-11-03,SMW-01,SmartWatch,Light,2,100.0,200.0,,
ORD-6115,2023-11-03,SMW-01,SmartWatch,Light,1,100.0,100.0,Meta,cpc
ORD-6116,2023-11-03,SMW-01,SmartWatch,Light,2,100.0,200.0,,
ORD-6117,2023-11-03,SMW-01,SmartWatch,Light,1,100.0,100.0,,
ORD-6118,2023-11-03,SMW-01,SmartWatch,Light,3,100.0,300.0,,
ORD-6119,2023-11-03,SMW-01,SmartWatch,Light,3,100.0,300.0,,
ORD-6120,2023-11-03,SMW-01,SmartWatch,Light,1,100.0,100.0,,
ORD-6121,2023-11-03,SMW-01,SmartWatch,Light,1,100.0,100.0,,
ORD-6122,2023-11-03,SMW-01,SmartWatch,Light,3,100.0,300.0,,
ORD-6123,2023-11-03,SMW-01,SmartWatch,Light,2,100.0,200.0,,
ORD-6124,2023-11-03,SMW-01,SmartWatch,Light,2,100.0,200.0,,
ORD-6125,2023-11-03,SMW-01,SmartWatch,Light,1,100.0,100.0,Meta,cpc
ORD-6126,2023-11-03,SMW-01,SmartWatch,Light,3,100.0,300.0,,
ORD-6127,2023-11-03,SMW-01,SmartWatch,Light,2,100.0,200.0,,
ORD-6128,2023-11-03,SMW-01,SmartWatch,Light,2,100.0,200.0,Meta,cpc
ORD-6129,2023-11-03,SMW-01,SmartWatch,Light,3,100.0,300.0,,
ORD-6130,2023-11-03,SMW-01,SmartWatch,Light,1,100.0,100.0,,
ORD-6131,2023-11-03,SMW-01,SmartWatch,Light,3,100.0,300.0,,
ORD-6132,2023-11-03,SMW-01,SmartWatch,Light,3,100.0,300.0,,
ORD-6133,2023-11-03,SMW-01,SmartWatch,Light,2,100.0,200.0,Meta,cpc
ORD-6134,2023-11-03,SMW-01,SmartWatch,Light,2,100.0,200.0,,
ORD-6135,2023-11-03,SMW-01,SmartWatch,Light,2,100.0,200.0,,
ORD-6136,2023-11-03,SMW-01,SmartWatch,Light,2,100.0,200.0,,
ORD-6137,2023-11-03,SMW-01,SmartWatch,Light,3,100.0,300.0,,
ORD-6138,2023-11-03,SMW-01,SmartWatch,Light,1,100.0,100.0,,
ORD-6139,2023-11-03,SMW-01,SmartWatch,Light,3,100.0,300.0,,
ORD-6140,2023-11-03,SMW-01,SmartWatch,Light,1,100.0,100.0,,
ORD-6141,2023-11-03,SMW-01,SmartWatch,Light,1,100.0,100.0,,
ORD-6142,2023-11-03,SMW-01,SmartWatch,Light,2,100.0,200.0,,
ORD-6143,2023-11-03,SMW-01,SmartWatch,Light,3,100.0,300.0,,
ORD-6144,2023-11-03,SMW-01,SmartWatch,Light,2,100.0,200.0,,
ORD-6145,2023-11-03,SMW-01,SmartWatch,Light,1,100.0,100.0,,
ORD-6146,2023-11-03,SMW-01,SmartWatch,Light,3,100.0,300.0,,
ORD-6147,2023-11-03,SMW-01,SmartWatch,Light,1,100.0,100.0,,
ORD-6148,2023-11-04,SMW-01,SmartWatch,Light,1,100.0,100.0,Meta,cpc
ORD-6149,2023-11-04,SMW-01,SmartWatch,Light,1,100.0,100.0,,
ORD-6150,2023-11-04,SMW-01,SmartWatch,Light,1,100.0,100.0,,
ORD-6151,2023-11-04,SMW-01,SmartWatch,Light,2,100.0,200.0,,
ORD-6152,2023-11-04,SMW-01,SmartWatch,Light,2,100.0,200.0,,
ORD-6153,2023-11-04,SMW-01,SmartWatch,Light,3,100.0,300.0,,
ORD-6154,2023-11-04,SMW-01,SmartWatch,Light,3,100.0,300.0,,
ORD-6155,2023-11-04,SMW-01,SmartWatch,Light,2,100.0,200.0,,
ORD-6156,2023-11-04,SMW-01,SmartWatch,Light,2,100.0,200.0,,
ORD-6157,2023-11-04,SMW-01,SmartWatch,Light,1,100.0,100.0,,
ORD-6158,2023-11-04,SMW-01,SmartWatch,Light,3,100.0,300.0,,
ORD-6159,2023-11-04,SMW-01,SmartWatch,Light,3,100.0,300.0,,
ORD-6160,2023-11-04,SMW-01,SmartWatch,Light,3,100.0,300.0,,
ORD-6161,2023-11-04,SMW-01,SmartWatch,Light,1,100.0,100.0,,
ORD-6162,2023-11-04,SMW-01,SmartWatch,Light,2,100.0,200.0,,
ORD-6163,2023-11-04,SMW-01,SmartWatch,Light,1,100.0,100.0,,
ORD-6164,2023-11-04,SMW-01,SmartWatch,Light,1,100.0,100.0,,
ORD-6165,2023-11-04,SMW-01,SmartWatch,Light,3,100.0,300.0,,
ORD-6166,2023-11-04,SMW-01,SmartWatch,Light,1,100.0,100.0,,
ORD-6167,2023-11-04,SMW-01,SmartWatch,Light,2,100.0,200.0,Meta,cpc
ORD-6168,2023-11-04,SMW-01,SmartWatch,Light,1,100.0,100.0,,
ORD-6169,2023-11-04,SMW-01,SmartWatch,Light,1,100.0,100.0,,
ORD-6170,2023-11-04,SMW-01,SmartWatch,Light,2,100.0,200.0,,
ORD-6171,2023-11-04,SMW-01,SmartWatch,Light,1,100.0,100.0,,
ORD-6172,2023-11-04,SMW-01,SmartWatch,Light,2,100.0,200.0,,
ORD-6173,2023-11-04,SMW-01,SmartWatch,Light,1,100.0,100.0,,
ORD-6174,2023-11-04,SMW-01,SmartWatch,Light,3,100.0,300.0,,
ORD-6175,2023-11-04,SMW-01,SmartWatch,Light,2,100.0,200.0,,
ORD-6176,2023-11-04,SMW-01,SmartWatch,Light,3,100.0,300.0,,
ORD-6177,2023-11-04,SMW-01,SmartWatch,Light,1,100.0,100.0,,
ORD-6178,2023-11-04,SMW-01,SmartWatch,Light,2,100.0,200.0,,
ORD-6179,2023-11-04,SMW-01,SmartWatch,Light,1,100.0,100.0,,
ORD-6180,2023-11-04,SMW-01,SmartWatch,Light,3,100.0,300.0,Meta,cpc
ORD-6181,2023-11-04,SMW-01,SmartWatch,Light,1,100.0,100.0,,
ORD-6182,2023-11-04,SMW-01,SmartWatch,Light,1,100.0,100.0,,
ORD-6183,2023-11-04,SMW-01,SmartWatch,Light,1,100.0,100.0,,
ORD-6184,2023-11-04,SMW-01,SmartWatch,Light,3,100.0,300.0,,
ORD-6185,2023-11-04,SMW-01,SmartWatch,Light,3,100.0,300.0,Meta,cpc
ORD-6186,2023-11-04,SMW-01,SmartWatch,Light,2,100.0,200.0,,
ORD-6187,2023-11-04,SMW-01,SmartWatch,Light,1,100.0,100.0,,
ORD-6188,2023-11-04,SMW-01,SmartWatch,Light,1,100.0,100.0,,
ORD-6189,2023-11-04,SMW-01,SmartWatch,Light,2,100.0,200.0,,
ORD-6190,2023-11-04,SMW-01,SmartWatch,Light,1,100.0,100.0,,
ORD-6191,2023-11-04,SMW-01,SmartWatch,Light,1,100.0,100.0,,
ORD-6192,2023-11-04,SMW-01,SmartWatch,Light,1,100.0,100.0,,
ORD-6193,2023-11-04,SMW-01,SmartWatch,Light,1,100.0,100.0,,
ORD-6194,2023-11-04,SMW-01,SmartWatch,Light,1,100.0,100.0,,
ORD-6195,2023-11-04,SMW-01,SmartWatch,Light,3,100.0,300.0,,
ORD-6196,2023-11-04,SMW-01,SmartWatch,Light,3,100.0,300.0,Meta,cpc
ORD-6197,2023-11-04,SMW-01,SmartWatch,Light,3,100.0,300.0,,
ORD-6198,2023-11-04,SMW-01,SmartWatch,Light,2,100.0,200.0,,
ORD-6199,2023-11-04,SMW-01,SmartWatch,Light,2,100.0,200.0,,
ORD-6200,2023-11-04,SMW-01,SmartWatch,Light,3,100.0,300.0,,
ORD-6201,2023-11-04,SMW-01,SmartWatch,Light,2,100.0,200.0,Meta,cpc
ORD-6202,2023-11-04,SMW-01,SmartWatch,Light,3,100.0,300.0,,
ORD-6203,2023-11-04,SMW-01,SmartWatch,Light,1,100.0,100.0,Meta,cpc
ORD-6204,2023-11-04,SMW-01,SmartWatch,Light,1,100.0,100.0,,
ORD-6205,2023-11-04,SMW-01,SmartWatch,Light,1,100.0,100.0,,
ORD-6206,2023-11-04,SMW-01,SmartWatch,Light,3,100.0,300.0,,
ORD-6207,2023-11-04,SMW-01,SmartWatch,Light,2,100.0,200.0,,
ORD-6208,2023-11-04,SMW-01,SmartWatch,Light,3,100.0,300.0,,
ORD-6209,2023-11-04,SMW-01,SmartWatch,Light,2,100.0,200.0,Meta,cpc
ORD-6210,2023-11-04,SMW-01,SmartWatch,Light,2,100.0,200.0,,
ORD-6211,2023-11-04,SMW-01,SmartWatch,Light,1,100.0,100.0,,
ORD-6212,2023-11-04,SMW-01,SmartWatch,Light,1,100.0,100.0,,
ORD-6213,2023-11-04,SMW-01,SmartWatch,Light,3,100.0,300.0,,
ORD-6214,2023-11-04,SMW-01,SmartWatch,Light,3,100.0,300.0,,
ORD-6215,2023-11-04,SMW-01,SmartWatch,Light,1,100.0,100.0,Meta,cpc
ORD-6216,2023-11-04,SMW-01,SmartWatch,Light,3,100.0,300.0,,
ORD-6217,2023-11-04,SMW-01,SmartWatch,Light,1,100.0,100.0,,
ORD-6218,2023-11-04,SMW-01,SmartWatch,Light,3,100.0,300.0,,
ORD-6219,2023-11-04,SMW-01,SmartWatch,Light,2,100.0,200.0,Meta,cpc
ORD-6220,2023-11-04,SMW-01,SmartWatch,Light,3,100.0,300.0,,
ORD-6221,2023-11-05,SMW-01,SmartWatch,Light,3,100.0,300.0,,
ORD-6222,2023-11-05,SMW-01,SmartWatch,Light,3,100.0,300.0,,
ORD-6223,2023-11-05,SMW-01,SmartWatch,Light,1,100.0,100.0,Meta,cpc
ORD-6224,2023-11-05,SMW-01,SmartWatch,Light,3,100.0,300.0,,
ORD-6225,2023-11-05,SMW-01,SmartWatch,Light,3,100.0,300.0,,
ORD-6226,2023-11-05,SMW-01,SmartWatch,Light,1,100.0,100.0,,
ORD-6227,2023-11-05,SMW-01,SmartWatch,Light,1,100.0,100.0,,
ORD-6228,2023-11-05,SMW-01,SmartWatch,Light,2,100.0,200.0,Meta,cpc
ORD-6229,2023-11-05,SMW-01,SmartWatch,Light,3,100.0,300.0,,
ORD-6230,2023-11-05,SMW-01,SmartWatch,Light,2,100.0,200.0,,
ORD-6231,2023-11-05,SMW-01,SmartWatch,Light,1,100.0,100.0,,
ORD-6232,2023-11-05,SMW-01,SmartWatch,Light,3,100.0,300.0,,
ORD-6233,2023-11-05,SMW-01,SmartWatch,Light,2,100.0,200.0,,
ORD-6234,2023-11-05,SMW-01,SmartWatch,Light,2,100.0,200.0,Meta,cpc
ORD-6235,2023-11-05,SMW-01,SmartWatch,Light,2,100.0,200.0,,
ORD-6236,2023-11-05,SMW-01,SmartWatch,Light,1,100.0,100.0,Meta,cpc
ORD-6237,2023-11-05,SMW-01,SmartWatch,Light,3,100.0,300.0,,
ORD-6238,2023-11-05,SMW-01,SmartWatch,Light,2,100.0,200.0,,
ORD-6239,2023-11-05,SMW-01,SmartWatch,Light,3,100.0,300.0,,
ORD-6240,2023-11-05,SMW-01,SmartWatch,Light,1,100.0,100.0,,
ORD-6241,2023-11-05,SMW-01,SmartWatch,Light,1,100.0,100.0,Meta,cpc
ORD-6242,2023-11-05,SMW-01,SmartWatch,Light,2,100.0,200.0,,
ORD-6243,2023-11-05,SMW-01,SmartWatch,Light,2,100.0,200.0,,
ORD-6244,2023-11-05,SMW-01,SmartWatch,Light,3,100.0,300.0,,
ORD-6245,2023-11-05,SMW-01,SmartWatch,Light,1,100.0,100.0,,
ORD-6246,2023-11-05,SMW-01,SmartWatch,Light,3,100.0,300.0,Meta,cpc
ORD-6247,2023-11-05,SMW-01,SmartWatch,Light,1,100.0,100.0,,
ORD-6248,2023-11-05,SMW-01,SmartWatch,Light,3,100.0,300.0,,
ORD-6249,2023-11-05,SMW-01,SmartWatch,Light,1,100.0,100.0,Meta,cpc
ORD-6250,2023-11-05,SMW-01,SmartWatch,Light,2,100.0,200.0,,
ORD-6251,2023-11-05,SMW-01,SmartWatch,Light,1,100.0,100.0,Meta,cpc
ORD-6252,2023-11-05,SMW-01,SmartWatch,Light,1,100.0,100.0,,
ORD-6253,2023-11-05,SMW-01,SmartWatch,Light,2,100.0,200.0,,
ORD-6254,2023-11-05,SMW-01,SmartWatch,Light,3,100.0,300.0,,
ORD-6255,2023-11-05,SMW-01,SmartWatch,Light,3,100.0,300.0,,
ORD-6256,2023-11-05,SMW-01,SmartWatch,Light,1,100.0,100.0,,
ORD-6257,2023-11-05,SMW-01,SmartWatch,Light,2,100.0,200.0,,
ORD-6258,2023-11-05,SMW-01,SmartWatch,Light,3,100.0,300.0,,
ORD-6259,2023-11-05,SMW-01,SmartWatch,Light,2,100.0,200.0,,
ORD-6260,2023-11-05,SMW-01,SmartWatch,Light,2,100.0,200.0,,
ORD-6261,2023-11-05,SMW-01,SmartWatch,Light,3,100.0,300.0,Meta,cpc
ORD-6262,2023-11-05,SMW-01,SmartWatch,Light,1,100.0,100.0,,
ORD-6263,2023-11-05,SMW-01,SmartWatch,Light,2,100.0,200.0,,
ORD-6264,2023-11-05,SMW-01,SmartWatch,Light,2,100.0,200.0,,
ORD-6265,2023-11-05,SMW-01,SmartWatch,Light,1,100.0,100.0,Meta,cpc
ORD-6266,2023-11-05,SMW-01,SmartWatch,Light,1,100.0,100.0,,
ORD-6267,2023-11-05,SMW-01,SmartWatch,Light,3,100.0,300.0,Meta,cpc
ORD-6268,2023-11-05,SMW-01,SmartWatch,Light,1,100.0,100.0,,
ORD-6269,2023-11-05,SMW-01,SmartWatch,Light,3,100.0,300.0,,
ORD-6270,2023-11-05,SMW-01,SmartWatch,Light,3,100.0,300.0,,
ORD-6271,2023-11-05,SMW-01,SmartWatch,Light,2,100.0,200.0,,
ORD-6272,2023-11-05,SMW-01,SmartWatch,Light,1,100.0,100.0,,
ORD-6273,2023-11-05,SMW-01,SmartWatch,Light,1,100.0,100.0,,
ORD-6274,2023-11-05,SMW-01,SmartWatch,Light,2,100.0,200.0,,
ORD-6275,2023-11-05,SMW-01,SmartWatch,Light,2,100.0,200.0,,
ORD-6276,2023-11-05,SMW-01,SmartWatch,Light,1,100.0,100.0,,
ORD-6277,2023-11-05,SMW-01,SmartWatch,Light,3,100.0,300.0,,
ORD-6278,2023-11-05,SMW-01,SmartWatch,Light,1,100.0,100.0,,
ORD-6279,2023-11-05,SMW-01,SmartWatch,Light,1,100.0,100.0,,
ORD-6280,2023-11-05,SMW-01,SmartWatch,Light,2,100.0,200.0,,
ORD-6281,2023-11-05,SMW-01,SmartWatch,Light,2,100.0,200.0,,
ORD-6282,2023-11-06,SMW-01,SmartWatch,Light,3,100.0,300.0,,
ORD-6283,2023-11-06,SMW-01,SmartWatch,Light,2,100.0,200.0,,
ORD-6284,2023-11-06,SMW-01,SmartWatch,Light,2,100.0,200.0,,
ORD-6285,2023-11-06,SMW-01,SmartWatch,Light,3,100.0,300.0,,
ORD-6286,2023-11-06,SMW-01,SmartWatch,Light,2,100.0,200.0,,
ORD-6287,2023-11-06,SMW-01,SmartWatch,Light,3,100.0,300.0,,
ORD-6288,2023-11-06,SMW-01,SmartWatch,Light,3,100.0,300.0,Meta,cpc
ORD-6289,2023-11-06,SMW-01,SmartWatch,Light,1,100.0,100.0,,
ORD-6290,2023-11-06,SMW-01,SmartWatch,Light,1,100.0,100.0,,
ORD-6291,2023-11-06,SMW-01,SmartWatch,Light,2,100.0,200.0,,
ORD-6292,2023-11-06,SMW-01,SmartWatch,Light,1,100.0,100.0,,
ORD-6293,2023-11-06,SMW-01,SmartWatch,Light,1,100.0,100.0,,
ORD-6294,2023-11-06,SMW-01,SmartWatch,Light,2,100.0,200.0,,
ORD-6295,2023-11-06,SMW-01,SmartWatch,Light,1,100.0,100.0,Meta,cpc
ORD-6296,2023-11-06,SMW-01,SmartWatch,Light,2,100.0,200.0,,
ORD-6297,2023-11-06,SMW-01,SmartWatch,Light,1,100.0,100.0,,
ORD-6298,2023-11-06,SMW-01,SmartWatch,Light,1,100.0,100.0,,
ORD-6299,2023-11-06,SMW-01,SmartWatch,Light,1,100.0,100.0,Meta,cpc
ORD-6300,2023-11-06,SMW-01,SmartWatch,Light,2,100.0,200.0,,
ORD-6301,2023-11-06,SMW-01,SmartWatch,Light,1,100.0,100.0,,
ORD-6302,2023-11-06,SMW-01,SmartWatch,Light,3,100.0,300.0,,
ORD-6303,2023-11-06,SMW-01,SmartWatch,Light,1,100.0,100.0,,
ORD-6304,2023-11-06,SMW-01,SmartWatch,Light,2,100.0,200.0,,
ORD-6305,2023-11-06,SMW-01,SmartWatch,Light,1,100.0,100.0,,
ORD-6306,2023-11-06,SMW-01,SmartWatch,Light,1,100.0,100.0,Meta,cpc
ORD-6307,2023-11-06,SMW-01,SmartWatch,Light,3,100.0,300.0,,
ORD-6308,2023-11-06,SMW-01,SmartWatch,Light,3,100.0,300.0,,
ORD-6309,2023-11-06,SMW-01,SmartWatch,Light,1,100.0,100.0,Meta,cpc
ORD-6310,2023-11-06,SMW-01,SmartWatch,Light,2,100.0,200.0,,
ORD-6311,2023-11-06,SMW-01,SmartWatch,Light,2,100.0,200.0,,
ORD-6312,2023-11-06,SMW-01,SmartWatch,Light,3,100.0,300.0,,
ORD-6313,2023-11-06,SMW-01,SmartWatch,Light,3,100.0,300.0,Meta,cpc
ORD-6314,2023-11-06,SMW-01,SmartWatch,Light,1,100.0,100.0,,
ORD-6315,2023-11-06,SMW-01,SmartWatch,Light,2,100.0,200.0,Meta,cpc
ORD-6316,2023-11-06,SMW-01,SmartWatch,Light,2,100.0,200.0,Meta,cpc
ORD-6317,2023-11-06,SMW-01,SmartWatch,Light,2,100.0,200.0,,
ORD-6318,2023-11-06,SMW-01,SmartWatch,Light,2,100.0,200.0,Meta,cpc
ORD-6319,2023-11-06,SMW-01,SmartWatch,Light,3,100.0,300.0,,
ORD-6320,2023-11-06,SMW-01,SmartWatch,Light,3,100.0,300.0,,
ORD-6321,2023-11-06,SMW-01,SmartWatch,Light,1,100.0,100.0,,
ORD-6322,2023-11-06,SMW-01,SmartWatch,Light,2,100.0,200.0,,
ORD-6323,2023-11-06,SMW-01,SmartWatch,Light,1,100.0,100.0,Meta,cpc
ORD-6324,2023-11-06,SMW-01,SmartWatch,Light,1,100.0,100.0,Meta,cpc
ORD-6325,2023-11-06,SMW-01,SmartWatch,Light,1,100.0,100.0,,
ORD-6326,2023-11-06,SMW-01,SmartWatch,Light,1,100.0,100.0,Meta,cpc
ORD-6327,2023-11-06,SMW-01,SmartWatch,Light,3,100.0,300.0,,
ORD-6328,2023-11-06,SMW-01,SmartWatch,Light,3,100.0,300.0,,
ORD-6329,2023-11-06,SMW-01,SmartWatch,Light,2,100.0,200.0,,
ORD-6330,2023-11-06,SMW-01,SmartWatch,Light,2,100.0,200.0,Meta,cpc
ORD-6331,2023-11-06,SMW-01,SmartWatch,Light,3,100.0,300.0,,
ORD-6332,2023-11-06,SMW-01,SmartWatch,Light,2,100.0,200.0,,
ORD-6333,2023-11-06,SMW-01,SmartWatch,Light,3,100.0,300.0,,
ORD-6334,2023-11-06,SMW-01,SmartWatch,Light,3,100.0,300.0,,
ORD-6335,2023-11-06,SMW-01,SmartWatch,Light,2,100.0,200.0,,
ORD-6336,2023-11-06,SMW-01,SmartWatch,Light,2,100.0,200.0,,
ORD-6337,2023-11-06,SMW-01,SmartWatch,Light,3,100.0,300.0,,
ORD-6338,2023-11-06,SMW-01,SmartWatch,Light,3,100.0,300.0,,
ORD-6339,2023-11-06,SMW-01,SmartWatch,Light,3,100.0,300.0,,
ORD-6340,2023-11-06,SMW-01,SmartWatch,Light,3,100.0,300.0,,
ORD-6341,2023-11-06,SMW-01,SmartWatch,Light,3,100.0,300.0,,
ORD-6342,2023-11-06,SMW-01,SmartWatch,Light,2,100.0,200.0,,
ORD-6343,2023-11-06,SMW-01,SmartWatch,Light,2,100.0,200.0,,
ORD-6344,2023-11-06,SMW-01,SmartWatch,Light,2,100.0,200.0,,
ORD-6345,2023-11-06,SMW-01,SmartWatch,Light,3,100.0,300.0,,
ORD-6346,2023-11-06,SMW-01,SmartWatch,Light,1,100.0,100.0,,
ORD-6347,2023-11-06,SMW-01,SmartWatch,Light,2,100.0,200.0,,
ORD-6348,2023-11-06,SMW-01,SmartWatch,Light,1,100.0,100.0,,
ORD-6349,2023-11-06,SMW-01,SmartWatch,Light,2,100.0,200.0,,
ORD-6350,2023-11-07,SMW-01,SmartWatch,Light,3,100.0,300.0,Meta,cpc
ORD-6351,2023-11-07,SMW-01,SmartWatch,Light,3,100.0,300.0,,
ORD-6352,2023-11-07,SMW-01,SmartWatch,Light,1,100.0,100.0,,
ORD-6353,2023-11-07,SMW-01,SmartWatch,Light,3,100.0,300.0,,
ORD-6354,2023-11-07,SMW-01,SmartWatch,Light,2,100.0,200.0,,
ORD-6355,2023-11-07,SMW-01,SmartWatch,Light,1,100.0,100.0,,
ORD-6356,2023-11-07,SMW-01,SmartWatch,Light,2,100.0,200.0,,
ORD-6357,2023-11-07,SMW-01,SmartWatch,Light,2,100.0,200.0,,
ORD-6358,2023-11-07,SMW-01,SmartWatch,Light,3,100.0,300.0,,
ORD-6359,2023-11-07,SMW-01,SmartWatch,Light,3,100.0,300.0,,
ORD-6360,2023-11-07,SMW-01,SmartWatch,Light,3,100.0,300.0,,
ORD-6361,2023-11-07,SMW-01,SmartWatch,Light,1,100.0,100.0,,
ORD-6362,2023-11-07,SMW-01,SmartWatch,Light,3,100.0,300.0,,
ORD-6363,2023-11-07,SMW-01,SmartWatch,Light,2,100.0,200.0,,
ORD-6364,2023-11-07,SMW-01,SmartWatch,Light,2,100.0,200.0,,
ORD-6365,2023-11-07,SMW-01,SmartWatch,Light,1,100.0,100.0,,
ORD-6366,2023-11-07,SMW-01,SmartWatch,Light,3,100.0,300.0,,
ORD-6367,2023-11-07,SMW-01,SmartWatch,Light,2,100.0,200.0,,
ORD-6368,2023-11-07,SMW-01,SmartWatch,Light,2,100.0,200.0,Meta,cpc
ORD-6369,2023-11-07,SMW-01,SmartWatch,Light,2,100.0,200.0,,
ORD-6370,2023-11-07,SMW-01,SmartWatch,Light,2,100.0,200.0,,
ORD-6371,2023-11-07,SMW-01,SmartWatch,Light,1,100.0,100.0,,
ORD-6372,2023-11-07,SMW-01,SmartWatch,Light,2,100.0,200.0,Meta,cpc
ORD-6373,2023-11-07,SMW-01,SmartWatch,Light,2,100.0,200.0,,
ORD-6374,2023-11-07,SMW-01,SmartWatch,Light,2,100.0,200.0,,
ORD-6375,2023-11-07,SMW-01,SmartWatch,Light,2,100.0,200.0,,
ORD-6376,2023-11-07,SMW-01,SmartWatch,Light,2,100.0,200.0,,
ORD-6377,2023-11-07,SMW-01,SmartWatch,Light,3,100.0,300.0,,
ORD-6378,2023-11-07,SMW-01,SmartWatch,Light,1,100.0,100.0,,
ORD-6379,2023-11-07,SMW-01,SmartWatch,Light,1,100.0,100.0,Meta,cpc
ORD-6380,2023-11-07,SMW-01,SmartWatch,Light,3,100.0,300.0,,
ORD-6381,2023-11-07,SMW-01,SmartWatch,Light,2,100.0,200.0,,
ORD-6382,2023-11-07,SMW-01,SmartWatch,Light,3,100.0,300.0,,
ORD-6383,2023-11-07,SMW-01,SmartWatch,Light,2,100.0,200.0,,
ORD-6384,2023-11-07,SMW-01,SmartWatch,Light,2,100.0,200.0,Meta,cpc
ORD-6385,2023-11-07,SMW-01,SmartWatch,Light,2,100.0,200.0,,
ORD-6386,2023-11-07,SMW-01,SmartWatch,Light,1,100.0,100.0,,
ORD-6387,2023-11-07,SMW-01,SmartWatch,Light,3,100.0,300.0,,
ORD-6388,2023-11-07,SMW-01,SmartWatch,Light,2,100.0,200.0,,
ORD-6389,2023-11-07,SMW-01,SmartWatch,Light,3,100.0,300.0,,
ORD-6390,2023-11-07,SMW-01,SmartWatch,Light,2,100.0,200.0,,
ORD-6391,2023-11-07,SMW-01,SmartWatch,Light,1,100.0,100.0,,
ORD-6392,2023-11-07,SMW-01,SmartWatch,Light,3,100.0,300.0,,
ORD-6393,2023-11-07,SMW-01,SmartWatch,Light,3,100.0,300.0,,
ORD-6394,2023-11-07,SMW-01,SmartWatch,Light,1,100.0,100.0,,
ORD-6395,2023-11-07,SMW-01,SmartWatch,Light,1,100.0,100.0,Meta,cpc
ORD-6396,2023-11-07,SMW-01,SmartWatch,Light,1,100.0,100.0,,
ORD-6397,2023-11-07,SMW-01,SmartWatch,Light,2,100.0,200.0,,
ORD-6398,2023-11-07,SMW-01,SmartWatch,Light,2,100.0,200.0,,
ORD-6399,2023-11-07,SMW-01,SmartWatch,Light,3,100.0,300.0,,
ORD-6400,2023-11-07,SMW-01,SmartWatch,Light,2,100.0,200.0,Meta,cpc
ORD-6401,2023-11-07,SMW-01,SmartWatch,Light,1,100.0,100.0,,
ORD-6402,2023-11-07,SMW-01,SmartWatch,Light,3,100.0,300.0,,
ORD-6403,2023-11-07,SMW-01,SmartWatch,Light,2,100.0,200.0,,
ORD-6404,2023-11-07,SMW-01,SmartWatch,Light,1,100.0,100.0,Meta,cpc
ORD-6405,2023-11-07,SMW-01,SmartWatch,Light,1,100.0,100.0,,
ORD-6406,2023-11-07,SMW-01,SmartWatch,Light,2,100.0,200.0,,
ORD-6407,2023-11-07,SMW-01,SmartWatch,Light,1,100.0,100.0,,
ORD-6408,2023-11-08,SMW-01,SmartWatch,Light,1,100.0,100.0,Meta,cpc
ORD-6409,2023-11-08,SMW-01,SmartWatch,Light,3,100.0,300.0,Meta,cpc
ORD-6410,2023-11-08,SMW-01,SmartWatch,Light,1,100.0,100.0,Meta,cpc
ORD-6411,2023-11-08,SMW-01,SmartWatch,Light,3,100.0,300.0,Meta,cpc
ORD-6412,2023-11-08,SMW-01,SmartWatch,Light,2,100.0,200.0,Meta,cpc
ORD-6413,2023-11-08,SMW-01,SmartWatch,Light,2,100.0,200.0,Meta,cpc
ORD-6414,2023-11-08,SMW-01,SmartWatch,Light,3,100.0,300.0,Meta,cpc
ORD-6415,2023-11-08,SMW-01,SmartWatch,Light,2,100.0,200.0,Meta,cpc
ORD-6416,2023-11-08,SMW-01,SmartWatch,Light,2,100.0,200.0,Meta,cpc
ORD-6417,2023-11-08,SMW-01,SmartWatch,Light,3,100.0,300.0,Meta,cpc
ORD-6418,2023-11-08,SMW-01,SmartWatch,Light,3,100.0,300.0,Meta,cpc
ORD-6419,2023-11-08,SMW-01,SmartWatch,Light,3,100.0,300.0,Meta,cpc
ORD-6420,2023-11-08,SMW-01,SmartWatch,Light,2,100.0,200.0,Meta,cpc
ORD-6421,2023-11-08,SMW-01,SmartWatch,Light,1,100.0,100.0,Meta,cpc
ORD-6422,2023-11-08,SMW-01,SmartWatch,Light,3,100.0,300.0,Meta,cpc
ORD-6423,2023-11-08,SMW-01,SmartWatch,Light,3,100.0,300.0,Meta,cpc
ORD-6424,2023-11-08,SMW-01,SmartWatch,Light,2,100.0,200.0,Meta,cpc
ORD-6425,2023-11-08,SMW-01,SmartWatch,Light,1,100.0,100.0,Meta,cpc
ORD-6426,2023-11-08,SMW-01,SmartWatch,Light,1,100.0,100.0,Meta,cpc
ORD-6427,2023-11-08,SMW-01,SmartWatch,Light,1,100.0,100.0,Meta,cpc
ORD-6428,2023-11-08,SMW-01,SmartWatch,Light,3,100.0,300.0,Meta,cpc
ORD-6429,2023-11-08,SMW-01,SmartWatch,Light,2,100.0,200.0,Meta,cpc
ORD-6430,2023-11-08,SMW-01,SmartWatch,Light,2,100.0,200.0,Meta,cpc
ORD-6431,2023-11-08,SMW-01,SmartWatch,Light,2,100.0,200.0,Meta,cpc
ORD-6432,2023-11-08,SMW-01,SmartWatch,Light,2,100.0,200.0,Meta,cpc
ORD-6433,2023-11-08,SMW-01,SmartWatch,Light,2,100.0,200.0,Meta,cpc
ORD-6434,2023-11-08,SMW-01,SmartWatch,Light,1,100.0,100.0,Meta,cpc
ORD-6435,2023-11-08,SMW-01,SmartWatch,Light,1,100.0,100.0,Meta,cpc
ORD-6436,2023-11-08,SMW-01,SmartWatch,Light,1,100.0,100.0,Meta,cpc
ORD-6437,2023-11-08,SMW-01,SmartWatch,Light,1,100.0,100.0,Meta,cpc
ORD-6438,2023-11-08,SMW-01,SmartWatch,Light,3,100.0,300.0,Meta,cpc
ORD-6439,2023-11-08,SMW-01,SmartWatch,Light,1,100.0,100.0,Meta,cpc
ORD-6440,2023-11-08,SMW-01,SmartWatch,Light,1,100.0,100.0,Meta,cpc
ORD-6441,2023-11-08,SMW-01,SmartWatch,Light,3,100.0,300.0,Meta,cpc
ORD-6442,2023-11-08,SMW-01,SmartWatch,Light,3,100.0,300.0,Meta,cpc
ORD-6443,2023-11-08,SMW-01,SmartWatch,Light,3,100.0,300.0,Meta,cpc
ORD-6444,2023-11-08,SMW-01,SmartWatch,Light,3,100.0,300.0,Meta,cpc
ORD-6445,2023-11-08,SMW-01,SmartWatch,Light,3,100.0,300.0,Meta,cpc
ORD-6446,2023-11-08,SMW-01,SmartWatch,Light,3,100.0,300.0,Meta,cpc
ORD-6447,2023-11-08,SMW-01,SmartWatch,Light,3,100.0,300.0,Meta,cpc
ORD-6448,2023-11-08,SMW-01,SmartWatch,Light,3,100.0,300.0,Meta,cpc
ORD-6449,2023-11-08,SMW-01,SmartWatch,Light,1,100.0,100.0,Meta,cpc
ORD-6450,2023-11-08,SMW-01,SmartWatch,Light,2,100.0,200.0,Meta,cpc
ORD-6451,2023-11-08,SMW-01,SmartWatch,Light,2,100.0,200.0,Meta,cpc
ORD-6452,2023-11-08,SMW-01,SmartWatch,Light,1,100.0,100.0,Meta,cpc
ORD-6453,2023-11-08,SMW-01,SmartWatch,Light,1,100.0,100.0,Meta,cpc
ORD-6454,2023-11-08,SMW-01,SmartWatch,Light,1,100.0,100.0,Meta,cpc
ORD-6455,2023-11-08,SMW-01,SmartWatch,Light,1,100.0,100.0,Meta,cpc
ORD-6456,2023-11-08,SMW-01,SmartWatch,Light,2,100.0,200.0,Meta,cpc
ORD-6457,2023-11-08,SMW-01,SmartWatch,Light,2,100.0,200.0,Meta,cpc
ORD-6458,2023-11-08,SMW-01,SmartWatch,Light,2,100.0,200.0,Meta,cpc
ORD-6459,2023-11-08,SMW-01,SmartWatch,Light,3,100.0,300.0,Meta,cpc
ORD-6460,2023-11-08,SMW-01,SmartWatch,Light,2,100.0,200.0,Meta,cpc
ORD-6461,2023-11-08,SMW-01,SmartWatch,Light,1,100.0,100.0,Meta,cpc
ORD-6462,2023-11-08,SMW-01,SmartWatch,Light,2,100.0,200.0,Meta,cpc
ORD-6463,2023-11-08,SMW-01,SmartWatch,Light,3,100.0,300.0,Meta,cpc
ORD-6464,2023-11-08,SMW-01,SmartWatch,Light,2,100.0,200.0,Meta,cpc
ORD-6465,2023-11-09,SMW-01,SmartWatch,Light,2,100.0,200.0,Meta,cpc
ORD-6466,2023-11-09,SMW-01,SmartWatch,Light,1,100.0,100.0,Meta,cpc
ORD-6467,2023-11-09,SMW-01,SmartWatch,Light,3,100.0,300.0,Meta,cpc
ORD-6468,2023-11-09,SMW-01,SmartWatch,Light,2,100.0,200.0,Meta,cpc
ORD-6469,2023-11-09,SMW-01,SmartWatch,Light,1,100.0,100.0,Meta,cpc
ORD-6470,2023-11-09,SMW-01,SmartWatch,Light,3,100.0,300.0,Meta,cpc
ORD-6471,2023-11-09,SMW-01,SmartWatch,Light,1,100.0,100.0,Meta,cpc
ORD-6472,2023-11-09,SMW-01,SmartWatch,Light,1,100.0,100.0,Meta,cpc
ORD-6473,2023-11-09,SMW-01,SmartWatch,Light,1,100.0,100.0,Meta,cpc
ORD-6474,2023-11-09,SMW-01,SmartWatch,Light,3,100.0,300.0,Meta,cpc
ORD-6475,2023-11-09,SMW-01,SmartWatch,Light,1,100.0,100.0,Meta,cpc
ORD-6476,2023-11-09,SMW-01,SmartWatch,Light,3,100.0,300.0,Meta,cpc
ORD-6477,2023-11-09,SMW-01,SmartWatch,Light,1,100.0,100.0,Meta,cpc
ORD-6478,2023-11-09,SMW-01,SmartWatch,Light,2,100.0,200.0,Meta,cpc
ORD-6479,2023-11-09,SMW-01,SmartWatch,Light,1,100.0,100.0,Meta,cpc
ORD-6480,2023-11-09,SMW-01,SmartWatch,Light,1,100.0,100.0,Meta,cpc
ORD-6481,2023-11-09,SMW-01,SmartWatch,Light,1,100.0,100.0,Meta,cpc
ORD-6482,2023-11-09,SMW-01,SmartWatch,Light,1,100.0,100.0,Meta,cpc
ORD-6483,2023-11-09,SMW-01,SmartWatch,Light,2,100.0,200.0,Meta,cpc
ORD-6484,2023-11-09,SMW-01,SmartWatch,Light,3,100.0,300.0,Meta,cpc
ORD-6485,2023-11-09,SMW-01,SmartWatch,Light,1,100.0,100.0,Meta,cpc
ORD-6486,2023-11-09,SMW-01,SmartWatch,Light,1,100.0,100.0,Meta,cpc
ORD-6487,2023-11-09,SMW-01,SmartWatch,Light,1,100.0,100.0,Meta,cpc
ORD-6488,2023-11-09,SMW-01,SmartWatch,Light,2,100.0,200.0,Meta,cpc
ORD-6489,2023-11-09,SMW-01,SmartWatch,Light,2,100.0,200.0,Meta,cpc
ORD-6490,2023-11-09,SMW-01,SmartWatch,Light,1,100.0,100.0,Meta,cpc
ORD-6491,2023-11-09,SMW-01,SmartWatch,Light,1,100.0,100.0,Meta,cpc
ORD-6492,2023-11-09,SMW-01,SmartWatch,Light,1,100.0,100.0,Meta,cpc
ORD-6493,2023-11-09,SMW-01,SmartWatch,Light,1,100.0,100.0,Meta,cpc
ORD-6494,2023-11-09,SMW-01,SmartWatch,Light,3,100.0,300.0,Meta,cpc
ORD-6495,2023-11-09,SMW-01,SmartWatch,Light,3,100.0,300.0,Meta,cpc
ORD-6496,2023-11-09,SMW-01,SmartWatch,Light,3,100.0,300.0,Meta,cpc
ORD-6497,2023-11-09,SMW-01,SmartWatch,Light,1,100.0,100.0,Meta,cpc
ORD-6498,2023-11-09,SMW-01,SmartWatch,Light,2,100.0,200.0,Meta,cpc
ORD-6499,2023-11-09,SMW-01,SmartWatch,Light,1,100.0,100.0,Meta,cpc
ORD-6500,2023-11-09,SMW-01,SmartWatch,Light,2,100.0,200.0,Meta,cpc
ORD-6501,2023-11-09,SMW-01,SmartWatch,Light,1,100.0,100.0,Meta,cpc
ORD-6502,2023-11-09,SMW-01,SmartWatch,Light,1,100.0,100.0,Meta,cpc
ORD-6503,2023-11-09,SMW-01,SmartWatch,Light,2,100.0,200.0,Meta,cpc
ORD-6504,2023-11-09,SMW-01,SmartWatch,Light,3,100.0,300.0,Meta,cpc
ORD-6505,2023-11-09,SMW-01,SmartWatch,Light,1,100.0,100.0,Meta,cpc
ORD-6506,2023-11-09,SMW-01,SmartWatch,Light,1,100.0,100.0,Meta,cpc
ORD-6507,2023-11-09,SMW-01,SmartWatch,Light,1,100.0,100.0,Meta,cpc
ORD-6508,2023-11-09,SMW-01,SmartWatch,Light,3,100.0,300.0,Meta,cpc
ORD-6509,2023-11-09,SMW-01,SmartWatch,Light,1,100.0,100.0,Meta,cpc
ORD-6510,2023-11-09,SMW-01,SmartWatch,Light,3,100.0,300.0,Meta,cpc
ORD-6511,2023-11-09,SMW-01,SmartWatch,Light,1,100.0,100.0,Meta,cpc
ORD-6512,2023-11-09,SMW-01,SmartWatch,Light,1,100.0,100.0,Meta,cpc
ORD-6513,2023-11-09,SMW-01,SmartWatch,Light,3,100.0,300.0,Meta,cpc
ORD-6514,2023-11-09,SMW-01,SmartWatch,Light,2,100.0,200.0,Meta,cpc
ORD-6515,2023-11-09,SMW-01,SmartWatch,Light,1,100.0,100.0,Meta,cpc
ORD-6516,2023-11-09,SMW-01,SmartWatch,Light,1,100.0,100.0,Meta,cpc
ORD-6517,2023-11-09,SMW-01,SmartWatch,Light,1,100.0,100.0,Meta,cpc
ORD-6518,2023-11-09,SMW-01,SmartWatch,Light,3,100.0,300.0,Meta,cpc
ORD-6519,2023-11-09,SMW-01,SmartWatch,Light,2,100.0,200.0,Meta,cpc
ORD-6520,2023-11-09,SMW-01,SmartWatch,Light,3,100.0,300.0,Meta,cpc
ORD-6521,2023-11-09,SMW-01,SmartWatch,Light,2,100.0,200.0,Meta,cpc
ORD-6522,2023-11-09,SMW-01,SmartWatch,Light,2,100.0,200.0,Meta,cpc
ORD-6523,2023-11-09,SMW-01,SmartWatch,Light,1,100.0,100.0,Meta,cpc
ORD-6524,2023-11-09,SMW-01,SmartWatch,Light,3,100.0,300.0,Meta,cpc
ORD-6525,2023-11-09,SMW-01,SmartWatch,Light,3,100.0,300.0,Meta,cpc
ORD-6526,2023-11-09,SMW-01,SmartWatch,Light,3,100.0,300.0,Meta,cpc
ORD-6527,2023-11-09,SMW-01,SmartWatch,Light,1,100.0,100.0,Meta,cpc
ORD-6528,2023-11-09,SMW-01,SmartWatch,Light,3,100.0,300.0,Meta,cpc
ORD-6529,2023-11-09,SMW-01,SmartWatch,Light,3,100.0,300.0,Meta,cpc
ORD-6530,2023-11-09,SMW-01,SmartWatch,Light,1,100.0,100.0,Meta,cpc
ORD-6531,2023-11-09,SMW-01,SmartWatch,Light,1,100.0,100.0,Meta,cpc
ORD-6532,2023-11-09,SMW-01,SmartWatch,Light,3,100.0,300.0,Meta,cpc
ORD-6533,2023-11-09,SMW-01,SmartWatch,Light,1,100.0,100.0,Meta,cpc
ORD-6534,2023-11-09,SMW-01,SmartWatch,Light,3,100.0,300.0,Meta,cpc
ORD-6535,2023-11-09,SMW-01,SmartWatch,Light,1,100.0,100.0,Meta,cpc
ORD-6536,2023-11-09,SMW-01,SmartWatch,Light,3,100.0,300.0,Meta,cpc
ORD-6537,2023-11-09,SMW-01,SmartWatch,Light,1,100.0,100.0,Meta,cpc
ORD-6538,2023-11-09,SMW-01,SmartWatch,Light,2,100.0,200.0,Meta,cpc
ORD-6539,2023-11-09,SMW-01,SmartWatch,Light,1,100.0,100.0,Meta,cpc
ORD-6540,2023-11-09,SMW-01,SmartWatch,Light,2,100.0,200.0,Meta,cpc
ORD-6541,2023-11-10,SMW-01,SmartWatch,Light,1,100.0,100.0,Meta,cpc
ORD-6542,2023-11-10,SMW-01,SmartWatch,Light,3,100.0,300.0,Meta,cpc
ORD-6543,2023-11-10,SMW-01,SmartWatch,Light,1,100.0,100.0,Meta,cpc
ORD-6544,2023-11-10,SMW-01,SmartWatch,Light,1,100.0,100.0,Meta,cpc
ORD-6545,2023-11-10,SMW-01,SmartWatch,Light,3,100.0,300.0,Meta,cpc
ORD-6546,2023-11-10,SMW-01,SmartWatch,Light,3,100.0,300.0,Meta,cpc
ORD-6547,2023-11-10,SMW-01,SmartWatch,Light,2,100.0,200.0,Meta,cpc
ORD-6548,2023-11-10,SMW-01,SmartWatch,Light,2,100.0,200.0,Meta,cpc
ORD-6549,2023-11-10,SMW-01,SmartWatch,Light,3,100.0,300.0,Meta,cpc
ORD-6550,2023-11-10,SMW-01,SmartWatch,Light,3,100.0,300.0,Meta,cpc
ORD-6551,2023-11-10,SMW-01,SmartWatch,Light,1,100.0,100.0,Meta,cpc
ORD-6552,2023-11-10,SMW-01,SmartWatch,Light,2,100.0,200.0,Meta,cpc
ORD-6553,2023-11-10,SMW-01,SmartWatch,Light,3,100.0,300.0,Meta,cpc
ORD-6554,2023-11-10,SMW-01,SmartWatch,Light,1,100.0,100.0,Meta,cpc
ORD-6555,2023-11-10,SMW-01,SmartWatch,Light,1,100.0,100.0,Meta,cpc
ORD-6556,2023-11-10,SMW-01,SmartWatch,Light,2,100.0,200.0,Meta,cpc
ORD-6557,2023-11-10,SMW-01,SmartWatch,Light,2,100.0,200.0,Meta,cpc
ORD-6558,2023-11-10,SMW-01,SmartWatch,Light,2,100.0,200.0,Meta,cpc
ORD-6559,2023-11-10,SMW-01,SmartWatch,Light,1,100.0,100.0,Meta,cpc
ORD-6560,2023-11-10,SMW-01,SmartWatch,Light,3,100.0,300.0,Meta,cpc
ORD-6561,2023-11-10,SMW-01,SmartWatch,Light,1,100.0,100.0,Meta,cpc
ORD-6562,2023-11-10,SMW-01,SmartWatch,Light,2,100.0,200.0,Meta,cpc
ORD-6563,2023-11-10,SMW-01,SmartWatch,Light,1,100.0,100.0,Meta,cpc
ORD-6564,2023-11-10,SMW-01,SmartWatch,Light,2,100.0,200.0,Meta,cpc
ORD-6565,2023-11-10,SMW-01,SmartWatch,Light,1,100.0,100.0,Meta,cpc
ORD-6566,2023-11-10,SMW-01,SmartWatch,Light,2,100.0,200.0,Meta,cpc
ORD-6567,2023-11-10,SMW-01,SmartWatch,Light,1,100.0,100.0,Meta,cpc
ORD-6568,2023-11-10,SMW-01,SmartWatch,Light,3,100.0,300.0,Meta,cpc
ORD-6569,2023-11-10,SMW-01,SmartWatch,Light,1,100.0,100.0,Meta,cpc
ORD-6570,2023-11-10,SMW-01,SmartWatch,Light,2,100.0,200.0,Meta,cpc
ORD-6571,2023-11-10,SMW-01,SmartWatch,Light,2,100.0,200.0,Meta,cpc
ORD-6572,2023-11-10,SMW-01,SmartWatch,Light,3,100.0,300.0,Meta,cpc
ORD-6573,2023-11-10,SMW-01,SmartWatch,Light,2,100.0,200.0,Meta,cpc
ORD-6574,2023-11-10,SMW-01,SmartWatch,Light,3,100.0,300.0,Meta,cpc
ORD-6575,2023-11-10,SMW-01,SmartWatch,Light,3,100.0,300.0,Meta,cpc
ORD-6576,2023-11-10,SMW-01,SmartWatch,Light,1,100.0,100.0,Meta,cpc
ORD-6577,2023-11-10,SMW-01,SmartWatch,Light,1,100.0,100.0,Meta,cpc
ORD-6578,2023-11-10,SMW-01,SmartWatch,Light,2,100.0,200.0,Meta,cpc
ORD-6579,2023-11-10,SMW-01,SmartWatch,Light,2,100.0,200.0,Meta,cpc
ORD-6580,2023-11-10,SMW-01,SmartWatch,Light,1,100.0,100.0,Meta,cpc
ORD-6581,2023-11-10,SMW-01,SmartWatch,Light,2,100.0,200.0,Meta,cpc
ORD-6582,2023-11-10,SMW-01,SmartWatch,Light,2,100.0,200.0,Meta,cpc
ORD-6583,2023-11-10,SMW-01,SmartWatch,Light,2,100.0,200.0,Meta,cpc
ORD-6584,2023-11-10,SMW-01,SmartWatch,Light,3,100.0,300.0,Meta,cpc
ORD-6585,2023-11-10,SMW-01,SmartWatch,Light,3,100.0,300.0,Meta,cpc
ORD-6586,2023-11-10,SMW-01,SmartWatch,Light,2,100.0,200.0,Meta,cpc
ORD-6587,2023-11-10,SMW-01,SmartWatch,Light,3,100.0,300.0,Meta,cpc
ORD-6588,2023-11-10,SMW-01,SmartWatch,Light,2,100.0,200.0,Meta,cpc
ORD-6589,2023-11-10,SMW-01,SmartWatch,Light,1,100.0,100.0,Meta,cpc
ORD-6590,2023-11-10,SMW-01,SmartWatch,Light,3,100.0,300.0,Meta,cpc
ORD-6591,2023-11-10,SMW-01,SmartWatch,Light,2,100.0,200.0,Meta,cpc
ORD-6592,2023-11-10,SMW-01,SmartWatch,Light,2,100.0,200.0,Meta,cpc
ORD-6593,2023-11-10,SMW-01,SmartWatch,Light,2,100.0,200.0,Meta,cpc
ORD-6594,2023-11-10,SMW-01,SmartWatch,Light,1,100.0,100.0,Meta,cpc
ORD-6595,2023-11-10,SMW-01,SmartWatch,Light,1,100.0,100.0,Meta,cpc
ORD-6596,2023-11-10,SMW-01,SmartWatch,Light,2,100.0,200.0,Meta,cpc
ORD-6597,2023-11-10,SMW-01,SmartWatch,Light,3,100.0,300.0,Meta,cpc
ORD-6598,2023-11-10,SMW-01,SmartWatch,Light,2,100.0,200.0,Meta,cpc
ORD-6599,2023-11-10,SMW-01,SmartWatch,Light,1,100.0,100.0,Meta,cpc
ORD-6600,2023-11-10,SMW-01,SmartWatch,Light,1,100.0,100.0,Meta,cpc
ORD-6601,2023-11-10,SMW-01,SmartWatch,Light,3,100.0,300.0,Meta,cpc
ORD-6602,2023-11-10,SMW-01,SmartWatch,Light,2,100.0,200.0,Meta,cpc
ORD-6603,2023-11-10,SMW-01,SmartWatch,Light,3,100.0,300.0,Meta,cpc
ORD-6604,2023-11-10,SMW-01,SmartWatch,Light,1,100.0,100.0,Meta,cpc
ORD-6605,2023-11-10,SMW-01,SmartWatch,Light,2,100.0,200.0,Meta,cpc
ORD-6606,2023-11-10,SMW-01,SmartWatch,Light,2,100.0,200.0,Meta,cpc
ORD-6607,2023-11-10,SMW-01,SmartWatch,Light,3,100.0,300.0,Meta,cpc
ORD-6608,2023-11-10,SMW-01,SmartWatch,Light,2,100.0,200.0,Meta,cpc
ORD-6609,2023-11-11,SMW-01,SmartWatch,Light,3,100.0,300.0,Meta,cpc
ORD-6610,2023-11-11,SMW-01,SmartWatch,Light,1,100.0,100.0,Meta,cpc
ORD-6611,2023-11-11,SMW-01,SmartWatch,Light,1,100.0,100.0,Meta,cpc
ORD-6612,2023-11-11,SMW-01,SmartWatch,Light,1,100.0,100.0,Meta,cpc
ORD-6613,2023-11-11,SMW-01,SmartWatch,Light,2,100.0,200.0,Meta,cpc
ORD-6614,2023-11-11,SMW-01,SmartWatch,Light,2,100.0,200.0,Meta,cpc
ORD-6615,2023-11-11,SMW-01,SmartWatch,Light,3,100.0,300.0,Meta,cpc
ORD-6616,2023-11-11,SMW-01,SmartWatch,Light,3,100.0,300.0,Meta,cpc
ORD-6617,2023-11-11,SMW-01,SmartWatch,Light,1,100.0,100.0,Meta,cpc
ORD-6618,2023-11-11,SMW-01,SmartWatch,Light,3,100.0,300.0,Meta,cpc
ORD-6619,2023-11-11,SMW-01,SmartWatch,Light,1,100.0,100.0,Meta,cpc
ORD-6620,2023-11-11,SMW-01,SmartWatch,Light,1,100.0,100.0,Meta,cpc
ORD-6621,2023-11-11,SMW-01,SmartWatch,Light,2,100.0,200.0,Meta,cpc
ORD-6622,2023-11-11,SMW-01,SmartWatch,Light,1,100.0,100.0,Meta,cpc
ORD-6623,2023-11-11,SMW-01,SmartWatch,Light,2,100.0,200.0,Meta,cpc
ORD-6624,2023-11-11,SMW-01,SmartWatch,Light,1,100.0,100.0,Meta,cpc
ORD-6625,2023-11-11,SMW-01,SmartWatch,Light,3,100.0,300.0,Meta,cpc
ORD-6626,2023-11-11,SMW-01,SmartWatch,Light,2,100.0,200.0,Meta,cpc
ORD-6627,2023-11-11,SMW-01,SmartWatch,Light,1,100.0,100.0,Meta,cpc
ORD-6628,2023-11-11,SMW-01,SmartWatch,Light,1,100.0,100.0,Meta,cpc
ORD-6629,2023-11-11,SMW-01,SmartWatch,Light,2,100.0,200.0,Meta,cpc
ORD-6630,2023-11-11,SMW-01,SmartWatch,Light,3,100.0,300.0,Meta,cpc
ORD-6631,2023-11-11,SMW-01,SmartWatch,Light,2,100.0,200.0,Meta,cpc
ORD-6632,2023-11-11,SMW-01,SmartWatch,Light,2,100.0,200.0,Meta,cpc
ORD-6633,2023-11-11,SMW-01,SmartWatch,Light,3,100.0,300.0,Meta,cpc
ORD-6634,2023-11-11,SMW-01,SmartWatch,Light,3,100.0,300.0,Meta,cpc
ORD-6635,2023-11-11,SMW-01,SmartWatch,Light,3,100.0,300.0,Meta,cpc
ORD-6636,2023-11-11,SMW-01,SmartWatch,Light,2,100.0,200.0,Meta,cpc
ORD-6637,2023-11-11,SMW-01,SmartWatch,Light,3,100.0,300.0,Meta,cpc
ORD-6638,2023-11-11,SMW-01,SmartWatch,Light,2,100.0,200.0,Meta,cpc
ORD-6639,2023-11-11,SMW-01,SmartWatch,Light,2,100.0,200.0,Meta,cpc
ORD-6640,2023-11-11,SMW-01,SmartWatch,Light,2,100.0,200.0,Meta,cpc
ORD-6641,2023-11-11,SMW-01,SmartWatch,Light,3,100.0,300.0,Meta,cpc
ORD-6642,2023-11-11,SMW-01,SmartWatch,Light,3,100.0,300.0,Meta,cpc
ORD-6643,2023-11-11,SMW-01,SmartWatch,Light,2,100.0,200.0,Meta,cpc
ORD-6644,2023-11-11,SMW-01,SmartWatch,Light,2,100.0,200.0,Meta,cpc
ORD-6645,2023-11-11,SMW-01,SmartWatch,Light,3,100.0,300.0,Meta,cpc
ORD-6646,2023-11-11,SMW-01,SmartWatch,Light,2,100.0,200.0,Meta,cpc
ORD-6647,2023-11-11,SMW-01,SmartWatch,Light,1,100.0,100.0,Meta,cpc
ORD-6648,2023-11-11,SMW-01,SmartWatch,Light,2,100.0,200.0,Meta,cpc
ORD-6649,2023-11-11,SMW-01,SmartWatch,Light,1,100.0,100.0,Meta,cpc
ORD-6650,2023-11-11,SMW-01,SmartWatch,Light,1,100.0,100.0,Meta,cpc
ORD-6651,2023-11-11,SMW-01,SmartWatch,Light,2,100.0,200.0,Meta,cpc
ORD-6652,2023-11-11,SMW-01,SmartWatch,Light,2,100.0,200.0,Meta,cpc
ORD-6653,2023-11-11,SMW-01,SmartWatch,Light,2,100.0,200.0,Meta,cpc
ORD-6654,2023-11-11,SMW-01,SmartWatch,Light,1,100.0,100.0,Meta,cpc
ORD-6655,2023-11-11,SMW-01,SmartWatch,Light,3,100.0,300.0,Meta,cpc
ORD-6656,2023-11-11,SMW-01,SmartWatch,Light,1,100.0,100.0,Meta,cpc
ORD-6657,2023-11-11,SMW-01,SmartWatch,Light,1,100.0,100.0,Meta,cpc
ORD-6658,2023-11-11,SMW-01,SmartWatch,Light,1,100.0,100.0,Meta,cpc
ORD-6659,2023-11-11,SMW-01,SmartWatch,Light,3,100.0,300.0,Meta,cpc
ORD-6660,2023-11-11,SMW-01,SmartWatch,Light,1,100.0,100.0,Meta,cpc
ORD-6661,2023-11-11,SMW-01,SmartWatch,Light,1,100.0,100.0,Meta,cpc
ORD-6662,2023-11-11,SMW-01,SmartWatch,Light,2,100.0,200.0,Meta,cpc
ORD-6663,2023-11-11,SMW-01,SmartWatch,Light,3,100.0,300.0,Meta,cpc
ORD-6664,2023-11-11,SMW-01,SmartWatch,Light,1,100.0,100.0,Meta,cpc
ORD-6665,2023-11-11,SMW-01,SmartWatch,Light,1,100.0,100.0,Meta,cpc
ORD-6666,2023-11-11,SMW-01,SmartWatch,Light,2,100.0,200.0,Meta,cpc
ORD-6667,2023-11-11,SMW-01,SmartWatch,Light,3,100.0,300.0,Meta,cpc
ORD-6668,2023-11-11,SMW-01,SmartWatch,Light,3,100.0,300.0,Meta,cpc
ORD-6669,2023-11-11,SMW-01,SmartWatch,Light,2,100.0,200.0,Meta,cpc
ORD-6670,2023-11-11,SMW-01,SmartWatch,Light,1,100.0,100.0,Meta,cpc
ORD-6671,2023-11-11,SMW-01,SmartWatch,Light,2,100.0,200.0,Meta,cpc
ORD-6672,2023-11-11,SMW-01,SmartWatch,Light,3,100.0,300.0,Meta,cpc
ORD-6673,2023-11-11,SMW-01,SmartWatch,Light,3,100.0,300.0,Meta,cpc
ORD-6674,2023-11-11,SMW-01,SmartWatch,Light,1,100.0,100.0,Meta,cpc
ORD-6675,2023-11-12,SMW-01,SmartWatch,Light,1,100.0,100.0,Meta,cpc
ORD-6676,2023-11-12,SMW-01,SmartWatch,Light,3,100.0,300.0,Meta,cpc
ORD-6677,2023-11-12,SMW-01,SmartWatch,Light,3,100.0,300.0,Meta,cpc
ORD-6678,2023-11-12,SMW-01,SmartWatch,Light,2,100.0,200.0,Meta,cpc
ORD-6679,2023-11-12,SMW-01,SmartWatch,Light,2,100.0,200.0,Meta,cpc
ORD-6680,2023-11-12,SMW-01,SmartWatch,Light,1,100.0,100.0,Meta,cpc
ORD-6681,2023-11-12,SMW-01,SmartWatch,Light,2,100.0,200.0,Meta,cpc
ORD-6682,2023-11-12,SMW-01,SmartWatch,Light,3,100.0,300.0,Meta,cpc
ORD-6683,2023-11-12,SMW-01,SmartWatch,Light,2,100.0,200.0,Meta,cpc
ORD-6684,2023-11-12,SMW-01,SmartWatch,Light,2,100.0,200.0,Meta,cpc
ORD-6685,2023-11-12,SMW-01,SmartWatch,Light,3,100.0,300.0,Meta,cpc
ORD-6686,2023-11-12,SMW-01,SmartWatch,Light,2,100.0,200.0,Meta,cpc
ORD-6687,2023-11-12,SMW-01,SmartWatch,Light,3,100.0,300.0,Meta,cpc
ORD-6688,2023-11-12,SMW-01,SmartWatch,Light,2,100.0,200.0,Meta,cpc
ORD-6689,2023-11-12,SMW-01,SmartWatch,Light,3,100.0,300.0,Meta,cpc
ORD-6690,2023-11-12,SMW-01,SmartWatch,Light,3,100.0,300.0,Meta,cpc
ORD-6691,2023-11-12,SMW-01,SmartWatch,Light,1,100.0,100.0,Meta,cpc
ORD-6692,2023-11-12,SMW-01,SmartWatch,Light,1,100.0,100.0,Meta,cpc
ORD-6693,2023-11-12,SMW-01,SmartWatch,Light,2,100.0,200.0,Meta,cpc
ORD-6694,2023-11-12,SMW-01,SmartWatch,Light,1,100.0,100.0,Meta,cpc
ORD-6695,2023-11-12,SMW-01,SmartWatch,Light,2,100.0,200.0,Meta,cpc
ORD-6696,2023-11-12,SMW-01,SmartWatch,Light,2,100.0,200.0,Meta,cpc
ORD-6697,2023-11-12,SMW-01,SmartWatch,Light,2,100.0,200.0,Meta,cpc
ORD-6698,2023-11-12,SMW-01,SmartWatch,Light,2,100.0,200.0,Meta,cpc
ORD-6699,2023-11-12,SMW-01,SmartWatch,Light,2,100.0,200.0,Meta,cpc
ORD-6700,2023-11-12,SMW-01,SmartWatch,Light,2,100.0,200.0,Meta,cpc
ORD-6701,2023-11-12,SMW-01,SmartWatch,Light,1,100.0,100.0,Meta,cpc
ORD-6702,2023-11-12,SMW-01,SmartWatch,Light,1,100.0,100.0,Meta,cpc
ORD-6703,2023-11-12,SMW-01,SmartWatch,Light,1,100.0,100.0,Meta,cpc
ORD-6704,2023-11-12,SMW-01,SmartWatch,Light,3,100.0,300.0,Meta,cpc
ORD-6705,2023-11-12,SMW-01,SmartWatch,Light,3,100.0,300.0,Meta,cpc
ORD-6706,2023-11-12,SMW-01,SmartWatch,Light,2,100.0,200.0,Meta,cpc
ORD-6707,2023-11-12,SMW-01,SmartWatch,Light,3,100.0,300.0,Meta,cpc
ORD-6708,2023-11-12,SMW-01,SmartWatch,Light,1,100.0,100.0,Meta,cpc
ORD-6709,2023-11-12,SMW-01,SmartWatch,Light,2,100.0,200.0,Meta,cpc
ORD-6710,2023-11-12,SMW-01,SmartWatch,Light,2,100.0,200.0,Meta,cpc
ORD-6711,2023-11-12,SMW-01,SmartWatch,Light,1,100.0,100.0,Meta,cpc
ORD-6712,2023-11-12,SMW-01,SmartWatch,Light,2,100.0,200.0,Meta,cpc
ORD-6713,2023-11-12,SMW-01,SmartWatch,Light,3,100.0,300.0,Meta,cpc
ORD-6714,2023-11-12,SMW-01,SmartWatch,Light,2,100.0,200.0,Meta,cpc
ORD-6715,2023-11-12,SMW-01,SmartWatch,Light,2,100.0,200.0,Meta,cpc
ORD-6716,2023-11-12,SMW-01,SmartWatch,Light,1,100.0,100.0,Meta,cpc
ORD-6717,2023-11-12,SMW-01,SmartWatch,Light,3,100.0,300.0,Meta,cpc
ORD-6718,2023-11-12,SMW-01,SmartWatch,Light,3,100.0,300.0,Meta,cpc
ORD-6719,2023-11-12,SMW-01,SmartWatch,Light,2,100.0,200.0,Meta,cpc
ORD-6720,2023-11-12,SMW-01,SmartWatch,Light,3,100.0,300.0,Meta,cpc
ORD-6721,2023-11-12,SMW-01,SmartWatch,Light,3,100.0,300.0,Meta,cpc
ORD-6722,2023-11-12,SMW-01,SmartWatch,Light,3,100.0,300.0,Meta,cpc
ORD-6723,2023-11-12,SMW-01,SmartWatch,Light,3,100.0,300.0,Meta,cpc
ORD-6724,2023-11-12,SMW-01,SmartWatch,Light,3,100.0,300.0,Meta,cpc
ORD-6725,2023-11-12,SMW-01,SmartWatch,Light,2,100.0,200.0,Meta,cpc
ORD-6726,2023-11-12,SMW-01,SmartWatch,Light,2,100.0,200.0,Meta,cpc
ORD-6727,2023-11-12,SMW-01,SmartWatch,Light,3,100.0,300.0,Meta,cpc
ORD-6728,2023-11-12,SMW-01,SmartWatch,Light,1,100.0,100.0,Meta,cpc
ORD-6729,2023-11-12,SMW-01,SmartWatch,Light,3,100.0,300.0,Meta,cpc
ORD-6730,2023-11-12,SMW-01,SmartWatch,Light,1,100.0,100.0,Meta,cpc
ORD-6731,2023-11-12,SMW-01,SmartWatch,Light,2,100.0,200.0,Meta,cpc
ORD-6732,2023-11-12,SMW-01,SmartWatch,Light,2,100.0,200.0,Meta,cpc
ORD-6733,2023-11-12,SMW-01,SmartWatch,Light,1,100.0,100.0,Meta,cpc
ORD-6734,2023-11-13,SMW-01,SmartWatch,Light,3,100.0,300.0,Meta,cpc
ORD-6735,2023-11-13,SMW-01,SmartWatch,Light,2,100.0,200.0,Meta,cpc
ORD-6736,2023-11-13,SMW-01,SmartWatch,Light,3,100.0,300.0,Meta,cpc
ORD-6737,2023-11-13,SMW-01,SmartWatch,Light,3,100.0,300.0,Meta,cpc
ORD-6738,2023-11-13,SMW-01,SmartWatch,Light,2,100.0,200.0,Meta,cpc
ORD-6739,2023-11-13,SMW-01,SmartWatch,Light,2,100.0,200.0,Meta,cpc
ORD-6740,2023-11-13,SMW-01,SmartWatch,Light,2,100.0,200.0,Meta,cpc
ORD-6741,2023-11-13,SMW-01,SmartWatch,Light,1,100.0,100.0,Meta,cpc
ORD-6742,2023-11-13,SMW-01,SmartWatch,Light,1,100.0,100.0,Meta,cpc
ORD-6743,2023-11-13,SMW-01,SmartWatch,Light,3,100.0,300.0,Meta,cpc
ORD-6744,2023-11-13,SMW-01,SmartWatch,Light,1,100.0,100.0,Meta,cpc
ORD-6745,2023-11-13,SMW-01,SmartWatch,Light,1,100.0,100.0,Meta,cpc
ORD-6746,2023-11-13,SMW-01,SmartWatch,Light,2,100.0,200.0,Meta,cpc
ORD-6747,2023-11-13,SMW-01,SmartWatch,Light,2,100.0,200.0,Meta,cpc
ORD-6748,2023-11-13,SMW-01,SmartWatch,Light,3,100.0,300.0,Meta,cpc
ORD-6749,2023-11-13,SMW-01,SmartWatch,Light,3,100.0,300.0,Meta,cpc
ORD-6750,2023-11-13,SMW-01,SmartWatch,Light,1,100.0,100.0,Meta,cpc
ORD-6751,2023-11-13,SMW-01,SmartWatch,Light,3,100.0,300.0,Meta,cpc
ORD-6752,2023-11-13,SMW-01,SmartWatch,Light,2,100.0,200.0,Meta,cpc
ORD-6753,2023-11-13,SMW-01,SmartWatch,Light,2,100.0,200.0,Meta,cpc
ORD-6754,2023-11-13,SMW-01,SmartWatch,Light,1,100.0,100.0,Meta,cpc
ORD-6755,2023-11-13,SMW-01,SmartWatch,Light,2,100.0,200.0,Meta,cpc
ORD-6756,2023-11-13,SMW-01,SmartWatch,Light,2,100.0,200.0,Meta,cpc
ORD-6757,2023-11-13,SMW-01,SmartWatch,Light,2,100.0,200.0,Meta,cpc
ORD-6758,2023-11-13,SMW-01,SmartWatch,Light,2,100.0,200.0,Meta,cpc
ORD-6759,2023-11-13,SMW-01,SmartWatch,Light,2,100.0,200.0,Meta,cpc
ORD-6760,2023-11-13,SMW-01,SmartWatch,Light,1,100.0,100.0,Meta,cpc
ORD-6761,2023-11-13,SMW-01,SmartWatch,Light,3,100.0,300.0,Meta,cpc
ORD-6762,2023-11-13,SMW-01,SmartWatch,Light,1,100.0,100.0,Meta,cpc
ORD-6763,2023-11-13,SMW-01,SmartWatch,Light,1,100.0,100.0,Meta,cpc
ORD-6764,2023-11-13,SMW-01,SmartWatch,Light,1,100.0,100.0,Meta,cpc
ORD-6765,2023-11-13,SMW-01,SmartWatch,Light,3,100.0,300.0,Meta,cpc
ORD-6766,2023-11-13,SMW-01,SmartWatch,Light,2,100.0,200.0,Meta,cpc
ORD-6767,2023-11-13,SMW-01,SmartWatch,Light,3,100.0,300.0,Meta,cpc
ORD-6768,2023-11-13,SMW-01,SmartWatch,Light,1,100.0,100.0,Meta,cpc
ORD-6769,2023-11-13,SMW-01,SmartWatch,Light,3,100.0,300.0,Meta,cpc
ORD-6770,2023-11-13,SMW-01,SmartWatch,Light,1,100.0,100.0,Meta,cpc
ORD-6771,2023-11-13,SMW-01,SmartWatch,Light,2,100.0,200.0,Meta,cpc
ORD-6772,2023-11-13,SMW-01,SmartWatch,Light,1,100.0,100.0,Meta,cpc
ORD-6773,2023-11-13,SMW-01,SmartWatch,Light,2,100.0,200.0,Meta,cpc
ORD-6774,2023-11-13,SMW-01,SmartWatch,Light,1,100.0,100.0,Meta,cpc
ORD-6775,2023-11-13,SMW-01,SmartWatch,Light,1,100.0,100.0,Meta,cpc
ORD-6776,2023-11-13,SMW-01,SmartWatch,Light,3,100.0,300.0,Meta,cpc
ORD-6777,2023-11-13,SMW-01,SmartWatch,Light,2,100.0,200.0,Meta,cpc
ORD-6778,2023-11-13,SMW-01,SmartWatch,Light,1,100.0,100.0,Meta,cpc
ORD-6779,2023-11-13,SMW-01,SmartWatch,Light,2,100.0,200.0,Meta,cpc
ORD-6780,2023-11-13,SMW-01,SmartWatch,Light,3,100.0,300.0,Meta,cpc
ORD-6781,2023-11-13,SMW-01,SmartWatch,Light,2,100.0,200.0,Meta,cpc
ORD-6782,2023-11-13,SMW-01,SmartWatch,Light,3,100.0,300.0,Meta,cpc
ORD-6783,2023-11-13,SMW-01,SmartWatch,Light,3,100.0,300.0,Meta,cpc
ORD-6784,2023-11-13,SMW-01,SmartWatch,Light,2,100.0,200.0,Meta,cpc
ORD-6785,2023-11-13,SMW-01,SmartWatch,Light,2,100.0,200.0,Meta,cpc
ORD-6786,2023-11-13,SMW-01,SmartWatch,Light,1,100.0,100.0,Meta,cpc
ORD-6787,2023-11-13,SMW-01,SmartWatch,Light,3,100.0,300.0,Meta,cpc
ORD-6788,2023-11-13,SMW-01,SmartWatch,Light,2,100.0,200.0,Meta,cpc
ORD-6789,2023-11-13,SMW-01,SmartWatch,Light,3,100.0,300.0,Meta,cpc
ORD-6790,2023-11-13,SMW-01,SmartWatch,Light,1,100.0,100.0,Meta,cpc
ORD-6791,2023-11-13,SMW-01,SmartWatch,Light,2,100.0,200.0,Meta,cpc
ORD-6792,2023-11-13,SMW-01,SmartWatch,Light,2,100.0,200.0,Meta,cpc
ORD-6793,2023-11-14,SMW-01,SmartWatch,Light,3,100.0,300.0,Meta,cpc
ORD-6794,2023-11-14,SMW-01,SmartWatch,Light,2,100.0,200.0,Meta,cpc
ORD-6795,2023-11-14,SMW-01,SmartWatch,Light,2,100.0,200.0,Meta,cpc
ORD-6796,2023-11-14,SMW-01,SmartWatch,Light,3,100.0,300.0,Meta,cpc
ORD-6797,2023-11-14,SMW-01,SmartWatch,Light,1,100.0,100.0,Meta,cpc
ORD-6798,2023-11-14,SMW-01,SmartWatch,Light,2,100.0,200.0,Meta,cpc
ORD-6799,2023-11-14,SMW-01,SmartWatch,Light,1,100.0,100.0,Meta,cpc
ORD-6800,2023-11-14,SMW-01,SmartWatch,Light,3,100.0,300.0,Meta,cpc
ORD-6801,2023-11-14,SMW-01,SmartWatch,Light,3,100.0,300.0,Meta,cpc
ORD-6802,2023-11-14,SMW-01,SmartWatch,Light,1,100.0,100.0,Meta,cpc
ORD-6803,2023-11-14,SMW-01,SmartWatch,Light,2,100.0,200.0,Meta,cpc
ORD-6804,2023-11-14,SMW-01,SmartWatch,Light,2,100.0,200.0,Meta,cpc
ORD-6805,2023-11-14,SMW-01,SmartWatch,Light,3,100.0,300.0,Meta,cpc
ORD-6806,2023-11-14,SMW-01,SmartWatch,Light,3,100.0,300.0,Meta,cpc
ORD-6807,2023-11-14,SMW-01,SmartWatch,Light,2,100.0,200.0,Meta,cpc
ORD-6808,2023-11-14,SMW-01,SmartWatch,Light,1,100.0,100.0,Meta,cpc
ORD-6809,2023-11-14,SMW-01,SmartWatch,Light,3,100.0,300.0,Meta,cpc
ORD-6810,2023-11-14,SMW-01,SmartWatch,Light,2,100.0,200.0,Meta,cpc
ORD-6811,2023-11-14,SMW-01,SmartWatch,Light,2,100.0,200.0,Meta,cpc
ORD-6812,2023-11-14,SMW-01,SmartWatch,Light,2,100.0,200.0,Meta,cpc
ORD-6813,2023-11-14,SMW-01,SmartWatch,Light,1,100.0,100.0,Meta,cpc
ORD-6814,2023-11-14,SMW-01,SmartWatch,Light,2,100.0,200.0,Meta,cpc
ORD-6815,2023-11-14,SMW-01,SmartWatch,Light,3,100.0,300.0,Meta,cpc
ORD-6816,2023-11-14,SMW-01,SmartWatch,Light,1,100.0,100.0,Meta,cpc
ORD-6817,2023-11-14,SMW-01,SmartWatch,Light,3,100.0,300.0,Meta,cpc
ORD-6818,2023-11-14,SMW-01,SmartWatch,Light,1,100.0,100.0,Meta,cpc
ORD-6819,2023-11-14,SMW-01,SmartWatch,Light,2,100.0,200.0,Meta,cpc
ORD-6820,2023-11-14,SMW-01,SmartWatch,Light,2,100.0,200.0,Meta,cpc
ORD-6821,2023-11-14,SMW-01,SmartWatch,Light,1,100.0,100.0,Meta,cpc
ORD-6822,2023-11-14,SMW-01,SmartWatch,Light,2,100.0,200.0,Meta,cpc
ORD-6823,2023-11-14,SMW-01,SmartWatch,Light,3,100.0,300.0,Meta,cpc
ORD-6824,2023-11-14,SMW-01,SmartWatch,Light,2,100.0,200.0,Meta,cpc
ORD-6825,2023-11-14,SMW-01,SmartWatch,Light,1,100.0,100.0,Meta,cpc
ORD-6826,2023-11-14,SMW-01,SmartWatch,Light,3,100.0,300.0,Meta,cpc
ORD-6827,2023-11-14,SMW-01,SmartWatch,Light,3,100.0,300.0,Meta,cpc
ORD-6828,2023-11-14,SMW-01,SmartWatch,Light,1,100.0,100.0,Meta,cpc
ORD-6829,2023-11-14,SMW-01,SmartWatch,Light,3,100.0,300.0,Meta,cpc
ORD-6830,2023-11-14,SMW-01,SmartWatch,Light,3,100.0,300.0,Meta,cpc
ORD-6831,2023-11-14,SMW-01,SmartWatch,Light,1,100.0,100.0,Meta,cpc
ORD-6832,2023-11-14,SMW-01,SmartWatch,Light,3,100.0,300.0,Meta,cpc
ORD-6833,2023-11-14,SMW-01,SmartWatch,Light,2,100.0,200.0,Meta,cpc
ORD-6834,2023-11-14,SMW-01,SmartWatch,Light,2,100.0,200.0,Meta,cpc
ORD-6835,2023-11-14,SMW-01,SmartWatch,Light,1,100.0,100.0,Meta,cpc
ORD-6836,2023-11-14,SMW-01,SmartWatch,Light,3,100.0,300.0,Meta,cpc
ORD-6837,2023-11-14,SMW-01,SmartWatch,Light,3,100.0,300.0,Meta,cpc
ORD-6838,2023-11-14,SMW-01,SmartWatch,Light,2,100.0,200.0,Meta,cpc
ORD-6839,2023-11-14,SMW-01,SmartWatch,Light,2,100.0,200.0,Meta,cpc
ORD-6840,2023-11-14,SMW-01,SmartWatch,Light,1,100.0,100.0,Meta,cpc
ORD-6841,2023-11-14,SMW-01,SmartWatch,Light,2,100.0,200.0,Meta,cpc
ORD-6842,2023-11-14,SMW-01,SmartWatch,Light,1,100.0,100.0,Meta,cpc
ORD-6843,2023-11-14,SMW-01,SmartWatch,Light,3,100.0,300.0,Meta,cpc
ORD-6844,2023-11-14,SMW-01,SmartWatch,Light,2,100.0,200.0,Meta,cpc
ORD-6845,2023-11-14,SMW-01,SmartWatch,Light,3,100.0,300.0,Meta,cpc
ORD-6846,2023-11-14,SMW-01,SmartWatch,Light,2,100.0,200.0,Meta,cpc
ORD-6847,2023-11-14,SMW-01,SmartWatch,Light,2,100.0,200.0,Meta,cpc
ORD-6848,2023-11-14,SMW-01,SmartWatch,Light,3,100.0,300.0,Meta,cpc
ORD-6849,2023-11-14,SMW-01,SmartWatch,Light,2,100.0,200.0,Meta,cpc
ORD-6850,2023-11-15,SMW-01,SmartWatch,Light,2,100.0,200.0,Meta,cpc
ORD-6851,2023-11-15,SMW-01,SmartWatch,Light,1,100.0,100.0,Meta,cpc
ORD-6852,2023-11-15,SMW-01,SmartWatch,Light,2,100.0,200.0,Meta,cpc
ORD-6853,2023-11-15,SMW-01,SmartWatch,Light,2,100.0,200.0,Meta,cpc
ORD-6854,2023-11-15,SMW-01,SmartWatch,Light,2,100.0,200.0,Meta,cpc
ORD-6855,2023-11-15,SMW-01,SmartWatch,Light,3,100.0,300.0,Meta,cpc
ORD-6856,2023-11-15,SMW-01,SmartWatch,Light,3,100.0,300.0,Meta,cpc
ORD-6857,2023-11-15,SMW-01,SmartWatch,Light,2,100.0,200.0,Meta,cpc
ORD-6858,2023-11-15,SMW-01,SmartWatch,Light,3,100.0,300.0,Meta,cpc
ORD-6859,2023-11-15,SMW-01,SmartWatch,Light,3,100.0,300.0,Meta,cpc
ORD-6860,2023-11-15,SMW-01,SmartWatch,Light,1,100.0,100.0,Meta,cpc
ORD-6861,2023-11-15,SMW-01,SmartWatch,Light,1,100.0,100.0,Meta,cpc
ORD-6862,2023-11-15,SMW-01,SmartWatch,Light,3,100.0,300.0,Meta,cpc
ORD-6863,2023-11-15,SMW-01,SmartWatch,Light,3,100.0,300.0,Meta,cpc
ORD-6864,2023-11-15,SMW-01,SmartWatch,Light,3,100.0,300.0,Meta,cpc
ORD-6865,2023-11-15,SMW-01,SmartWatch,Light,1,100.0,100.0,Meta,cpc
ORD-6866,2023-11-15,SMW-01,SmartWatch,Light,3,100.0,300.0,Meta,cpc
ORD-6867,2023-11-15,SMW-01,SmartWatch,Light,2,100.0,200.0,Meta,cpc
ORD-6868,2023-11-15,SMW-01,SmartWatch,Light,1,100.0,100.0,Meta,cpc
ORD-6869,2023-11-15,SMW-01,SmartWatch,Light,3,100.0,300.0,Meta,cpc
ORD-6870,2023-11-15,SMW-01,SmartWatch,Light,3,100.0,300.0,Meta,cpc
ORD-6871,2023-11-15,SMW-01,SmartWatch,Light,2,100.0,200.0,Meta,cpc
ORD-6872,2023-11-15,SMW-01,SmartWatch,Light,2,100.0,200.0,Meta,cpc
ORD-6873,2023-11-15,SMW-01,SmartWatch,Light,3,100.0,300.0,Meta,cpc
ORD-6874,2023-11-15,SMW-01,SmartWatch,Light,3,100.0,300.0,Meta,cpc
ORD-6875,2023-11-15,SMW-01,SmartWatch,Light,3,100.0,300.0,Meta,cpc
ORD-6876,2023-11-15,SMW-01,SmartWatch,Light,2,100.0,200.0,Meta,cpc
ORD-6877,2023-11-15,SMW-01,SmartWatch,Light,3,100.0,300.0,Meta,cpc
ORD-6878,2023-11-15,SMW-01,SmartWatch,Light,3,100.0,300.0,Meta,cpc
ORD-6879,2023-11-15,SMW-01,SmartWatch,Light,3,100.0,300.0,Meta,cpc
ORD-6880,2023-11-15,SMW-01,SmartWatch,Light,1,100.0,100.0,Meta,cpc
ORD-6881,2023-11-15,SMW-01,SmartWatch,Light,3,100.0,300.0,Meta,cpc
ORD-6882,2023-11-15,SMW-01,SmartWatch,Light,1,100.0,100.0,Meta,cpc
ORD-6883,2023-11-15,SMW-01,SmartWatch,Light,2,100.0,200.0,Meta,cpc
ORD-6884,2023-11-15,SMW-01,SmartWatch,Light,2,100.0,200.0,Meta,cpc
ORD-6885,2023-11-15,SMW-01,SmartWatch,Light,1,100.0,100.0,Meta,cpc
ORD-6886,2023-11-15,SMW-01,SmartWatch,Light,1,100.0,100.0,Meta,cpc
ORD-6887,2023-11-15,SMW-01,SmartWatch,Light,1,100.0,100.0,Meta,cpc
ORD-6888,2023-11-15,SMW-01,SmartWatch,Light,3,100.0,300.0,Meta,cpc
ORD-6889,2023-11-15,SMW-01,SmartWatch,Light,3,100.0,300.0,Meta,cpc
ORD-6890,2023-11-15,SMW-01,SmartWatch,Light,2,100.0,200.0,Meta,cpc
ORD-6891,2023-11-15,SMW-01,SmartWatch,Light,2,100.0,200.0,Meta,cpc
ORD-6892,2023-11-15,SMW-01,SmartWatch,Light,2,100.0,200.0,Meta,cpc
ORD-6893,2023-11-15,SMW-01,SmartWatch,Light,2,100.0,200.0,Meta,cpc
ORD-6894,2023-11-15,SMW-01,SmartWatch,Light,1,100.0,100.0,Meta,cpc
ORD-6895,2023-11-15,SMW-01,SmartWatch,Light,3,100.0,300.0,Meta,cpc
ORD-6896,2023-11-15,SMW-01,SmartWatch,Light,1,100.0,100.0,Meta,cpc
ORD-6897,2023-11-15,SMW-01,SmartWatch,Light,2,100.0,200.0,Meta,cpc
ORD-6898,2023-11-15,SMW-01,SmartWatch,Light,2,100.0,200.0,Meta,cpc
ORD-6899,2023-11-15,SMW-01,SmartWatch,Light,2,100.0,200.0,Meta,cpc
ORD-6900,2023-11-15,SMW-01,SmartWatch,Light,3,100.0,300.0,Meta,cpc
ORD-6901,2023-11-15,SMW-01,SmartWatch,Light,1,100.0,100.0,Meta,cpc
ORD-6902,2023-11-15,SMW-01,SmartWatch,Light,2,100.0,200.0,Meta,cpc
ORD-6903,2023-11-15,SMW-01,SmartWatch,Light,3,100.0,300.0,Meta,cpc
ORD-6904,2023-11-15,SMW-01,SmartWatch,Light,3,100.0,300.0,Meta,cpc
ORD-6905,2023-11-15,SMW-01,SmartWatch,Light,1,100.0,100.0,Meta,cpc
ORD-6906,2023-11-15,SMW-01,SmartWatch,Light,2,100.0,200.0,Meta,cpc
ORD-6907,2023-11-15,SMW-01,SmartWatch,Light,1,100.0,100.0,Meta,cpc
ORD-6908,2023-11-15,SMW-01,SmartWatch,Light,1,100.0,100.0,Meta,cpc
ORD-6909,2023-11-15,SMW-01,SmartWatch,Light,1,100.0,100.0,Meta,cpc
ORD-6910,2023-11-15,SMW-01,SmartWatch,Light,1,100.0,100.0,Meta,cpc
ORD-6911,2023-11-15,SMW-01,SmartWatch,Light,1,100.0,100.0,Meta,cpc
ORD-6912,2023-11-15,SMW-01,SmartWatch,Light,1,100.0,100.0,Meta,cpc
ORD-6913,2023-11-16,SMW-01,SmartWatch,Light,2,100.0,200.0,Meta,cpc
ORD-6914,2023-11-16,SMW-01,SmartWatch,Light,2,100.0,200.0,Meta,cpc
ORD-6915,2023-11-16,SMW-01,SmartWatch,Light,2,100.0,200.0,Meta,cpc
ORD-6916,2023-11-16,SMW-01,SmartWatch,Light,3,100.0,300.0,Meta,cpc
ORD-6917,2023-11-16,SMW-01,SmartWatch,Light,2,100.0,200.0,Meta,cpc
ORD-6918,2023-11-16,SMW-01,SmartWatch,Light,2,100.0,200.0,Meta,cpc
ORD-6919,2023-11-16,SMW-01,SmartWatch,Light,3,100.0,300.0,Meta,cpc
ORD-6920,2023-11-16,SMW-01,SmartWatch,Light,1,100.0,100.0,Meta,cpc
ORD-6921,2023-11-16,SMW-01,SmartWatch,Light,1,100.0,100.0,Meta,cpc
ORD-6922,2023-11-16,SMW-01,SmartWatch,Light,1,100.0,100.0,Meta,cpc
ORD-6923,2023-11-16,SMW-01,SmartWatch,Light,2,100.0,200.0,Meta,cpc
ORD-6924,2023-11-16,SMW-01,SmartWatch,Light,1,100.0,100.0,Meta,cpc
ORD-6925,2023-11-16,SMW-01,SmartWatch,Light,1,100.0,100.0,Meta,cpc
ORD-6926,2023-11-16,SMW-01,SmartWatch,Light,2,100.0,200.0,Meta,cpc
ORD-6927,2023-11-16,SMW-01,SmartWatch,Light,2,100.0,200.0,Meta,cpc
ORD-6928,2023-11-16,SMW-01,SmartWatch,Light,3,100.0,300.0,Meta,cpc
ORD-6929,2023-11-16,SMW-01,SmartWatch,Light,3,100.0,300.0,Meta,cpc
ORD-6930,2023-11-16,SMW-01,SmartWatch,Light,1,100.0,100.0,Meta,cpc
ORD-6931,2023-11-16,SMW-01,SmartWatch,Light,3,100.0,300.0,Meta,cpc
ORD-6932,2023-11-16,SMW-01,SmartWatch,Light,1,100.0,100.0,Meta,cpc
ORD-6933,2023-11-16,SMW-01,SmartWatch,Light,3,100.0,300.0,Meta,cpc
ORD-6934,2023-11-16,SMW-01,SmartWatch,Light,2,100.0,200.0,Meta,cpc
ORD-6935,2023-11-16,SMW-01,SmartWatch,Light,1,100.0,100.0,Meta,cpc
ORD-6936,2023-11-16,SMW-01,SmartWatch,Light,1,100.0,100.0,Meta,cpc
ORD-6937,2023-11-16,SMW-01,SmartWatch,Light,1,100.0,100.0,Meta,cpc
ORD-6938,2023-11-16,SMW-01,SmartWatch,Light,2,100.0,200.0,Meta,cpc
ORD-6939,2023-11-16,SMW-01,SmartWatch,Light,3,100.0,300.0,Meta,cpc
ORD-6940,2023-11-16,SMW-01,SmartWatch,Light,2,100.0,200.0,Meta,cpc
ORD-6941,2023-11-16,SMW-01,SmartWatch,Light,1,100.0,100.0,Meta,cpc
ORD-6942,2023-11-16,SMW-01,SmartWatch,Light,2,100.0,200.0,Meta,cpc
ORD-6943,2023-11-16,SMW-01,SmartWatch,Light,2,100.0,200.0,Meta,cpc
ORD-6944,2023-11-16,SMW-01,SmartWatch,Light,3,100.0,300.0,Meta,cpc
ORD-6945,2023-11-16,SMW-01,SmartWatch,Light,3,100.0,300.0,Meta,cpc
ORD-6946,2023-11-16,SMW-01,SmartWatch,Light,1,100.0,100.0,Meta,cpc
ORD-6947,2023-11-16,SMW-01,SmartWatch,Light,2,100.0,200.0,Meta,cpc
ORD-6948,2023-11-16,SMW-01,SmartWatch,Light,3,100.0,300.0,Meta,cpc
ORD-6949,2023-11-16,SMW-01,SmartWatch,Light,1,100.0,100.0,Meta,cpc
ORD-6950,2023-11-16,SMW-01,SmartWatch,Light,1,100.0,100.0,Meta,cpc
ORD-6951,2023-11-16,SMW-01,SmartWatch,Light,1,100.0,100.0,Meta,cpc
ORD-6952,2023-11-16,SMW-01,SmartWatch,Light,3,100.0,300.0,Meta,cpc
ORD-6953,2023-11-16,SMW-01,SmartWatch,Light,3,100.0,300.0,Meta,cpc
ORD-6954,2023-11-16,SMW-01,SmartWatch,Light,3,100.0,300.0,Meta,cpc
ORD-6955,2023-11-16,SMW-01,SmartWatch,Light,1,100.0,100.0,Meta,cpc
ORD-6956,2023-11-16,SMW-01,SmartWatch,Light,3,100.0,300.0,Meta,cpc
ORD-6957,2023-11-16,SMW-01,SmartWatch,Light,3,100.0,300.0,Meta,cpc
ORD-6958,2023-11-16,SMW-01,SmartWatch,Light,3,100.0,300.0,Meta,cpc
ORD-6959,2023-11-16,SMW-01,SmartWatch,Light,3,100.0,300.0,Meta,cpc
ORD-6960,2023-11-16,SMW-01,SmartWatch,Light,2,100.0,200.0,Meta,cpc
ORD-6961,2023-11-16,SMW-01,SmartWatch,Light,2,100.0,200.0,Meta,cpc
ORD-6962,2023-11-16,SMW-01,SmartWatch,Light,1,100.0,100.0,Meta,cpc
ORD-6963,2023-11-16,SMW-01,SmartWatch,Light,1,100.0,100.0,Meta,cpc
ORD-6964,2023-11-16,SMW-01,SmartWatch,Light,3,100.0,300.0,Meta,cpc
ORD-6965,2023-11-16,SMW-01,SmartWatch,Light,1,100.0,100.0,Meta,cpc
ORD-6966,2023-11-16,SMW-01,SmartWatch,Light,2,100.0,200.0,Meta,cpc
ORD-6967,2023-11-16,SMW-01,SmartWatch,Light,2,100.0,200.0,Meta,cpc
ORD-6968,2023-11-16,SMW-01,SmartWatch,Light,3,100.0,300.0,Meta,cpc
ORD-6969,2023-11-16,SMW-01,SmartWatch,Light,3,100.0,300.0,Meta,cpc
ORD-6970,2023-11-16,SMW-01,SmartWatch,Light,2,100.0,200.0,Meta,cpc
ORD-6971,2023-11-16,SMW-01,SmartWatch,Light,3,100.0,300.0,Meta,cpc
ORD-6972,2023-11-16,SMW-01,SmartWatch,Light,3,100.0,300.0,Meta,cpc
ORD-6973,2023-11-16,SMW-01,SmartWatch,Light,1,100.0,100.0,Meta,cpc
ORD-6974,2023-11-16,SMW-01,SmartWatch,Light,2,100.0,200.0,Meta,cpc
ORD-6975,2023-11-17,SMW-01,SmartWatch,Light,1,100.0,100.0,Meta,cpc
ORD-6976,2023-11-17,SMW-01,SmartWatch,Light,1,100.0,100.0,Meta,cpc
ORD-6977,2023-11-17,SMW-01,SmartWatch,Light,1,100.0,100.0,Meta,cpc
ORD-6978,2023-11-17,SMW-01,SmartWatch,Light,1,100.0,100.0,Meta,cpc
ORD-6979,2023-11-17,SMW-01,SmartWatch,Light,1,100.0,100.0,Meta,cpc
ORD-6980,2023-11-17,SMW-01,SmartWatch,Light,2,100.0,200.0,Meta,cpc
ORD-6981,2023-11-17,SMW-01,SmartWatch,Light,2,100.0,200.0,Meta,cpc
ORD-6982,2023-11-17,SMW-01,SmartWatch,Light,2,100.0,200.0,Meta,cpc
ORD-6983,2023-11-17,SMW-01,SmartWatch,Light,2,100.0,200.0,Meta,cpc
ORD-6984,2023-11-17,SMW-01,SmartWatch,Light,3,100.0,300.0,Meta,cpc
ORD-6985,2023-11-17,SMW-01,SmartWatch,Light,1,100.0,100.0,Meta,cpc
ORD-6986,2023-11-17,SMW-01,SmartWatch,Light,2,100.0,200.0,Meta,cpc
ORD-6987,2023-11-17,SMW-01,SmartWatch,Light,3,100.0,300.0,Meta,cpc
ORD-6988,2023-11-17,SMW-01,SmartWatch,Light,2,100.0,200.0,Meta,cpc
ORD-6989,2023-11-17,SMW-01,SmartWatch,Light,3,100.0,300.0,Meta,cpc
ORD-6990,2023-11-17,SMW-01,SmartWatch,Light,1,100.0,100.0,Meta,cpc
ORD-6991,2023-11-17,SMW-01,SmartWatch,Light,2,100.0,200.0,Meta,cpc
ORD-6992,2023-11-17,SMW-01,SmartWatch,Light,3,100.0,300.0,Meta,cpc
ORD-6993,2023-11-17,SMW-01,SmartWatch,Light,2,100.0,200.0,Meta,cpc
ORD-6994,2023-11-17,SMW-01,SmartWatch,Light,2,100.0,200.0,Meta,cpc
ORD-6995,2023-11-17,SMW-01,SmartWatch,Light,3,100.0,300.0,Meta,cpc
ORD-6996,2023-11-17,SMW-01,SmartWatch,Light,1,100.0,100.0,Meta,cpc
ORD-6997,2023-11-17,SMW-01,SmartWatch,Light,2,100.0,200.0,Meta,cpc
ORD-6998,2023-11-17,SMW-01,SmartWatch,Light,1,100.0,100.0,Meta,cpc
ORD-6999,2023-11-17,SMW-01,SmartWatch,Light,2,100.0,200.0,Meta,cpc
ORD-7000,2023-11-17,SMW-01,SmartWatch,Light,2,100.0,200.0,Meta,cpc
ORD-7001,2023-11-17,SMW-01,SmartWatch,Light,3,100.0,300.0,Meta,cpc
ORD-7002,2023-11-17,SMW-01,SmartWatch,Light,2,100.0,200.0,Meta,cpc
ORD-7003,2023-11-17,SMW-01,SmartWatch,Light,2,100.0,200.0,Meta,cpc
ORD-7004,2023-11-17,SMW-01,SmartWatch,Light,1,100.0,100.0,Meta,cpc
ORD-7005,2023-11-17,SMW-01,SmartWatch,Light,3,100.0,300.0,Meta,cpc
ORD-7006,2023-11-17,SMW-01,SmartWatch,Light,3,100.0,300.0,Meta,cpc
ORD-7007,2023-11-17,SMW-01,SmartWatch,Light,1,100.0,100.0,Meta,cpc
ORD-7008,2023-11-17,SMW-01,SmartWatch,Light,3,100.0,300.0,Meta,cpc
ORD-7009,2023-11-17,SMW-01,SmartWatch,Light,3,100.0,300.0,Meta,cpc
ORD-7010,2023-11-17,SMW-01,SmartWatch,Light,1,100.0,100.0,Meta,cpc
ORD-7011,2023-11-17,SMW-01,SmartWatch,Light,3,100.0,300.0,Meta,cpc
ORD-7012,2023-11-17,SMW-01,SmartWatch,Light,3,100.0,300.0,Meta,cpc
ORD-7013,2023-11-17,SMW-01,SmartWatch,Light,1,100.0,100.0,Meta,cpc
ORD-7014,2023-11-17,SMW-01,SmartWatch,Light,2,100.0,200.0,Meta,cpc
ORD-7015,2023-11-17,SMW-01,SmartWatch,Light,3,100.0,300.0,Meta,cpc
ORD-7016,2023-11-17,SMW-01,SmartWatch,Light,2,100.0,200.0,Meta,cpc
ORD-7017,2023-11-17,SMW-01,SmartWatch,Light,2,100.0,200.0,Meta,cpc
ORD-7018,2023-11-17,SMW-01,SmartWatch,Light,3,100.0,300.0,Meta,cpc
ORD-7019,2023-11-17,SMW-01,SmartWatch,Light,3,100.0,300.0,Meta,cpc
ORD-7020,2023-11-17,SMW-01,SmartWatch,Light,2,100.0,200.0,Meta,cpc
ORD-7021,2023-11-17,SMW-01,SmartWatch,Light,3,100.0,300.0,Meta,cpc
ORD-7022,2023-11-17,SMW-01,SmartWatch,Light,1,100.0,100.0,Meta,cpc
ORD-7023,2023-11-17,SMW-01,SmartWatch,Light,3,100.0,300.0,Meta,cpc
ORD-7024,2023-11-17,SMW-01,SmartWatch,Light,1,100.0,100.0,Meta,cpc
ORD-7025,2023-11-17,SMW-01,SmartWatch,Light,2,100.0,200.0,Meta,cpc
ORD-7026,2023-11-17,SMW-01,SmartWatch,Light,2,100.0,200.0,Meta,cpc
ORD-7027,2023-11-17,SMW-01,SmartWatch,Light,1,100.0,100.0,Meta,cpc
ORD-7028,2023-11-17,SMW-01,SmartWatch,Light,2,100.0,200.0,Meta,cpc
ORD-7029,2023-11-17,SMW-01,SmartWatch,Light,2,100.0,200.0,Meta,cpc
ORD-7030,2023-11-17,SMW-01,SmartWatch,Light,2,100.0,200.0,Meta,cpc
ORD-7031,2023-11-17,SMW-01,SmartWatch,Light,1,100.0,100.0,Meta,cpc
ORD-7032,2023-11-17,SMW-01,SmartWatch,Light,1,100.0,100.0,Meta,cpc
ORD-7033,2023-11-17,SMW-01,SmartWatch,Light,2,100.0,200.0,Meta,cpc
ORD-7034,2023-11-17,SMW-01,SmartWatch,Light,1,100.0,100.0,Meta,cpc
ORD-7035,2023-11-17,SMW-01,SmartWatch,Light,1,100.0,100.0,Meta,cpc
ORD-7036,2023-11-17,SMW-01,SmartWatch,Light,2,100.0,200.0,Meta,cpc
ORD-7037,2023-11-17,SMW-01,SmartWatch,Light,3,100.0,300.0,Meta,cpc
ORD-7038,2023-11-17,SMW-01,SmartWatch,Light,2,100.0,200.0,Meta,cpc
ORD-7039,2023-11-17,SMW-01,SmartWatch,Light,3,100.0,300.0,Meta,cpc
ORD-7040,2023-11-17,SMW-01,SmartWatch,Light,2,100.0,200.0,Meta,cpc
ORD-7041,2023-11-18,SMW-01,SmartWatch,Light,1,100.0,100.0,Meta,cpc
ORD-7042,2023-11-18,SMW-01,SmartWatch,Light,2,100.0,200.0,Meta,cpc
ORD-7043,2023-11-18,SMW-01,SmartWatch,Light,1,100.0,100.0,Meta,cpc
ORD-7044,2023-11-18,SMW-01,SmartWatch,Light,2,100.0,200.0,Meta,cpc
ORD-7045,2023-11-18,SMW-01,SmartWatch,Light,2,100.0,200.0,Meta,cpc
ORD-7046,2023-11-18,SMW-01,SmartWatch,Light,3,100.0,300.0,Meta,cpc
ORD-7047,2023-11-18,SMW-01,SmartWatch,Light,2,100.0,200.0,Meta,cpc
ORD-7048,2023-11-18,SMW-01,SmartWatch,Light,2,100.0,200.0,Meta,cpc
ORD-7049,2023-11-18,SMW-01,SmartWatch,Light,3,100.0,300.0,Meta,cpc
ORD-7050,2023-11-18,SMW-01,SmartWatch,Light,2,100.0,200.0,Meta,cpc
ORD-7051,2023-11-18,SMW-01,SmartWatch,Light,1,100.0,100.0,Meta,cpc
ORD-7052,2023-11-18,SMW-01,SmartWatch,Light,1,100.0,100.0,Meta,cpc
ORD-7053,2023-11-18,SMW-01,SmartWatch,Light,3,100.0,300.0,Meta,cpc
ORD-7054,2023-11-18,SMW-01,SmartWatch,Light,2,100.0,200.0,Meta,cpc
ORD-7055,2023-11-18,SMW-01,SmartWatch,Light,3,100.0,300.0,Meta,cpc
ORD-7056,2023-11-18,SMW-01,SmartWatch,Light,1,100.0,100.0,Meta,cpc
ORD-7057,2023-11-18,SMW-01,SmartWatch,Light,2,100.0,200.0,Meta,cpc
ORD-7058,2023-11-18,SMW-01,SmartWatch,Light,2,100.0,200.0,Meta,cpc
ORD-7059,2023-11-18,SMW-01,SmartWatch,Light,3,100.0,300.0,Meta,cpc
ORD-7060,2023-11-18,SMW-01,SmartWatch,Light,3,100.0,300.0,Meta,cpc
ORD-7061,2023-11-18,SMW-01,SmartWatch,Light,3,100.0,300.0,Meta,cpc
ORD-7062,2023-11-18,SMW-01,SmartWatch,Light,3,100.0,300.0,Meta,cpc
ORD-7063,2023-11-18,SMW-01,SmartWatch,Light,2,100.0,200.0,Meta,cpc
ORD-7064,2023-11-18,SMW-01,SmartWatch,Light,2,100.0,200.0,Meta,cpc
ORD-7065,2023-11-18,SMW-01,SmartWatch,Light,3,100.0,300.0,Meta,cpc
ORD-7066,2023-11-18,SMW-01,SmartWatch,Light,1,100.0,100.0,Meta,cpc
ORD-7067,2023-11-18,SMW-01,SmartWatch,Light,1,100.0,100.0,Meta,cpc
ORD-7068,2023-11-18,SMW-01,SmartWatch,Light,3,100.0,300.0,Meta,cpc
ORD-7069,2023-11-18,SMW-01,SmartWatch,Light,3,100.0,300.0,Meta,cpc
ORD-7070,2023-11-18,SMW-01,SmartWatch,Light,1,100.0,100.0,Meta,cpc
ORD-7071,2023-11-18,SMW-01,SmartWatch,Light,3,100.0,300.0,Meta,cpc
ORD-7072,2023-11-18,SMW-01,SmartWatch,Light,2,100.0,200.0,Meta,cpc
ORD-7073,2023-11-18,SMW-01,SmartWatch,Light,3,100.0,300.0,Meta,cpc
ORD-7074,2023-11-18,SMW-01,SmartWatch,Light,1,100.0,100.0,Meta,cpc
ORD-7075,2023-11-18,SMW-01,SmartWatch,Light,1,100.0,100.0,Meta,cpc
ORD-7076,2023-11-18,SMW-01,SmartWatch,Light,2,100.0,200.0,Meta,cpc
ORD-7077,2023-11-18,SMW-01,SmartWatch,Light,1,100.0,100.0,Meta,cpc
ORD-7078,2023-11-18,SMW-01,SmartWatch,Light,3,100.0,300.0,Meta,cpc
ORD-7079,2023-11-18,SMW-01,SmartWatch,Light,2,100.0,200.0,Meta,cpc
ORD-7080,2023-11-18,SMW-01,SmartWatch,Light,2,100.0,200.0,Meta,cpc
ORD-7081,2023-11-18,SMW-01,SmartWatch,Light,3,100.0,300.0,Meta,cpc
ORD-7082,2023-11-18,SMW-01,SmartWatch,Light,1,100.0,100.0,Meta,cpc
ORD-7083,2023-11-18,SMW-01,SmartWatch,Light,1,100.0,100.0,Meta,cpc
ORD-7084,2023-11-18,SMW-01,SmartWatch,Light,1,100.0,100.0,Meta,cpc
ORD-7085,2023-11-18,SMW-01,SmartWatch,Light,1,100.0,100.0,Meta,cpc
ORD-7086,2023-11-18,SMW-01,SmartWatch,Light,3,100.0,300.0,Meta,cpc
ORD-7087,2023-11-18,SMW-01,SmartWatch,Light,3,100.0,300.0,Meta,cpc
ORD-7088,2023-11-18,SMW-01,SmartWatch,Light,3,100.0,300.0,Meta,cpc
ORD-7089,2023-11-18,SMW-01,SmartWatch,Light,1,100.0,100.0,Meta,cpc
ORD-7090,2023-11-18,SMW-01,SmartWatch,Light,3,100.0,300.0,Meta,cpc
ORD-7091,2023-11-18,SMW-01,SmartWatch,Light,3,100.0,300.0,Meta,cpc
ORD-7092,2023-11-18,SMW-01,SmartWatch,Light,2,100.0,200.0,Meta,cpc
ORD-7093,2023-11-18,SMW-01,SmartWatch,Light,2,100.0,200.0,Meta,cpc
ORD-7094,2023-11-18,SMW-01,SmartWatch,Light,2,100.0,200.0,Meta,cpc
ORD-7095,2023-11-18,SMW-01,SmartWatch,Light,2,100.0,200.0,Meta,cpc
ORD-7096,2023-11-18,SMW-01,SmartWatch,Light,3,100.0,300.0,Meta,cpc
ORD-7097,2023-11-18,SMW-01,SmartWatch,Light,1,100.0,100.0,Meta,cpc
ORD-7098,2023-11-18,SMW-01,SmartWatch,Light,2,100.0,200.0,Meta,cpc
ORD-7099,2023-11-18,SMW-01,SmartWatch,Light,1,100.0,100.0,Meta,cpc
ORD-7100,2023-11-18,SMW-01,SmartWatch,Light,3,100.0,300.0,Meta,cpc
ORD-7101,2023-11-18,SMW-01,SmartWatch,Light,3,100.0,300.0,Meta,cpc
ORD-7102,2023-11-18,SMW-01,SmartWatch,Light,2,100.0,200.0,Meta,cpc
ORD-7103,2023-11-18,SMW-01,SmartWatch,Light,2,100.0,200.0,Meta,cpc
ORD-7104,2023-11-18,SMW-01,SmartWatch,Light,1,100.0,100.0,Meta,cpc
ORD-7105,2023-11-18,SMW-01,SmartWatch,Light,1,100.0,100.0,Meta,cpc
ORD-7106,2023-11-18,SMW-01,SmartWatch,Light,2,100.0,200.0,Meta,cpc
ORD-7107,2023-11-18,SMW-01,SmartWatch,Light,2,100.0,200.0,Meta,cpc
ORD-7108,2023-11-18,SMW-01,SmartWatch,Light,1,100.0,100.0,Meta,cpc
ORD-7109,2023-11-19,SMW-01,SmartWatch,Light,2,100.0,200.0,Meta,cpc
ORD-7110,2023-11-19,SMW-01,SmartWatch,Light,2,100.0,200.0,Meta,cpc
ORD-7111,2023-11-19,SMW-01,SmartWatch,Light,3,100.0,300.0,Meta,cpc
ORD-7112,2023-11-19,SMW-01,SmartWatch,Light,1,100.0,100.0,Meta,cpc
ORD-7113,2023-11-19,SMW-01,SmartWatch,Light,1,100.0,100.0,Meta,cpc
ORD-7114,2023-11-19,SMW-01,SmartWatch,Light,1,100.0,100.0,Meta,cpc
ORD-7115,2023-11-19,SMW-01,SmartWatch,Light,3,100.0,300.0,Meta,cpc
ORD-7116,2023-11-19,SMW-01,SmartWatch,Light,3,100.0,300.0,Meta,cpc
ORD-7117,2023-11-19,SMW-01,SmartWatch,Light,3,100.0,300.0,Meta,cpc
ORD-7118,2023-11-19,SMW-01,SmartWatch,Light,3,100.0,300.0,Meta,cpc
ORD-7119,2023-11-19,SMW-01,SmartWatch,Light,1,100.0,100.0,Meta,cpc
ORD-7120,2023-11-19,SMW-01,SmartWatch,Light,1,100.0,100.0,Meta,cpc
ORD-7121,2023-11-19,SMW-01,SmartWatch,Light,2,100.0,200.0,Meta,cpc
ORD-7122,2023-11-19,SMW-01,SmartWatch,Light,1,100.0,100.0,Meta,cpc
ORD-7123,2023-11-19,SMW-01,SmartWatch,Light,2,100.0,200.0,Meta,cpc
ORD-7124,2023-11-19,SMW-01,SmartWatch,Light,3,100.0,300.0,Meta,cpc
ORD-7125,2023-11-19,SMW-01,SmartWatch,Light,1,100.0,100.0,Meta,cpc
ORD-7126,2023-11-19,SMW-01,SmartWatch,Light,1,100.0,100.0,Meta,cpc
ORD-7127,2023-11-19,SMW-01,SmartWatch,Light,2,100.0,200.0,Meta,cpc
ORD-7128,2023-11-19,SMW-01,SmartWatch,Light,3,100.0,300.0,Meta,cpc
ORD-7129,2023-11-19,SMW-01,SmartWatch,Light,2,100.0,200.0,Meta,cpc
ORD-7130,2023-11-19,SMW-01,SmartWatch,Light,3,100.0,300.0,Meta,cpc
ORD-7131,2023-11-19,SMW-01,SmartWatch,Light,2,100.0,200.0,Meta,cpc
ORD-7132,2023-11-19,SMW-01,SmartWatch,Light,1,100.0,100.0,Meta,cpc
ORD-7133,2023-11-19,SMW-01,SmartWatch,Light,1,100.0,100.0,Meta,cpc
ORD-7134,2023-11-19,SMW-01,SmartWatch,Light,2,100.0,200.0,Meta,cpc
ORD-7135,2023-11-19,SMW-01,SmartWatch,Light,1,100.0,100.0,Meta,cpc
ORD-7136,2023-11-19,SMW-01,SmartWatch,Light,3,100.0,300.0,Meta,cpc
ORD-7137,2023-11-19,SMW-01,SmartWatch,Light,1,100.0,100.0,Meta,cpc
ORD-7138,2023-11-19,SMW-01,SmartWatch,Light,1,100.0,100.0,Meta,cpc
ORD-7139,2023-11-19,SMW-01,SmartWatch,Light,3,100.0,300.0,Meta,cpc
ORD-7140,2023-11-19,SMW-01,SmartWatch,Light,3,100.0,300.0,Meta,cpc
ORD-7141,2023-11-19,SMW-01,SmartWatch,Light,2,100.0,200.0,Meta,cpc
ORD-7142,2023-11-19,SMW-01,SmartWatch,Light,2,100.0,200.0,Meta,cpc
ORD-7143,2023-11-19,SMW-01,SmartWatch,Light,3,100.0,300.0,Meta,cpc
ORD-7144,2023-11-19,SMW-01,SmartWatch,Light,2,100.0,200.0,Meta,cpc
ORD-7145,2023-11-19,SMW-01,SmartWatch,Light,1,100.0,100.0,Meta,cpc
ORD-7146,2023-11-19,SMW-01,SmartWatch,Light,1,100.0,100.0,Meta,cpc
ORD-7147,2023-11-19,SMW-01,SmartWatch,Light,3,100.0,300.0,Meta,cpc
ORD-7148,2023-11-19,SMW-01,SmartWatch,Light,1,100.0,100.0,Meta,cpc
ORD-7149,2023-11-19,SMW-01,SmartWatch,Light,1,100.0,100.0,Meta,cpc
ORD-7150,2023-11-19,SMW-01,SmartWatch,Light,2,100.0,200.0,Meta,cpc
ORD-7151,2023-11-19,SMW-01,SmartWatch,Light,2,100.0,200.0,Meta,cpc
ORD-7152,2023-11-19,SMW-01,SmartWatch,Light,3,100.0,300.0,Meta,cpc
ORD-7153,2023-11-19,SMW-01,SmartWatch,Light,2,100.0,200.0,Meta,cpc
ORD-7154,2023-11-19,SMW-01,SmartWatch,Light,2,100.0,200.0,Meta,cpc
ORD-7155,2023-11-19,SMW-01,SmartWatch,Light,1,100.0,100.0,Meta,cpc
ORD-7156,2023-11-19,SMW-01,SmartWatch,Light,2,100.0,200.0,Meta,cpc
ORD-7157,2023-11-19,SMW-01,SmartWatch,Light,1,100.0,100.0,Meta,cpc
ORD-7158,2023-11-19,SMW-01,SmartWatch,Light,3,100.0,300.0,Meta,cpc
ORD-7159,2023-11-19,SMW-01,SmartWatch,Light,1,100.0,100.0,Meta,cpc
ORD-7160,2023-11-19,SMW-01,SmartWatch,Light,2,100.0,200.0,Meta,cpc
ORD-7161,2023-11-19,SMW-01,SmartWatch,Light,3,100.0,300.0,Meta,cpc
ORD-7162,2023-11-19,SMW-01,SmartWatch,Light,3,100.0,300.0,Meta,cpc
ORD-7163,2023-11-19,SMW-01,SmartWatch,Light,1,100.0,100.0,Meta,cpc
ORD-7164,2023-11-19,SMW-01,SmartWatch,Light,2,100.0,200.0,Meta,cpc
ORD-7165,2023-11-19,SMW-01,SmartWatch,Light,1,100.0,100.0,Meta,cpc
ORD-7166,2023-11-19,SMW-01,SmartWatch,Light,2,100.0,200.0,Meta,cpc
ORD-7167,2023-11-19,SMW-01,SmartWatch,Light,1,100.0,100.0,Meta,cpc
ORD-7168,2023-11-19,SMW-01,SmartWatch,Light,1,100.0,100.0,Meta,cpc
ORD-7169,2023-11-19,SMW-01,SmartWatch,Light,2,100.0,200.0,Meta,cpc
ORD-7170,2023-11-19,SMW-01,SmartWatch,Light,2,100.0,200.0,Meta,cpc
ORD-7171,2023-11-19,SMW-01,SmartWatch,Light,1,100.0,100.0,Meta,cpc
ORD-7172,2023-11-19,SMW-01,SmartWatch,Light,3,100.0,300.0,Meta,cpc
ORD-7173,2023-11-20,SMW-01,SmartWatch,Light,2,100.0,200.0,Meta,cpc
ORD-7174,2023-11-20,SMW-01,SmartWatch,Light,1,100.0,100.0,Meta,cpc
ORD-7175,2023-11-20,SMW-01,SmartWatch,Light,2,100.0,200.0,Meta,cpc
ORD-7176,2023-11-20,SMW-01,SmartWatch,Light,3,100.0,300.0,Meta,cpc
ORD-7177,2023-11-20,SMW-01,SmartWatch,Light,3,100.0,300.0,Meta,cpc
ORD-7178,2023-11-20,SMW-01,SmartWatch,Light,3,100.0,300.0,Meta,cpc
ORD-7179,2023-11-20,SMW-01,SmartWatch,Light,2,100.0,200.0,Meta,cpc
ORD-7180,2023-11-20,SMW-01,SmartWatch,Light,1,100.0,100.0,Meta,cpc
ORD-7181,2023-11-20,SMW-01,SmartWatch,Light,1,100.0,100.0,Meta,cpc
ORD-7182,2023-11-20,SMW-01,SmartWatch,Light,2,100.0,200.0,Meta,cpc
ORD-7183,2023-11-20,SMW-01,SmartWatch,Light,1,100.0,100.0,Meta,cpc
ORD-7184,2023-11-20,SMW-01,SmartWatch,Light,2,100.0,200.0,Meta,cpc
ORD-7185,2023-11-20,SMW-01,SmartWatch,Light,3,100.0,300.0,Meta,cpc
ORD-7186,2023-11-20,SMW-01,SmartWatch,Light,2,100.0,200.0,Meta,cpc
ORD-7187,2023-11-20,SMW-01,SmartWatch,Light,3,100.0,300.0,Meta,cpc
ORD-7188,2023-11-20,SMW-01,SmartWatch,Light,1,100.0,100.0,Meta,cpc
ORD-7189,2023-11-20,SMW-01,SmartWatch,Light,3,100.0,300.0,Meta,cpc
ORD-7190,2023-11-20,SMW-01,SmartWatch,Light,2,100.0,200.0,Meta,cpc
ORD-7191,2023-11-20,SMW-01,SmartWatch,Light,3,100.0,300.0,Meta,cpc
ORD-7192,2023-11-20,SMW-01,SmartWatch,Light,2,100.0,200.0,Meta,cpc
ORD-7193,2023-11-20,SMW-01,SmartWatch,Light,3,100.0,300.0,Meta,cpc
ORD-7194,2023-11-20,SMW-01,SmartWatch,Light,3,100.0,300.0,Meta,cpc
ORD-7195,2023-11-20,SMW-01,SmartWatch,Light,2,100.0,200.0,Meta,cpc
ORD-7196,2023-11-20,SMW-01,SmartWatch,Light,1,100.0,100.0,Meta,cpc
ORD-7197,2023-11-20,SMW-01,SmartWatch,Light,1,100.0,100.0,Meta,cpc
ORD-7198,2023-11-20,SMW-01,SmartWatch,Light,3,100.0,300.0,Meta,cpc
ORD-7199,2023-11-20,SMW-01,SmartWatch,Light,1,100.0,100.0,Meta,cpc
ORD-7200,2023-11-20,SMW-01,SmartWatch,Light,1,100.0,100.0,Meta,cpc
ORD-7201,2023-11-20,SMW-01,SmartWatch,Light,2,100.0,200.0,Meta,cpc
ORD-7202,2023-11-20,SMW-01,SmartWatch,Light,1,100.0,100.0,Meta,cpc
ORD-7203,2023-11-20,SMW-01,SmartWatch,Light,2,100.0,200.0,Meta,cpc
ORD-7204,2023-11-20,SMW-01,SmartWatch,Light,2,100.0,200.0,Meta,cpc
ORD-7205,2023-11-20,SMW-01,SmartWatch,Light,3,100.0,300.0,Meta,cpc
ORD-7206,2023-11-20,SMW-01,SmartWatch,Light,3,100.0,300.0,Meta,cpc
ORD-7207,2023-11-20,SMW-01,SmartWatch,Light,3,100.0,300.0,Meta,cpc
ORD-7208,2023-11-20,SMW-01,SmartWatch,Light,3,100.0,300.0,Meta,cpc
ORD-7209,2023-11-20,SMW-01,SmartWatch,Light,3,100.0,300.0,Meta,cpc
ORD-7210,2023-11-20,SMW-01,SmartWatch,Light,1,100.0,100.0,Meta,cpc
ORD-7211,2023-11-20,SMW-01,SmartWatch,Light,1,100.0,100.0,Meta,cpc
ORD-7212,2023-11-20,SMW-01,SmartWatch,Light,2,100.0,200.0,Meta,cpc
ORD-7213,2023-11-20,SMW-01,SmartWatch,Light,3,100.0,300.0,Meta,cpc
ORD-7214,2023-11-20,SMW-01,SmartWatch,Light,3,100.0,300.0,Meta,cpc
ORD-7215,2023-11-20,SMW-01,SmartWatch,Light,2,100.0,200.0,Meta,cpc
ORD-7216,2023-11-20,SMW-01,SmartWatch,Light,2,100.0,200.0,Meta,cpc
ORD-7217,2023-11-20,SMW-01,SmartWatch,Light,2,100.0,200.0,Meta,cpc
ORD-7218,2023-11-20,SMW-01,SmartWatch,Light,3,100.0,300.0,Meta,cpc
ORD-7219,2023-11-20,SMW-01,SmartWatch,Light,2,100.0,200.0,Meta,cpc
ORD-7220,2023-11-20,SMW-01,SmartWatch,Light,1,100.0,100.0,Meta,cpc
ORD-7221,2023-11-20,SMW-01,SmartWatch,Light,3,100.0,300.0,Meta,cpc
ORD-7222,2023-11-20,SMW-01,SmartWatch,Light,1,100.0,100.0,Meta,cpc
ORD-7223,2023-11-20,SMW-01,SmartWatch,Light,3,100.0,300.0,Meta,cpc
ORD-7224,2023-11-20,SMW-01,SmartWatch,Light,1,100.0,100.0,Meta,cpc
ORD-7225,2023-11-20,SMW-01,SmartWatch,Light,2,100.0,200.0,Meta,cpc
ORD-7226,2023-11-20,SMW-01,SmartWatch,Light,1,100.0,100.0,Meta,cpc
ORD-7227,2023-11-20,SMW-01,SmartWatch,Light,3,100.0,300.0,Meta,cpc
ORD-7228,2023-11-20,SMW-01,SmartWatch,Light,2,100.0,200.0,Meta,cpc
ORD-7229,2023-11-20,SMW-01,SmartWatch,Light,2,100.0,200.0,Meta,cpc
ORD-7230,2023-11-20,SMW-01,SmartWatch,Light,2,100.0,200.0,Meta,cpc
ORD-7231,2023-11-20,SMW-01,SmartWatch,Light,1,100.0,100.0,Meta,cpc
ORD-7232,2023-11-20,SMW-01,SmartWatch,Light,1,100.0,100.0,Meta,cpc
ORD-7233,2023-11-20,SMW-01,SmartWatch,Light,2,100.0,200.0,Meta,cpc
ORD-7234,2023-11-20,SMW-01,SmartWatch,Light,3,100.0,300.0,Meta,cpc
ORD-7235,2023-11-20,SMW-01,SmartWatch,Light,3,100.0,300.0,Meta,cpc
ORD-7236,2023-11-20,SMW-01,SmartWatch,Light,2,100.0,200.0,Meta,cpc
ORD-7237,2023-11-20,SMW-01,SmartWatch,Light,1,100.0,100.0,Meta,cpc
ORD-7238,2023-11-20,SMW-01,SmartWatch,Light,2,100.0,200.0,Meta,cpc
ORD-7239,2023-11-20,SMW-01,SmartWatch,Light,1,100.0,100.0,Meta,cpc
ORD-7240,2023-11-20,SMW-01,SmartWatch,Light,2,100.0,200.0,Meta,cpc
ORD-7241,2023-11-20,SMW-01,SmartWatch,Light,1,100.0,100.0,Meta,cpc
ORD-7242,2023-11-20,SMW-01,SmartWatch,Light,1,100.0,100.0,Meta,cpc
ORD-7243,2023-11-20,SMW-01,SmartWatch,Light,2,100.0,200.0,Meta,cpc
ORD-7244,2023-11-21,SMW-01,SmartWatch,Light,2,100.0,200.0,Meta,cpc
ORD-7245,2023-11-21,SMW-01,SmartWatch,Light,3,100.0,300.0,Meta,cpc
ORD-7246,2023-11-21,SMW-01,SmartWatch,Light,2,100.0,200.0,Meta,cpc
ORD-7247,2023-11-21,SMW-01,SmartWatch,Light,2,100.0,200.0,Meta,cpc
ORD-7248,2023-11-21,SMW-01,SmartWatch,Light,2,100.0,200.0,Meta,cpc
ORD-7249,2023-11-21,SMW-01,SmartWatch,Light,2,100.0,200.0,Meta,cpc
ORD-7250,2023-11-21,SMW-01,SmartWatch,Light,3,100.0,300.0,Meta,cpc
ORD-7251,2023-11-21,SMW-01,SmartWatch,Light,2,100.0,200.0,Meta,cpc
ORD-7252,2023-11-21,SMW-01,SmartWatch,Light,3,100.0,300.0,Meta,cpc
ORD-7253,2023-11-21,SMW-01,SmartWatch,Light,2,100.0,200.0,Meta,cpc
ORD-7254,2023-11-21,SMW-01,SmartWatch,Light,2,100.0,200.0,Meta,cpc
ORD-7255,2023-11-21,SMW-01,SmartWatch,Light,1,100.0,100.0,Meta,cpc
ORD-7256,2023-11-21,SMW-01,SmartWatch,Light,2,100.0,200.0,Meta,cpc
ORD-7257,2023-11-21,SMW-01,SmartWatch,Light,3,100.0,300.0,Meta,cpc
ORD-7258,2023-11-21,SMW-01,SmartWatch,Light,2,100.0,200.0,Meta,cpc
ORD-7259,2023-11-21,SMW-01,SmartWatch,Light,1,100.0,100.0,Meta,cpc
ORD-7260,2023-11-21,SMW-01,SmartWatch,Light,3,100.0,300.0,Meta,cpc
ORD-7261,2023-11-21,SMW-01,SmartWatch,Light,3,100.0,300.0,Meta,cpc
ORD-7262,2023-11-21,SMW-01,SmartWatch,Light,3,100.0,300.0,Meta,cpc
ORD-7263,2023-11-21,SMW-01,SmartWatch,Light,2,100.0,200.0,Meta,cpc
ORD-7264,2023-11-21,SMW-01,SmartWatch,Light,1,100.0,100.0,Meta,cpc
ORD-7265,2023-11-21,SMW-01,SmartWatch,Light,1,100.0,100.0,Meta,cpc
ORD-7266,2023-11-21,SMW-01,SmartWatch,Light,1,100.0,100.0,Meta,cpc
ORD-7267,2023-11-21,SMW-01,SmartWatch,Light,1,100.0,100.0,Meta,cpc
ORD-7268,2023-11-21,SMW-01,SmartWatch,Light,1,100.0,100.0,Meta,cpc
ORD-7269,2023-11-21,SMW-01,SmartWatch,Light,1,100.0,100.0,Meta,cpc
ORD-7270,2023-11-21,SMW-01,SmartWatch,Light,1,100.0,100.0,Meta,cpc
ORD-7271,2023-11-21,SMW-01,SmartWatch,Light,2,100.0,200.0,Meta,cpc
ORD-7272,2023-11-21,SMW-01,SmartWatch,Light,2,100.0,200.0,Meta,cpc
ORD-7273,2023-11-21,SMW-01,SmartWatch,Light,1,100.0,100.0,Meta,cpc
ORD-7274,2023-11-21,SMW-01,SmartWatch,Light,3,100.0,300.0,Meta,cpc
ORD-7275,2023-11-21,SMW-01,SmartWatch,Light,2,100.0,200.0,Meta,cpc
ORD-7276,2023-11-21,SMW-01,SmartWatch,Light,2,100.0,200.0,Meta,cpc
ORD-7277,2023-11-21,SMW-01,SmartWatch,Light,1,100.0,100.0,Meta,cpc
ORD-7278,2023-11-21,SMW-01,SmartWatch,Light,2,100.0,200.0,Meta,cpc
ORD-7279,2023-11-21,SMW-01,SmartWatch,Light,1,100.0,100.0,Meta,cpc
ORD-7280,2023-11-21,SMW-01,SmartWatch,Light,2,100.0,200.0,Meta,cpc
ORD-7281,2023-11-21,SMW-01,SmartWatch,Light,2,100.0,200.0,Meta,cpc
ORD-7282,2023-11-21,SMW-01,SmartWatch,Light,3,100.0,300.0,Meta,cpc
ORD-7283,2023-11-21,SMW-01,SmartWatch,Light,3,100.0,300.0,Meta,cpc
ORD-7284,2023-11-21,SMW-01,SmartWatch,Light,2,100.0,200.0,Meta,cpc
ORD-7285,2023-11-21,SMW-01,SmartWatch,Light,2,100.0,200.0,Meta,cpc
ORD-7286,2023-11-21,SMW-01,SmartWatch,Light,2,100.0,200.0,Meta,cpc
ORD-7287,2023-11-21,SMW-01,SmartWatch,Light,1,100.0,100.0,Meta,cpc
ORD-7288,2023-11-21,SMW-01,SmartWatch,Light,3,100.0,300.0,Meta,cpc
ORD-7289,2023-11-21,SMW-01,SmartWatch,Light,1,100.0,100.0,Meta,cpc
ORD-7290,2023-11-21,SMW-01,SmartWatch,Light,1,100.0,100.0,Meta,cpc
ORD-7291,2023-11-21,SMW-01,SmartWatch,Light,2,100.0,200.0,Meta,cpc
ORD-7292,2023-11-21,SMW-01,SmartWatch,Light,1,100.0,100.0,Meta,cpc
ORD-7293,2023-11-21,SMW-01,SmartWatch,Light,1,100.0,100.0,Meta,cpc
ORD-7294,2023-11-21,SMW-01,SmartWatch,Light,2,100.0,200.0,Meta,cpc
ORD-7295,2023-11-21,SMW-01,SmartWatch,Light,1,100.0,100.0,Meta,cpc
ORD-7296,2023-11-21,SMW-01,SmartWatch,Light,1,100.0,100.0,Meta,cpc
ORD-7297,2023-11-21,SMW-01,SmartWatch,Light,3,100.0,300.0,Meta,cpc
ORD-7298,2023-11-21,SMW-01,SmartWatch,Light,3,100.0,300.0,Meta,cpc
ORD-7299,2023-11-21,SMW-01,SmartWatch,Light,2,100.0,200.0,Meta,cpc
ORD-7300,2023-11-21,SMW-01,SmartWatch,Light,3,100.0,300.0,Meta,cpc
ORD-7301,2023-11-21,SMW-01,SmartWatch,Light,3,100.0,300.0,Meta,cpc
ORD-7302,2023-11-21,SMW-01,SmartWatch,Light,3,100.0,300.0,Meta,cpc
ORD-7303,2023-11-21,SMW-01,SmartWatch,Light,1,100.0,100.0,Meta,cpc
ORD-7304,2023-11-21,SMW-01,SmartWatch,Light,3,100.0,300.0,Meta,cpc
ORD-7305,2023-11-21,SMW-01,SmartWatch,Light,1,100.0,100.0,Meta,cpc
ORD-7306,2023-11-21,SMW-01,SmartWatch,Light,3,100.0,300.0,Meta,cpc
ORD-7307,2023-11-21,SMW-01,SmartWatch,Light,3,100.0,300.0,Meta,cpc
ORD-7308,2023-11-21,SMW-01,SmartWatch,Light,1,100.0,100.0,Meta,cpc
ORD-7309,2023-11-21,SMW-01,SmartWatch,Light,2,100.0,200.0,Meta,cpc
ORD-7310,2023-11-21,SMW-01,SmartWatch,Light,1,100.0,100.0,Meta,cpc
ORD-7311,2023-11-21,SMW-01,SmartWatch,Light,1,100.0,100.0,Meta,cpc
ORD-7312,2023-11-21,SMW-01,SmartWatch,Light,2,100.0,200.0,Meta,cpc
ORD-7313,2023-11-21,SMW-01,SmartWatch,Light,3,100.0,300.0,Meta,cpc
ORD-7314,2023-11-21,SMW-01,SmartWatch,Light,1,100.0,100.0,Meta,cpc
ORD-7315,2023-11-22,SMW-01,SmartWatch,Light,2,100.0,200.0,Meta,cpc
ORD-7316,2023-11-22,SMW-01,SmartWatch,Light,1,100.0,100.0,Meta,cpc
ORD-7317,2023-11-22,SMW-01,SmartWatch,Light,2,100.0,200.0,Meta,cpc
ORD-7318,2023-11-22,SMW-01,SmartWatch,Light,3,100.0,300.0,Meta,cpc
ORD-7319,2023-11-22,SMW-01,SmartWatch,Light,3,100.0,300.0,Meta,cpc
ORD-7320,2023-11-22,SMW-01,SmartWatch,Light,1,100.0,100.0,Meta,cpc
ORD-7321,2023-11-22,SMW-01,SmartWatch,Light,2,100.0,200.0,Meta,cpc
ORD-7322,2023-11-22,SMW-01,SmartWatch,Light,2,100.0,200.0,Meta,cpc
ORD-7323,2023-11-22,SMW-01,SmartWatch,Light,3,100.0,300.0,Meta,cpc
ORD-7324,2023-11-22,SMW-01,SmartWatch,Light,1,100.0,100.0,Meta,cpc
ORD-7325,2023-11-22,SMW-01,SmartWatch,Light,2,100.0,200.0,Meta,cpc
ORD-7326,2023-11-22,SMW-01,SmartWatch,Light,1,100.0,100.0,Meta,cpc
ORD-7327,2023-11-22,SMW-01,SmartWatch,Light,1,100.0,100.0,Meta,cpc
ORD-7328,2023-11-22,SMW-01,SmartWatch,Light,1,100.0,100.0,Meta,cpc
ORD-7329,2023-11-22,SMW-01,SmartWatch,Light,2,100.0,200.0,Meta,cpc
ORD-7330,2023-11-22,SMW-01,SmartWatch,Light,3,100.0,300.0,Meta,cpc
ORD-7331,2023-11-22,SMW-01,SmartWatch,Light,3,100.0,300.0,Meta,cpc
ORD-7332,2023-11-22,SMW-01,SmartWatch,Light,2,100.0,200.0,Meta,cpc
ORD-7333,2023-11-22,SMW-01,SmartWatch,Light,2,100.0,200.0,Meta,cpc
ORD-7334,2023-11-22,SMW-01,SmartWatch,Light,3,100.0,300.0,Meta,cpc
ORD-7335,2023-11-22,SMW-01,SmartWatch,Light,2,100.0,200.0,Meta,cpc
ORD-7336,2023-11-22,SMW-01,SmartWatch,Light,3,100.0,300.0,Meta,cpc
ORD-7337,2023-11-22,SMW-01,SmartWatch,Light,3,100.0,300.0,Meta,cpc
ORD-7338,2023-11-22,SMW-01,SmartWatch,Light,1,100.0,100.0,Meta,cpc
ORD-7339,2023-11-22,SMW-01,SmartWatch,Light,2,100.0,200.0,Meta,cpc
ORD-7340,2023-11-22,SMW-01,SmartWatch,Light,1,100.0,100.0,Meta,cpc
ORD-7341,2023-11-22,SMW-01,SmartWatch,Light,3,100.0,300.0,Meta,cpc
ORD-7342,2023-11-22,SMW-01,SmartWatch,Light,3,100.0,300.0,Meta,cpc
ORD-7343,2023-11-22,SMW-01,SmartWatch,Light,2,100.0,200.0,Meta,cpc
ORD-7344,2023-11-22,SMW-01,SmartWatch,Light,2,100.0,200.0,Meta,cpc
ORD-7345,2023-11-22,SMW-01,SmartWatch,Light,3,100.0,300.0,Meta,cpc
ORD-7346,2023-11-22,SMW-01,SmartWatch,Light,3,100.0,300.0,Meta,cpc
ORD-7347,2023-11-22,SMW-01,SmartWatch,Light,3,100.0,300.0,Meta,cpc
ORD-7348,2023-11-22,SMW-01,SmartWatch,Light,1,100.0,100.0,Meta,cpc
ORD-7349,2023-11-22,SMW-01,SmartWatch,Light,1,100.0,100.0,Meta,cpc
ORD-7350,2023-11-22,SMW-01,SmartWatch,Light,1,100.0,100.0,Meta,cpc
ORD-7351,2023-11-22,SMW-01,SmartWatch,Light,3,100.0,300.0,Meta,cpc
ORD-7352,2023-11-22,SMW-01,SmartWatch,Light,2,100.0,200.0,Meta,cpc
ORD-7353,2023-11-22,SMW-01,SmartWatch,Light,2,100.0,200.0,Meta,cpc
ORD-7354,2023-11-22,SMW-01,SmartWatch,Light,1,100.0,100.0,Meta,cpc
ORD-7355,2023-11-22,SMW-01,SmartWatch,Light,3,100.0,300.0,Meta,cpc
ORD-7356,2023-11-22,SMW-01,SmartWatch,Light,1,100.0,100.0,Meta,cpc
ORD-7357,2023-11-22,SMW-01,SmartWatch,Light,3,100.0,300.0,Meta,cpc
ORD-7358,2023-11-22,SMW-01,SmartWatch,Light,3,100.0,300.0,Meta,cpc
ORD-7359,2023-11-22,SMW-01,SmartWatch,Light,2,100.0,200.0,Meta,cpc
ORD-7360,2023-11-22,SMW-01,SmartWatch,Light,1,100.0,100.0,Meta,cpc
ORD-7361,2023-11-22,SMW-01,SmartWatch,Light,2,100.0,200.0,Meta,cpc
ORD-7362,2023-11-22,SMW-01,SmartWatch,Light,2,100.0,200.0,Meta,cpc
ORD-7363,2023-11-22,SMW-01,SmartWatch,Light,1,100.0,100.0,Meta,cpc
ORD-7364,2023-11-22,SMW-01,SmartWatch,Light,1,100.0,100.0,Meta,cpc
ORD-7365,2023-11-22,SMW-01,SmartWatch,Light,2,100.0,200.0,Meta,cpc
ORD-7366,2023-11-22,SMW-01,SmartWatch,Light,1,100.0,100.0,Meta,cpc
ORD-7367,2023-11-22,SMW-01,SmartWatch,Light,1,100.0,100.0,Meta,cpc
ORD-7368,2023-11-22,SMW-01,SmartWatch,Light,1,100.0,100.0,Meta,cpc
ORD-7369,2023-11-22,SMW-01,SmartWatch,Light,1,100.0,100.0,Meta,cpc
ORD-7370,2023-11-22,SMW-01,SmartWatch,Light,2,100.0,200.0,Meta,cpc
ORD-7371,2023-11-22,SMW-01,SmartWatch,Light,2,100.0,200.0,Meta,cpc
ORD-7372,2023-11-22,SMW-01,SmartWatch,Light,2,100.0,200.0,Meta,cpc
ORD-7373,2023-11-22,SMW-01,SmartWatch,Light,3,100.0,300.0,Meta,cpc
ORD-7374,2023-11-22,SMW-01,SmartWatch,Light,3,100.0,300.0,Meta,cpc
ORD-7375,2023-11-22,SMW-01,SmartWatch,Light,1,100.0,100.0,Meta,cpc
ORD-7376,2023-11-22,SMW-01,SmartWatch,Light,1,100.0,100.0,Meta,cpc
ORD-7377,2023-11-22,SMW-01,SmartWatch,Light,2,100.0,200.0,Meta,cpc
ORD-7378,2023-11-22,SMW-01,SmartWatch,Light,2,100.0,200.0,Meta,cpc
ORD-7379,2023-11-22,SMW-01,SmartWatch,Light,2,100.0,200.0,Meta,cpc
ORD-7380,2023-11-22,SMW-01,SmartWatch,Light,3,100.0,300.0,Meta,cpc
ORD-7381,2023-11-22,SMW-01,SmartWatch,Light,2,100.0,200.0,Meta,cpc
ORD-7382,2023-11-22,SMW-01,SmartWatch,Light,3,100.0,300.0,Meta,cpc
ORD-7383,2023-11-22,SMW-01,SmartWatch,Light,3,100.0,300.0,Meta,cpc
ORD-7384,2023-11-22,SMW-01,SmartWatch,Light,1,100.0,100.0,Meta,cpc
ORD-7385,2023-11-22,SMW-01,SmartWatch,Light,2,100.0,200.0,Meta,cpc
ORD-7386,2023-11-22,SMW-01,SmartWatch,Light,3,100.0,300.0,Meta,cpc
ORD-7387,2023-11-22,SMW-01,SmartWatch,Light,1,100.0,100.0,Meta,cpc
ORD-7388,2023-11-23,SMW-01,SmartWatch,Light,2,100.0,200.0,Meta,cpc
ORD-7389,2023-11-23,SMW-01,SmartWatch,Light,3,100.0,300.0,Meta,cpc
ORD-7390,2023-11-23,SMW-01,SmartWatch,Light,1,100.0,100.0,Meta,cpc
ORD-7391,2023-11-23,SMW-01,SmartWatch,Light,2,100.0,200.0,Meta,cpc
ORD-7392,2023-11-23,SMW-01,SmartWatch,Light,2,100.0,200.0,Meta,cpc
ORD-7393,2023-11-23,SMW-01,SmartWatch,Light,2,100.0,200.0,Meta,cpc
ORD-7394,2023-11-23,SMW-01,SmartWatch,Light,2,100.0,200.0,Meta,cpc
ORD-7395,2023-11-23,SMW-01,SmartWatch,Light,2,100.0,200.0,Meta,cpc
ORD-7396,2023-11-23,SMW-01,SmartWatch,Light,3,100.0,300.0,Meta,cpc
ORD-7397,2023-11-23,SMW-01,SmartWatch,Light,3,100.0,300.0,Meta,cpc
ORD-7398,2023-11-23,SMW-01,SmartWatch,Light,2,100.0,200.0,Meta,cpc
ORD-7399,2023-11-23,SMW-01,SmartWatch,Light,1,100.0,100.0,Meta,cpc
ORD-7400,2023-11-23,SMW-01,SmartWatch,Light,2,100.0,200.0,Meta,cpc
ORD-7401,2023-11-23,SMW-01,SmartWatch,Light,2,100.0,200.0,Meta,cpc
ORD-7402,2023-11-23,SMW-01,SmartWatch,Light,3,100.0,300.0,Meta,cpc
ORD-7403,2023-11-23,SMW-01,SmartWatch,Light,1,100.0,100.0,Meta,cpc
ORD-7404,2023-11-23,SMW-01,SmartWatch,Light,2,100.0,200.0,Meta,cpc
ORD-7405,2023-11-23,SMW-01,SmartWatch,Light,3,100.0,300.0,Meta,cpc
ORD-7406,2023-11-23,SMW-01,SmartWatch,Light,2,100.0,200.0,Meta,cpc
ORD-7407,2023-11-23,SMW-01,SmartWatch,Light,1,100.0,100.0,Meta,cpc
ORD-7408,2023-11-23,SMW-01,SmartWatch,Light,1,100.0,100.0,Meta,cpc
ORD-7409,2023-11-23,SMW-01,SmartWatch,Light,3,100.0,300.0,Meta,cpc
ORD-7410,2023-11-23,SMW-01,SmartWatch,Light,2,100.0,200.0,Meta,cpc
ORD-7411,2023-11-23,SMW-01,SmartWatch,Light,2,100.0,200.0,Meta,cpc
ORD-7412,2023-11-23,SMW-01,SmartWatch,Light,3,100.0,300.0,Meta,cpc
ORD-7413,2023-11-23,SMW-01,SmartWatch,Light,1,100.0,100.0,Meta,cpc
ORD-7414,2023-11-23,SMW-01,SmartWatch,Light,3,100.0,300.0,Meta,cpc
ORD-7415,2023-11-23,SMW-01,SmartWatch,Light,3,100.0,300.0,Meta,cpc
ORD-7416,2023-11-23,SMW-01,SmartWatch,Light,3,100.0,300.0,Meta,cpc
ORD-7417,2023-11-23,SMW-01,SmartWatch,Light,1,100.0,100.0,Meta,cpc
ORD-7418,2023-11-23,SMW-01,SmartWatch,Light,2,100.0,200.0,Meta,cpc
ORD-7419,2023-11-23,SMW-01,SmartWatch,Light,3,100.0,300.0,Meta,cpc
ORD-7420,2023-11-23,SMW-01,SmartWatch,Light,3,100.0,300.0,Meta,cpc
ORD-7421,2023-11-23,SMW-01,SmartWatch,Light,3,100.0,300.0,Meta,cpc
ORD-7422,2023-11-23,SMW-01,SmartWatch,Light,3,100.0,300.0,Meta,cpc
ORD-7423,2023-11-23,SMW-01,SmartWatch,Light,1,100.0,100.0,Meta,cpc
ORD-7424,2023-11-23,SMW-01,SmartWatch,Light,2,100.0,200.0,Meta,cpc
ORD-7425,2023-11-23,SMW-01,SmartWatch,Light,2,100.0,200.0,Meta,cpc
ORD-7426,2023-11-23,SMW-01,SmartWatch,Light,2,100.0,200.0,Meta,cpc
ORD-7427,2023-11-23,SMW-01,SmartWatch,Light,1,100.0,100.0,Meta,cpc
ORD-7428,2023-11-23,SMW-01,SmartWatch,Light,2,100.0,200.0,Meta,cpc
ORD-7429,2023-11-23,SMW-01,SmartWatch,Light,2,100.0,200.0,Meta,cpc
ORD-7430,2023-11-23,SMW-01,SmartWatch,Light,1,100.0,100.0,Meta,cpc
ORD-7431,2023-11-23,SMW-01,SmartWatch,Light,1,100.0,100.0,Meta,cpc
ORD-7432,2023-11-23,SMW-01,SmartWatch,Light,3,100.0,300.0,Meta,cpc
ORD-7433,2023-11-23,SMW-01,SmartWatch,Light,2,100.0,200.0,Meta,cpc
ORD-7434,2023-11-23,SMW-01,SmartWatch,Light,1,100.0,100.0,Meta,cpc
ORD-7435,2023-11-23,SMW-01,SmartWatch,Light,3,100.0,300.0,Meta,cpc
ORD-7436,2023-11-23,SMW-01,SmartWatch,Light,2,100.0,200.0,Meta,cpc
ORD-7437,2023-11-23,SMW-01,SmartWatch,Light,2,100.0,200.0,Meta,cpc
ORD-7438,2023-11-23,SMW-01,SmartWatch,Light,3,100.0,300.0,Meta,cpc
ORD-7439,2023-11-23,SMW-01,SmartWatch,Light,1,100.0,100.0,Meta,cpc
ORD-7440,2023-11-23,SMW-01,SmartWatch,Light,3,100.0,300.0,Meta,cpc
ORD-7441,2023-11-23,SMW-01,SmartWatch,Light,1,100.0,100.0,Meta,cpc
ORD-7442,2023-11-23,SMW-01,SmartWatch,Light,1,100.0,100.0,Meta,cpc
ORD-7443,2023-11-23,SMW-01,SmartWatch,Light,3,100.0,300.0,Meta,cpc
ORD-7444,2023-11-23,SMW-01,SmartWatch,Light,1,100.0,100.0,Meta,cpc
ORD-7445,2023-11-23,SMW-01,SmartWatch,Light,3,100.0,300.0,Meta,cpc
ORD-7446,2023-11-23,SMW-01,SmartWatch,Light,2,100.0,200.0,Meta,cpc
ORD-7447,2023-11-23,SMW-01,SmartWatch,Light,2,100.0,200.0,Meta,cpc
ORD-7448,2023-11-23,SMW-01,SmartWatch,Light,1,100.0,100.0,Meta,cpc
ORD-7449,2023-11-23,SMW-01,SmartWatch,Light,2,100.0,200.0,Meta,cpc
ORD-7450,2023-11-24,SMW-01,SmartWatch,Light,3,100.0,300.0,Meta,cpc
ORD-7451,2023-11-24,SMW-01,SmartWatch,Light,3,100.0,300.0,Meta,cpc
ORD-7452,2023-11-24,SMW-01,SmartWatch,Light,3,100.0,300.0,Meta,cpc
ORD-7453,2023-11-24,SMW-01,SmartWatch,Light,2,100.0,200.0,Meta,cpc
ORD-7454,2023-11-24,SMW-01,SmartWatch,Light,2,100.0,200.0,Meta,cpc
ORD-7455,2023-11-24,SMW-01,SmartWatch,Light,2,100.0,200.0,Meta,cpc
ORD-7456,2023-11-24,SMW-01,SmartWatch,Light,3,100.0,300.0,Meta,cpc
ORD-7457,2023-11-24,SMW-01,SmartWatch,Light,1,100.0,100.0,Meta,cpc
ORD-7458,2023-11-24,SMW-01,SmartWatch,Light,3,100.0,300.0,Meta,cpc
ORD-7459,2023-11-24,SMW-01,SmartWatch,Light,1,100.0,100.0,Meta,cpc
ORD-7460,2023-11-24,SMW-01,SmartWatch,Light,1,100.0,100.0,Meta,cpc
ORD-7461,2023-11-24,SMW-01,SmartWatch,Light,3,100.0,300.0,Meta,cpc
ORD-7462,2023-11-24,SMW-01,SmartWatch,Light,3,100.0,300.0,Meta,cpc
ORD-7463,2023-11-24,SMW-01,SmartWatch,Light,2,100.0,200.0,Meta,cpc
ORD-7464,2023-11-24,SMW-01,SmartWatch,Light,1,100.0,100.0,Meta,cpc
ORD-7465,2023-11-24,SMW-01,SmartWatch,Light,1,100.0,100.0,Meta,cpc
ORD-7466,2023-11-24,SMW-01,SmartWatch,Light,2,100.0,200.0,Meta,cpc
ORD-7467,2023-11-24,SMW-01,SmartWatch,Light,1,100.0,100.0,Meta,cpc
ORD-7468,2023-11-24,SMW-01,SmartWatch,Light,1,100.0,100.0,Meta,cpc
ORD-7469,2023-11-24,SMW-01,SmartWatch,Light,2,100.0,200.0,Meta,cpc
ORD-7470,2023-11-24,SMW-01,SmartWatch,Light,3,100.0,300.0,Meta,cpc
ORD-7471,2023-11-24,SMW-01,SmartWatch,Light,2,100.0,200.0,Meta,cpc
ORD-7472,2023-11-24,SMW-01,SmartWatch,Light,2,100.0,200.0,Meta,cpc
ORD-7473,2023-11-24,SMW-01,SmartWatch,Light,3,100.0,300.0,Meta,cpc
ORD-7474,2023-11-24,SMW-01,SmartWatch,Light,3,100.0,300.0,Meta,cpc
ORD-7475,2023-11-24,SMW-01,SmartWatch,Light,2,100.0,200.0,Meta,cpc
ORD-7476,2023-11-24,SMW-01,SmartWatch,Light,3,100.0,300.0,Meta,cpc
ORD-7477,2023-11-24,SMW-01,SmartWatch,Light,2,100.0,200.0,Meta,cpc
ORD-7478,2023-11-24,SMW-01,SmartWatch,Light,3,100.0,300.0,Meta,cpc
ORD-7479,2023-11-24,SMW-01,SmartWatch,Light,2,100.0,200.0,Meta,cpc
ORD-7480,2023-11-24,SMW-01,SmartWatch,Light,2,100.0,200.0,Meta,cpc
ORD-7481,2023-11-24,SMW-01,SmartWatch,Light,1,100.0,100.0,Meta,cpc
ORD-7482,2023-11-24,SMW-01,SmartWatch,Light,1,100.0,100.0,Meta,cpc
ORD-7483,2023-11-24,SMW-01,SmartWatch,Light,1,100.0,100.0,Meta,cpc
ORD-7484,2023-11-24,SMW-01,SmartWatch,Light,1,100.0,100.0,Meta,cpc
ORD-7485,2023-11-24,SMW-01,SmartWatch,Light,3,100.0,300.0,Meta,cpc
ORD-7486,2023-11-24,SMW-01,SmartWatch,Light,3,100.0,300.0,Meta,cpc
ORD-7487,2023-11-24,SMW-01,SmartWatch,Light,2,100.0,200.0,Meta,cpc
ORD-7488,2023-11-24,SMW-01,SmartWatch,Light,3,100.0,300.0,Meta,cpc
ORD-7489,2023-11-24,SMW-01,SmartWatch,Light,1,100.0,100.0,Meta,cpc
ORD-7490,2023-11-24,SMW-01,SmartWatch,Light,2,100.0,200.0,Meta,cpc
ORD-7491,2023-11-24,SMW-01,SmartWatch,Light,3,100.0,300.0,Meta,cpc
ORD-7492,2023-11-24,SMW-01,SmartWatch,Light,1,100.0,100.0,Meta,cpc
ORD-7493,2023-11-24,SMW-01,SmartWatch,Light,1,100.0,100.0,Meta,cpc
ORD-7494,2023-11-24,SMW-01,SmartWatch,Light,2,100.0,200.0,Meta,cpc
ORD-7495,2023-11-24,SMW-01,SmartWatch,Light,1,100.0,100.0,Meta,cpc
ORD-7496,2023-11-24,SMW-01,SmartWatch,Light,1,100.0,100.0,Meta,cpc
ORD-7497,2023-11-24,SMW-01,SmartWatch,Light,1,100.0,100.0,Meta,cpc
ORD-7498,2023-11-24,SMW-01,SmartWatch,Light,3,100.0,300.0,Meta,cpc
ORD-7499,2023-11-24,SMW-01,SmartWatch,Light,2,100.0,200.0,Meta,cpc
ORD-7500,2023-11-24,SMW-01,SmartWatch,Light,2,100.0,200.0,Meta,cpc
ORD-7501,2023-11-24,SMW-01,SmartWatch,Light,3,100.0,300.0,Meta,cpc
ORD-7502,2023-11-24,SMW-01,SmartWatch,Light,2,100.0,200.0,Meta,cpc
ORD-7503,2023-11-24,SMW-01,SmartWatch,Light,3,100.0,300.0,Meta,cpc
ORD-7504,2023-11-24,SMW-01,SmartWatch,Light,3,100.0,300.0,Meta,cpc
ORD-7505,2023-11-24,SMW-01,SmartWatch,Light,3,100.0,300.0,Meta,cpc
ORD-7506,2023-11-24,SMW-01,SmartWatch,Light,3,100.0,300.0,Meta,cpc
ORD-7507,2023-11-24,SMW-01,SmartWatch,Light,2,100.0,200.0,Meta,cpc
ORD-7508,2023-11-24,SMW-01,SmartWatch,Light,2,100.0,200.0,Meta,cpc
ORD-7509,2023-11-24,SMW-01,SmartWatch,Light,3,100.0,300.0,Meta,cpc
ORD-7510,2023-11-24,SMW-01,SmartWatch,Light,3,100.0,300.0,Meta,cpc
ORD-7511,2023-11-25,SMW-01,SmartWatch,Light,2,100.0,200.0,Meta,cpc
ORD-7512,2023-11-25,SMW-01,SmartWatch,Light,3,100.0,300.0,Meta,cpc
ORD-7513,2023-11-25,SMW-01,SmartWatch,Light,3,100.0,300.0,Meta,cpc
ORD-7514,2023-11-25,SMW-01,SmartWatch,Light,3,100.0,300.0,Meta,cpc
ORD-7515,2023-11-25,SMW-01,SmartWatch,Light,3,100.0,300.0,Meta,cpc
ORD-7516,2023-11-25,SMW-01,SmartWatch,Light,2,100.0,200.0,Meta,cpc
ORD-7517,2023-11-25,SMW-01,SmartWatch,Light,2,100.0,200.0,Meta,cpc
ORD-7518,2023-11-25,SMW-01,SmartWatch,Light,1,100.0,100.0,Meta,cpc
ORD-7519,2023-11-25,SMW-01,SmartWatch,Light,1,100.0,100.0,Meta,cpc
ORD-7520,2023-11-25,SMW-01,SmartWatch,Light,1,100.0,100.0,Meta,cpc
ORD-7521,2023-11-25,SMW-01,SmartWatch,Light,1,100.0,100.0,Meta,cpc
ORD-7522,2023-11-25,SMW-01,SmartWatch,Light,1,100.0,100.0,Meta,cpc
ORD-7523,2023-11-25,SMW-01,SmartWatch,Light,1,100.0,100.0,Meta,cpc
ORD-7524,2023-11-25,SMW-01,SmartWatch,Light,1,100.0,100.0,Meta,cpc
ORD-7525,2023-11-25,SMW-01,SmartWatch,Light,3,100.0,300.0,Meta,cpc
ORD-7526,2023-11-25,SMW-01,SmartWatch,Light,1,100.0,100.0,Meta,cpc
ORD-7527,2023-11-25,SMW-01,SmartWatch,Light,1,100.0,100.0,Meta,cpc
ORD-7528,2023-11-25,SMW-01,SmartWatch,Light,1,100.0,100.0,Meta,cpc
ORD-7529,2023-11-25,SMW-01,SmartWatch,Light,2,100.0,200.0,Meta,cpc
ORD-7530,2023-11-25,SMW-01,SmartWatch,Light,3,100.0,300.0,Meta,cpc
ORD-7531,2023-11-25,SMW-01,SmartWatch,Light,1,100.0,100.0,Meta,cpc
ORD-7532,2023-11-25,SMW-01,SmartWatch,Light,3,100.0,300.0,Meta,cpc
ORD-7533,2023-11-25,SMW-01,SmartWatch,Light,1,100.0,100.0,Meta,cpc
ORD-7534,2023-11-25,SMW-01,SmartWatch,Light,2,100.0,200.0,Meta,cpc
ORD-7535,2023-11-25,SMW-01,SmartWatch,Light,3,100.0,300.0,Meta,cpc
ORD-7536,2023-11-25,SMW-01,SmartWatch,Light,3,100.0,300.0,Meta,cpc
ORD-7537,2023-11-25,SMW-01,SmartWatch,Light,1,100.0,100.0,Meta,cpc
ORD-7538,2023-11-25,SMW-01,SmartWatch,Light,1,100.0,100.0,Meta,cpc
ORD-7539,2023-11-25,SMW-01,SmartWatch,Light,2,100.0,200.0,Meta,cpc
ORD-7540,2023-11-25,SMW-01,SmartWatch,Light,2,100.0,200.0,Meta,cpc
ORD-7541,2023-11-25,SMW-01,SmartWatch,Light,1,100.0,100.0,Meta,cpc
ORD-7542,2023-11-25,SMW-01,SmartWatch,Light,2,100.0,200.0,Meta,cpc
ORD-7543,2023-11-25,SMW-01,SmartWatch,Light,2,100.0,200.0,Meta,cpc
ORD-7544,2023-11-25,SMW-01,SmartWatch,Light,1,100.0,100.0,Meta,cpc
ORD-7545,2023-11-25,SMW-01,SmartWatch,Light,1,100.0,100.0,Meta,cpc
ORD-7546,2023-11-25,SMW-01,SmartWatch,Light,1,100.0,100.0,Meta,cpc
ORD-7547,2023-11-25,SMW-01,SmartWatch,Light,1,100.0,100.0,Meta,cpc
ORD-7548,2023-11-25,SMW-01,SmartWatch,Light,3,100.0,300.0,Meta,cpc
ORD-7549,2023-11-25,SMW-01,SmartWatch,Light,3,100.0,300.0,Meta,cpc
ORD-7550,2023-11-25,SMW-01,SmartWatch,Light,2,100.0,200.0,Meta,cpc
ORD-7551,2023-11-25,SMW-01,SmartWatch,Light,2,100.0,200.0,Meta,cpc
ORD-7552,2023-11-25,SMW-01,SmartWatch,Light,2,100.0,200.0,Meta,cpc
ORD-7553,2023-11-25,SMW-01,SmartWatch,Light,1,100.0,100.0,Meta,cpc
ORD-7554,2023-11-25,SMW-01,SmartWatch,Light,2,100.0,200.0,Meta,cpc
ORD-7555,2023-11-25,SMW-01,SmartWatch,Light,3,100.0,300.0,Meta,cpc
ORD-7556,2023-11-25,SMW-01,SmartWatch,Light,1,100.0,100.0,Meta,cpc
ORD-7557,2023-11-25,SMW-01,SmartWatch,Light,1,100.0,100.0,Meta,cpc
ORD-7558,2023-11-25,SMW-01,SmartWatch,Light,2,100.0,200.0,Meta,cpc
ORD-7559,2023-11-25,SMW-01,SmartWatch,Light,3,100.0,300.0,Meta,cpc
ORD-7560,2023-11-25,SMW-01,SmartWatch,Light,2,100.0,200.0,Meta,cpc
ORD-7561,2023-11-25,SMW-01,SmartWatch,Light,1,100.0,100.0,Meta,cpc
ORD-7562,2023-11-25,SMW-01,SmartWatch,Light,2,100.0,200.0,Meta,cpc
ORD-7563,2023-11-25,SMW-01,SmartWatch,Light,1,100.0,100.0,Meta,cpc
ORD-7564,2023-11-25,SMW-01,SmartWatch,Light,1,100.0,100.0,Meta,cpc
ORD-7565,2023-11-25,SMW-01,SmartWatch,Light,3,100.0,300.0,Meta,cpc
ORD-7566,2023-11-25,SMW-01,SmartWatch,Light,3,100.0,300.0,Meta,cpc
ORD-7567,2023-11-25,SMW-01,SmartWatch,Light,2,100.0,200.0,Meta,cpc
ORD-7568,2023-11-25,SMW-01,SmartWatch,Light,2,100.0,200.0,Meta,cpc
ORD-7569,2023-11-25,SMW-01,SmartWatch,Light,2,100.0,200.0,Meta,cpc
ORD-7570,2023-11-25,SMW-01,SmartWatch,Light,3,100.0,300.0,Meta,cpc
ORD-7571,2023-11-25,SMW-01,SmartWatch,Light,3,100.0,300.0,Meta,cpc
ORD-7572,2023-11-25,SMW-01,SmartWatch,Light,3,100.0,300.0,Meta,cpc
ORD-7573,2023-11-25,SMW-01,SmartWatch,Light,3,100.0,300.0,Meta,cpc
ORD-7574,2023-11-25,SMW-01,SmartWatch,Light,3,100.0,300.0,Meta,cpc
ORD-7575,2023-11-25,SMW-01,SmartWatch,Light,2,100.0,200.0,Meta,cpc
ORD-7576,2023-11-25,SMW-01,SmartWatch,Light,1,100.0,100.0,Meta,cpc
ORD-7577,2023-11-25,SMW-01,SmartWatch,Light,2,100.0,200.0,Meta,cpc
ORD-7578,2023-11-25,SMW-01,SmartWatch,Light,2,100.0,200.0,Meta,cpc
ORD-7579,2023-11-25,SMW-01,SmartWatch,Light,2,100.0,200.0,Meta,cpc
ORD-7580,2023-11-25,SMW-01,SmartWatch,Light,1,100.0,100.0,Meta,cpc
ORD-7581,2023-11-26,SMW-01,SmartWatch,Light,3,100.0,300.0,Meta,cpc
ORD-7582,2023-11-26,SMW-01,SmartWatch,Light,3,100.0,300.0,Meta,cpc
ORD-7583,2023-11-26,SMW-01,SmartWatch,Light,3,100.0,300.0,Meta,cpc
ORD-7584,2023-11-26,SMW-01,SmartWatch,Light,3,100.0,300.0,Meta,cpc
ORD-7585,2023-11-26,SMW-01,SmartWatch,Light,2,100.0,200.0,Meta,cpc
ORD-7586,2023-11-26,SMW-01,SmartWatch,Light,1,100.0,100.0,Meta,cpc
ORD-7587,2023-11-26,SMW-01,SmartWatch,Light,3,100.0,300.0,Meta,cpc
ORD-7588,2023-11-26,SMW-01,SmartWatch,Light,1,100.0,100.0,Meta,cpc
ORD-7589,2023-11-26,SMW-01,SmartWatch,Light,3,100.0,300.0,Meta,cpc
ORD-7590,2023-11-26,SMW-01,SmartWatch,Light,1,100.0,100.0,Meta,cpc
ORD-7591,2023-11-26,SMW-01,SmartWatch,Light,2,100.0,200.0,Meta,cpc
ORD-7592,2023-11-26,SMW-01,SmartWatch,Light,3,100.0,300.0,Meta,cpc
ORD-7593,2023-11-26,SMW-01,SmartWatch,Light,2,100.0,200.0,Meta,cpc
ORD-7594,2023-11-26,SMW-01,SmartWatch,Light,3,100.0,300.0,Meta,cpc
ORD-7595,2023-11-26,SMW-01,SmartWatch,Light,1,100.0,100.0,Meta,cpc
ORD-7596,2023-11-26,SMW-01,SmartWatch,Light,2,100.0,200.0,Meta,cpc
ORD-7597,2023-11-26,SMW-01,SmartWatch,Light,3,100.0,300.0,Meta,cpc
ORD-7598,2023-11-26,SMW-01,SmartWatch,Light,2,100.0,200.0,Meta,cpc
ORD-7599,2023-11-26,SMW-01,SmartWatch,Light,2,100.0,200.0,Meta,cpc
ORD-7600,2023-11-26,SMW-01,SmartWatch,Light,1,100.0,100.0,Meta,cpc
ORD-7601,2023-11-26,SMW-01,SmartWatch,Light,2,100.0,200.0,Meta,cpc
ORD-7602,2023-11-26,SMW-01,SmartWatch,Light,3,100.0,300.0,Meta,cpc
ORD-7603,2023-11-26,SMW-01,SmartWatch,Light,3,100.0,300.0,Meta,cpc
ORD-7604,2023-11-26,SMW-01,SmartWatch,Light,2,100.0,200.0,Meta,cpc
ORD-7605,2023-11-26,SMW-01,SmartWatch,Light,2,100.0,200.0,Meta,cpc
ORD-7606,2023-11-26,SMW-01,SmartWatch,Light,3,100.0,300.0,Meta,cpc
ORD-7607,2023-11-26,SMW-01,SmartWatch,Light,2,100.0,200.0,Meta,cpc
ORD-7608,2023-11-26,SMW-01,SmartWatch,Light,1,100.0,100.0,Meta,cpc
ORD-7609,2023-11-26,SMW-01,SmartWatch,Light,1,100.0,100.0,Meta,cpc
ORD-7610,2023-11-26,SMW-01,SmartWatch,Light,2,100.0,200.0,Meta,cpc
ORD-7611,2023-11-26,SMW-01,SmartWatch,Light,3,100.0,300.0,Meta,cpc
ORD-7612,2023-11-26,SMW-01,SmartWatch,Light,1,100.0,100.0,Meta,cpc
ORD-7613,2023-11-26,SMW-01,SmartWatch,Light,2,100.0,200.0,Meta,cpc
ORD-7614,2023-11-26,SMW-01,SmartWatch,Light,2,100.0,200.0,Meta,cpc
ORD-7615,2023-11-26,SMW-01,SmartWatch,Light,2,100.0,200.0,Meta,cpc
ORD-7616,2023-11-26,SMW-01,SmartWatch,Light,1,100.0,100.0,Meta,cpc
ORD-7617,2023-11-26,SMW-01,SmartWatch,Light,3,100.0,300.0,Meta,cpc
ORD-7618,2023-11-26,SMW-01,SmartWatch,Light,1,100.0,100.0,Meta,cpc
ORD-7619,2023-11-26,SMW-01,SmartWatch,Light,3,100.0,300.0,Meta,cpc
ORD-7620,2023-11-26,SMW-01,SmartWatch,Light,3,100.0,300.0,Meta,cpc
ORD-7621,2023-11-26,SMW-01,SmartWatch,Light,2,100.0,200.0,Meta,cpc
ORD-7622,2023-11-26,SMW-01,SmartWatch,Light,3,100.0,300.0,Meta,cpc
ORD-7623,2023-11-26,SMW-01,SmartWatch,Light,3,100.0,300.0,Meta,cpc
ORD-7624,2023-11-26,SMW-01,SmartWatch,Light,3,100.0,300.0,Meta,cpc
ORD-7625,2023-11-26,SMW-01,SmartWatch,Light,2,100.0,200.0,Meta,cpc
ORD-7626,2023-11-26,SMW-01,SmartWatch,Light,1,100.0,100.0,Meta,cpc
ORD-7627,2023-11-26,SMW-01,SmartWatch,Light,2,100.0,200.0,Meta,cpc
ORD-7628,2023-11-26,SMW-01,SmartWatch,Light,3,100.0,300.0,Meta,cpc
ORD-7629,2023-11-26,SMW-01,SmartWatch,Light,3,100.0,300.0,Meta,cpc
ORD-7630,2023-11-26,SMW-01,SmartWatch,Light,2,100.0,200.0,Meta,cpc
ORD-7631,2023-11-26,SMW-01,SmartWatch,Light,2,100.0,200.0,Meta,cpc
ORD-7632,2023-11-26,SMW-01,SmartWatch,Light,3,100.0,300.0,Meta,cpc
ORD-7633,2023-11-26,SMW-01,SmartWatch,Light,3,100.0,300.0,Meta,cpc
ORD-7634,2023-11-26,SMW-01,SmartWatch,Light,1,100.0,100.0,Meta,cpc
ORD-7635,2023-11-27,SMW-01,SmartWatch,Light,2,100.0,200.0,Meta,cpc
ORD-7636,2023-11-27,SMW-01,SmartWatch,Light,2,100.0,200.0,Meta,cpc
ORD-7637,2023-11-27,SMW-01,SmartWatch,Light,1,100.0,100.0,Meta,cpc
ORD-7638,2023-11-27,SMW-01,SmartWatch,Light,3,100.0,300.0,Meta,cpc
ORD-7639,2023-11-27,SMW-01,SmartWatch,Light,1,100.0,100.0,Meta,cpc
ORD-7640,2023-11-27,SMW-01,SmartWatch,Light,2,100.0,200.0,Meta,cpc
ORD-7641,2023-11-27,SMW-01,SmartWatch,Light,3,100.0,300.0,Meta,cpc
ORD-7642,2023-11-27,SMW-01,SmartWatch,Light,3,100.0,300.0,Meta,cpc
ORD-7643,2023-11-27,SMW-01,SmartWatch,Light,1,100.0,100.0,Meta,cpc
ORD-7644,2023-11-27,SMW-01,SmartWatch,Light,3,100.0,300.0,Meta,cpc
ORD-7645,2023-11-27,SMW-01,SmartWatch,Light,2,100.0,200.0,Meta,cpc
ORD-7646,2023-11-27,SMW-01,SmartWatch,Light,1,100.0,100.0,Meta,cpc
ORD-7647,2023-11-27,SMW-01,SmartWatch,Light,1,100.0,100.0,Meta,cpc
ORD-7648,2023-11-27,SMW-01,SmartWatch,Light,1,100.0,100.0,Meta,cpc
ORD-7649,2023-11-27,SMW-01,SmartWatch,Light,1,100.0,100.0,Meta,cpc
ORD-7650,2023-11-27,SMW-01,SmartWatch,Light,3,100.0,300.0,Meta,cpc
ORD-7651,2023-11-27,SMW-01,SmartWatch,Light,2,100.0,200.0,Meta,cpc
ORD-7652,2023-11-27,SMW-01,SmartWatch,Light,1,100.0,100.0,Meta,cpc
ORD-7653,2023-11-27,SMW-01,SmartWatch,Light,2,100.0,200.0,Meta,cpc
ORD-7654,2023-11-27,SMW-01,SmartWatch,Light,2,100.0,200.0,Meta,cpc
ORD-7655,2023-11-27,SMW-01,SmartWatch,Light,2,100.0,200.0,Meta,cpc
ORD-7656,2023-11-27,SMW-01,SmartWatch,Light,1,100.0,100.0,Meta,cpc
ORD-7657,2023-11-27,SMW-01,SmartWatch,Light,1,100.0,100.0,Meta,cpc
ORD-7658,2023-11-27,SMW-01,SmartWatch,Light,3,100.0,300.0,Meta,cpc
ORD-7659,2023-11-27,SMW-01,SmartWatch,Light,1,100.0,100.0,Meta,cpc
ORD-7660,2023-11-27,SMW-01,SmartWatch,Light,1,100.0,100.0,Meta,cpc
ORD-7661,2023-11-27,SMW-01,SmartWatch,Light,2,100.0,200.0,Meta,cpc
ORD-7662,2023-11-27,SMW-01,SmartWatch,Light,2,100.0,200.0,Meta,cpc
ORD-7663,2023-11-27,SMW-01,SmartWatch,Light,2,100.0,200.0,Meta,cpc
ORD-7664,2023-11-27,SMW-01,SmartWatch,Light,3,100.0,300.0,Meta,cpc
ORD-7665,2023-11-27,SMW-01,SmartWatch,Light,1,100.0,100.0,Meta,cpc
ORD-7666,2023-11-27,SMW-01,SmartWatch,Light,1,100.0,100.0,Meta,cpc
ORD-7667,2023-11-27,SMW-01,SmartWatch,Light,3,100.0,300.0,Meta,cpc
ORD-7668,2023-11-27,SMW-01,SmartWatch,Light,1,100.0,100.0,Meta,cpc
ORD-7669,2023-11-27,SMW-01,SmartWatch,Light,1,100.0,100.0,Meta,cpc
ORD-7670,2023-11-27,SMW-01,SmartWatch,Light,2,100.0,200.0,Meta,cpc
ORD-7671,2023-11-27,SMW-01,SmartWatch,Light,2,100.0,200.0,Meta,cpc
ORD-7672,2023-11-27,SMW-01,SmartWatch,Light,1,100.0,100.0,Meta,cpc
ORD-7673,2023-11-27,SMW-01,SmartWatch,Light,3,100.0,300.0,Meta,cpc
ORD-7674,2023-11-27,SMW-01,SmartWatch,Light,1,100.0,100.0,Meta,cpc
ORD-7675,2023-11-27,SMW-01,SmartWatch,Light,1,100.0,100.0,Meta,cpc
ORD-7676,2023-11-27,SMW-01,SmartWatch,Light,3,100.0,300.0,Meta,cpc
ORD-7677,2023-11-27,SMW-01,SmartWatch,Light,1,100.0,100.0,Meta,cpc
ORD-7678,2023-11-27,SMW-01,SmartWatch,Light,2,100.0,200.0,Meta,cpc
ORD-7679,2023-11-27,SMW-01,SmartWatch,Light,2,100.0,200.0,Meta,cpc
ORD-7680,2023-11-27,SMW-01,SmartWatch,Light,2,100.0,200.0,Meta,cpc
ORD-7681,2023-11-27,SMW-01,SmartWatch,Light,2,100.0,200.0,Meta,cpc
ORD-7682,2023-11-27,SMW-01,SmartWatch,Light,1,100.0,100.0,Meta,cpc
ORD-7683,2023-11-27,SMW-01,SmartWatch,Light,3,100.0,300.0,Meta,cpc
ORD-7684,2023-11-27,SMW-01,SmartWatch,Light,2,100.0,200.0,Meta,cpc
ORD-7685,2023-11-27,SMW-01,SmartWatch,Light,1,100.0,100.0,Meta,cpc
ORD-7686,2023-11-27,SMW-01,SmartWatch,Light,3,100.0,300.0,Meta,cpc
ORD-7687,2023-11-27,SMW-01,SmartWatch,Light,3,100.0,300.0,Meta,cpc
ORD-7688,2023-11-27,SMW-01,SmartWatch,Light,3,100.0,300.0,Meta,cpc
ORD-7689,2023-11-27,SMW-01,SmartWatch,Light,3,100.0,300.0,Meta,cpc
ORD-7690,2023-11-27,SMW-01,SmartWatch,Light,1,100.0,100.0,Meta,cpc
ORD-7691,2023-11-27,SMW-01,SmartWatch,Light,3,100.0,300.0,Meta,cpc
ORD-7692,2023-11-27,SMW-01,SmartWatch,Light,1,100.0,100.0,Meta,cpc
ORD-7693,2023-11-27,SMW-01,SmartWatch,Light,2,100.0,200.0,Meta,cpc
ORD-7694,2023-11-27,SMW-01,SmartWatch,Light,2,100.0,200.0,Meta,cpc
ORD-7695,2023-11-27,SMW-01,SmartWatch,Light,1,100.0,100.0,Meta,cpc
ORD-7696,2023-11-27,SMW-01,SmartWatch,Light,1,100.0,100.0,Meta,cpc
ORD-7697,2023-11-27,SMW-01,SmartWatch,Light,3,100.0,300.0,Meta,cpc
ORD-7698,2023-11-27,SMW-01,SmartWatch,Light,3,100.0,300.0,Meta,cpc
ORD-7699,2023-11-27,SMW-01,SmartWatch,Light,1,100.0,100.0,Meta,cpc
ORD-7700,2023-11-27,SMW-01,SmartWatch,Light,2,100.0,200.0,Meta,cpc
ORD-7701,2023-11-28,SMW-01,SmartWatch,Light,1,100.0,100.0,Meta,cpc
ORD-7702,2023-11-28,SMW-01,SmartWatch,Light,3,100.0,300.0,Meta,cpc
ORD-7703,2023-11-28,SMW-01,SmartWatch,Light,1,100.0,100.0,Meta,cpc
ORD-7704,2023-11-28,SMW-01,SmartWatch,Light,1,100.0,100.0,Meta,cpc
ORD-7705,2023-11-28,SMW-01,SmartWatch,Light,3,100.0,300.0,Meta,cpc
ORD-7706,2023-11-28,SMW-01,SmartWatch,Light,1,100.0,100.0,Meta,cpc
ORD-7707,2023-11-28,SMW-01,SmartWatch,Light,1,100.0,100.0,Meta,cpc
ORD-7708,2023-11-28,SMW-01,SmartWatch,Light,2,100.0,200.0,Meta,cpc
ORD-7709,2023-11-28,SMW-01,SmartWatch,Light,1,100.0,100.0,Meta,cpc
ORD-7710,2023-11-28,SMW-01,SmartWatch,Light,3,100.0,300.0,Meta,cpc
ORD-7711,2023-11-28,SMW-01,SmartWatch,Light,2,100.0,200.0,Meta,cpc
ORD-7712,2023-11-28,SMW-01,SmartWatch,Light,3,100.0,300.0,Meta,cpc
ORD-7713,2023-11-28,SMW-01,SmartWatch,Light,2,100.0,200.0,Meta,cpc
ORD-7714,2023-11-28,SMW-01,SmartWatch,Light,3,100.0,300.0,Meta,cpc
ORD-7715,2023-11-28,SMW-01,SmartWatch,Light,2,100.0,200.0,Meta,cpc
ORD-7716,2023-11-28,SMW-01,SmartWatch,Light,3,100.0,300.0,Meta,cpc
ORD-7717,2023-11-28,SMW-01,SmartWatch,Light,1,100.0,100.0,Meta,cpc
ORD-7718,2023-11-28,SMW-01,SmartWatch,Light,1,100.0,100.0,Meta,cpc
ORD-7719,2023-11-28,SMW-01,SmartWatch,Light,3,100.0,300.0,Meta,cpc
ORD-7720,2023-11-28,SMW-01,SmartWatch,Light,2,100.0,200.0,Meta,cpc
ORD-7721,2023-11-28,SMW-01,SmartWatch,Light,2,100.0,200.0,Meta,cpc
ORD-7722,2023-11-28,SMW-01,SmartWatch,Light,1,100.0,100.0,Meta,cpc
ORD-7723,2023-11-28,SMW-01,SmartWatch,Light,1,100.0,100.0,Meta,cpc
ORD-7724,2023-11-28,SMW-01,SmartWatch,Light,1,100.0,100.0,Meta,cpc
ORD-7725,2023-11-28,SMW-01,SmartWatch,Light,2,100.0,200.0,Meta,cpc
ORD-7726,2023-11-28,SMW-01,SmartWatch,Light,2,100.0,200.0,Meta,cpc
ORD-7727,2023-11-28,SMW-01,SmartWatch,Light,1,100.0,100.0,Meta,cpc
ORD-7728,2023-11-28,SMW-01,SmartWatch,Light,1,100.0,100.0,Meta,cpc
ORD-7729,2023-11-28,SMW-01,SmartWatch,Light,2,100.0,200.0,Meta,cpc
ORD-7730,2023-11-28,SMW-01,SmartWatch,Light,2,100.0,200.0,Meta,cpc
ORD-7731,2023-11-28,SMW-01,SmartWatch,Light,2,100.0,200.0,Meta,cpc
ORD-7732,2023-11-28,SMW-01,SmartWatch,Light,3,100.0,300.0,Meta,cpc
ORD-7733,2023-11-28,SMW-01,SmartWatch,Light,1,100.0,100.0,Meta,cpc
ORD-7734,2023-11-28,SMW-01,SmartWatch,Light,1,100.0,100.0,Meta,cpc
ORD-7735,2023-11-28,SMW-01,SmartWatch,Light,2,100.0,200.0,Meta,cpc
ORD-7736,2023-11-28,SMW-01,SmartWatch,Light,2,100.0,200.0,Meta,cpc
ORD-7737,2023-11-28,SMW-01,SmartWatch,Light,3,100.0,300.0,Meta,cpc
ORD-7738,2023-11-28,SMW-01,SmartWatch,Light,2,100.0,200.0,Meta,cpc
ORD-7739,2023-11-28,SMW-01,SmartWatch,Light,2,100.0,200.0,Meta,cpc
ORD-7740,2023-11-28,SMW-01,SmartWatch,Light,3,100.0,300.0,Meta,cpc
ORD-7741,2023-11-28,SMW-01,SmartWatch,Light,3,100.0,300.0,Meta,cpc
ORD-7742,2023-11-28,SMW-01,SmartWatch,Light,1,100.0,100.0,Meta,cpc
ORD-7743,2023-11-28,SMW-01,SmartWatch,Light,1,100.0,100.0,Meta,cpc
ORD-7744,2023-11-28,SMW-01,SmartWatch,Light,3,100.0,300.0,Meta,cpc
ORD-7745,2023-11-28,SMW-01,SmartWatch,Light,2,100.0,200.0,Meta,cpc
ORD-7746,2023-11-28,SMW-01,SmartWatch,Light,1,100.0,100.0,Meta,cpc
ORD-7747,2023-11-28,SMW-01,SmartWatch,Light,1,100.0,100.0,Meta,cpc
ORD-7748,2023-11-28,SMW-01,SmartWatch,Light,2,100.0,200.0,Meta,cpc
ORD-7749,2023-11-28,SMW-01,SmartWatch,Light,2,100.0,200.0,Meta,cpc
ORD-7750,2023-11-28,SMW-01,SmartWatch,Light,2,100.0,200.0,Meta,cpc
ORD-7751,2023-11-28,SMW-01,SmartWatch,Light,2,100.0,200.0,Meta,cpc
ORD-7752,2023-11-28,SMW-01,SmartWatch,Light,3,100.0,300.0,Meta,cpc
ORD-7753,2023-11-28,SMW-01,SmartWatch,Light,3,100.0,300.0,Meta,cpc
ORD-7754,2023-11-28,SMW-01,SmartWatch,Light,2,100.0,200.0,Meta,cpc
ORD-7755,2023-11-28,SMW-01,SmartWatch,Light,1,100.0,100.0,Meta,cpc
ORD-7756,2023-11-28,SMW-01,SmartWatch,Light,2,100.0,200.0,Meta,cpc
ORD-7757,2023-11-28,SMW-01,SmartWatch,Light,1,100.0,100.0,Meta,cpc
ORD-7758,2023-11-28,SMW-01,SmartWatch,Light,1,100.0,100.0,Meta,cpc
ORD-7759,2023-11-28,SMW-01,SmartWatch,Light,3,100.0,300.0,Meta,cpc
ORD-7760,2023-11-28,SMW-01,SmartWatch,Light,3,100.0,300.0,Meta,cpc
ORD-7761,2023-11-28,SMW-01,SmartWatch,Light,1,100.0,100.0,Meta,cpc
ORD-7762,2023-11-28,SMW-01,SmartWatch,Light,1,100.0,100.0,Meta,cpc
ORD-7763,2023-11-28,SMW-01,SmartWatch,Light,2,100.0,200.0,Meta,cpc
ORD-7764,2023-11-28,SMW-01,SmartWatch,Light,2,100.0,200.0,Meta,cpc
ORD-7765,2023-11-28,SMW-01,SmartWatch,Light,2,100.0,200.0,Meta,cpc
ORD-7766,2023-11-28,SMW-01,SmartWatch,Light,1,100.0,100.0,Meta,cpc
ORD-7767,2023-11-29,SMW-01,SmartWatch,Light,2,100.0,200.0,Meta,cpc
ORD-7768,2023-11-29,SMW-01,SmartWatch,Light,1,100.0,100.0,Meta,cpc
ORD-7769,2023-11-29,SMW-01,SmartWatch,Light,2,100.0,200.0,Meta,cpc
ORD-7770,2023-11-29,SMW-01,SmartWatch,Light,1,100.0,100.0,Meta,cpc
ORD-7771,2023-11-29,SMW-01,SmartWatch,Light,3,100.0,300.0,Meta,cpc
ORD-7772,2023-11-29,SMW-01,SmartWatch,Light,3,100.0,300.0,Meta,cpc
ORD-7773,2023-11-29,SMW-01,SmartWatch,Light,1,100.0,100.0,Meta,cpc
ORD-7774,2023-11-29,SMW-01,SmartWatch,Light,3,100.0,300.0,Meta,cpc
ORD-7775,2023-11-29,SMW-01,SmartWatch,Light,1,100.0,100.0,Meta,cpc
ORD-7776,2023-11-29,SMW-01,SmartWatch,Light,3,100.0,300.0,Meta,cpc
ORD-7777,2023-11-29,SMW-01,SmartWatch,Light,3,100.0,300.0,Meta,cpc
ORD-7778,2023-11-29,SMW-01,SmartWatch,Light,3,100.0,300.0,Meta,cpc
ORD-7779,2023-11-29,SMW-01,SmartWatch,Light,3,100.0,300.0,Meta,cpc
ORD-7780,2023-11-29,SMW-01,SmartWatch,Light,2,100.0,200.0,Meta,cpc
ORD-7781,2023-11-29,SMW-01,SmartWatch,Light,2,100.0,200.0,Meta,cpc
ORD-7782,2023-11-29,SMW-01,SmartWatch,Light,2,100.0,200.0,Meta,cpc
ORD-7783,2023-11-29,SMW-01,SmartWatch,Light,3,100.0,300.0,Meta,cpc
ORD-7784,2023-11-29,SMW-01,SmartWatch,Light,3,100.0,300.0,Meta,cpc
ORD-7785,2023-11-29,SMW-01,SmartWatch,Light,3,100.0,300.0,Meta,cpc
ORD-7786,2023-11-29,SMW-01,SmartWatch,Light,2,100.0,200.0,Meta,cpc
ORD-7787,2023-11-29,SMW-01,SmartWatch,Light,3,100.0,300.0,Meta,cpc
ORD-7788,2023-11-29,SMW-01,SmartWatch,Light,3,100.0,300.0,Meta,cpc
ORD-7789,2023-11-29,SMW-01,SmartWatch,Light,2,100.0,200.0,Meta,cpc
ORD-7790,2023-11-29,SMW-01,SmartWatch,Light,2,100.0,200.0,Meta,cpc
ORD-7791,2023-11-29,SMW-01,SmartWatch,Light,1,100.0,100.0,Meta,cpc
ORD-7792,2023-11-29,SMW-01,SmartWatch,Light,2,100.0,200.0,Meta,cpc
ORD-7793,2023-11-29,SMW-01,SmartWatch,Light,3,100.0,300.0,Meta,cpc
ORD-7794,2023-11-29,SMW-01,SmartWatch,Light,3,100.0,300.0,Meta,cpc
ORD-7795,2023-11-29,SMW-01,SmartWatch,Light,1,100.0,100.0,Meta,cpc
ORD-7796,2023-11-29,SMW-01,SmartWatch,Light,3,100.0,300.0,Meta,cpc
ORD-7797,2023-11-29,SMW-01,SmartWatch,Light,2,100.0,200.0,Meta,cpc
ORD-7798,2023-11-29,SMW-01,SmartWatch,Light,2,100.0,200.0,Meta,cpc
ORD-7799,2023-11-29,SMW-01,SmartWatch,Light,3,100.0,300.0,Meta,cpc
ORD-7800,2023-11-29,SMW-01,SmartWatch,Light,1,100.0,100.0,Meta,cpc
ORD-7801,2023-11-29,SMW-01,SmartWatch,Light,3,100.0,300.0,Meta,cpc
ORD-7802,2023-11-29,SMW-01,SmartWatch,Light,3,100.0,300.0,Meta,cpc
ORD-7803,2023-11-29,SMW-01,SmartWatch,Light,3,100.0,300.0,Meta,cpc
ORD-7804,2023-11-29,SMW-01,SmartWatch,Light,3,100.0,300.0,Meta,cpc
ORD-7805,2023-11-29,SMW-01,SmartWatch,Light,2,100.0,200.0,Meta,cpc
ORD-7806,2023-11-29,SMW-01,SmartWatch,Light,3,100.0,300.0,Meta,cpc
ORD-7807,2023-11-29,SMW-01,SmartWatch,Light,2,100.0,200.0,Meta,cpc
ORD-7808,2023-11-29,SMW-01,SmartWatch,Light,3,100.0,300.0,Meta,cpc
ORD-7809,2023-11-29,SMW-01,SmartWatch,Light,2,100.0,200.0,Meta,cpc
ORD-7810,2023-11-29,SMW-01,SmartWatch,Light,1,100.0,100.0,Meta,cpc
ORD-7811,2023-11-29,SMW-01,SmartWatch,Light,2,100.0,200.0,Meta,cpc
ORD-7812,2023-11-29,SMW-01,SmartWatch,Light,1,100.0,100.0,Meta,cpc
ORD-7813,2023-11-29,SMW-01,SmartWatch,Light,1,100.0,100.0,Meta,cpc
ORD-7814,2023-11-29,SMW-01,SmartWatch,Light,3,100.0,300.0,Meta,cpc
ORD-7815,2023-11-29,SMW-01,SmartWatch,Light,2,100.0,200.0,Meta,cpc
ORD-7816,2023-11-29,SMW-01,SmartWatch,Light,2,100.0,200.0,Meta,cpc
ORD-7817,2023-11-30,SMW-01,SmartWatch,Light,3,100.0,300.0,Meta,cpc
ORD-7818,2023-11-30,SMW-01,SmartWatch,Light,3,100.0,300.0,Meta,cpc
ORD-7819,2023-11-30,SMW-01,SmartWatch,Light,3,100.0,300.0,Meta,cpc
ORD-7820,2023-11-30,SMW-01,SmartWatch,Light,1,100.0,100.0,Meta,cpc
ORD-7821,2023-11-30,SMW-01,SmartWatch,Light,3,100.0,300.0,Meta,cpc
ORD-7822,2023-11-30,SMW-01,SmartWatch,Light,3,100.0,300.0,Meta,cpc
ORD-7823,2023-11-30,SMW-01,SmartWatch,Light,2,100.0,200.0,Meta,cpc
ORD-7824,2023-11-30,SMW-01,SmartWatch,Light,1,100.0,100.0,Meta,cpc
ORD-7825,2023-11-30,SMW-01,SmartWatch,Light,1,100.0,100.0,Meta,cpc
ORD-7826,2023-11-30,SMW-01,SmartWatch,Light,3,100.0,300.0,Meta,cpc
ORD-7827,2023-11-30,SMW-01,SmartWatch,Light,3,100.0,300.0,Meta,cpc
ORD-7828,2023-11-30,SMW-01,SmartWatch,Light,2,100.0,200.0,Meta,cpc
ORD-7829,2023-11-30,SMW-01,SmartWatch,Light,3,100.0,300.0,Meta,cpc
ORD-7830,2023-11-30,SMW-01,SmartWatch,Light,2,100.0,200.0,Meta,cpc
ORD-7831,2023-11-30,SMW-01,SmartWatch,Light,3,100.0,300.0,Meta,cpc
ORD-7832,2023-11-30,SMW-01,SmartWatch,Light,1,100.0,100.0,Meta,cpc
ORD-7833,2023-11-30,SMW-01,SmartWatch,Light,1,100.0,100.0,Meta,cpc
ORD-7834,2023-11-30,SMW-01,SmartWatch,Light,1,100.0,100.0,Meta,cpc
ORD-7835,2023-11-30,SMW-01,SmartWatch,Light,3,100.0,300.0,Meta,cpc
ORD-7836,2023-11-30,SMW-01,SmartWatch,Light,3,100.0,300.0,Meta,cpc
ORD-7837,2023-11-30,SMW-01,SmartWatch,Light,2,100.0,200.0,Meta,cpc
ORD-7838,2023-11-30,SMW-01,SmartWatch,Light,1,100.0,100.0,Meta,cpc
ORD-7839,2023-11-30,SMW-01,SmartWatch,Light,2,100.0,200.0,Meta,cpc
ORD-7840,2023-11-30,SMW-01,SmartWatch,Light,3,100.0,300.0,Meta,cpc
ORD-7841,2023-11-30,SMW-01,SmartWatch,Light,2,100.0,200.0,Meta,cpc
ORD-7842,2023-11-30,SMW-01,SmartWatch,Light,3,100.0,300.0,Meta,cpc
ORD-7843,2023-11-30,SMW-01,SmartWatch,Light,1,100.0,100.0,Meta,cpc
ORD-7844,2023-11-30,SMW-01,SmartWatch,Light,3,100.0,300.0,Meta,cpc
ORD-7845,2023-11-30,SMW-01,SmartWatch,Light,1,100.0,100.0,Meta,cpc
ORD-7846,2023-11-30,SMW-01,SmartWatch,Light,2,100.0,200.0,Meta,cpc
ORD-7847,2023-11-30,SMW-01,SmartWatch,Light,2,100.0,200.0,Meta,cpc
ORD-7848,2023-11-30,SMW-01,SmartWatch,Light,3,100.0,300.0,Meta,cpc
ORD-7849,2023-11-30,SMW-01,SmartWatch,Light,3,100.0,300.0,Meta,cpc
ORD-7850,2023-11-30,SMW-01,SmartWatch,Light,2,100.0,200.0,Meta,cpc
ORD-7851,2023-11-30,SMW-01,SmartWatch,Light,1,100.0,100.0,Meta,cpc
ORD-7852,2023-11-30,SMW-01,SmartWatch,Light,1,100.0,100.0,Meta,cpc
ORD-7853,2023-11-30,SMW-01,SmartWatch,Light,3,100.0,300.0,Meta,cpc
ORD-7854,2023-11-30,SMW-01,SmartWatch,Light,1,100.0,100.0,Meta,cpc
ORD-7855,2023-11-30,SMW-01,SmartWatch,Light,2,100.0,200.0,Meta,cpc
ORD-7856,2023-11-30,SMW-01,SmartWatch,Light,2,100.0,200.0,Meta,cpc
ORD-7857,2023-11-30,SMW-01,SmartWatch,Light,3,100.0,300.0,Meta,cpc
ORD-7858,2023-11-30,SMW-01,SmartWatch,Light,3,100.0,300.0,Meta,cpc
ORD-7859,2023-11-30,SMW-01,SmartWatch,Light,1,100.0,100.0,Meta,cpc
ORD-7860,2023-11-30,SMW-01,SmartWatch,Light,2,100.0,200.0,Meta,cpc
ORD-7861,2023-11-30,SMW-01,SmartWatch,Light,2,100.0,200.0,Meta,cpc
ORD-7862,2023-11-30,SMW-01,SmartWatch,Light,1,100.0,100.0,Meta,cpc
ORD-7863,2023-11-30,SMW-01,SmartWatch,Light,3,100.0,300.0,Meta,cpc
ORD-7864,2023-11-30,SMW-01,SmartWatch,Light,3,100.0,300.0,Meta,cpc
ORD-7865,2023-11-30,SMW-01,SmartWatch,Light,3,100.0,300.0,Meta,cpc
ORD-7866,2023-11-30,SMW-01,SmartWatch,Light,3,100.0,300.0,Meta,cpc
ORD-7867,2023-11-30,SMW-01,SmartWatch,Light,3,100.0,300.0,Meta,cpc
ORD-7868,2023-11-19,YOG-01,Yoga Mat,Fitness Accessory,3,50.0,150.0,Meta,cpc
ORD-7869,2023-11-19,YOG-01,Yoga Mat,Fitness Accessory,3,50.0,150.0,Meta,cpc
ORD-7870,2023-11-19,YOG-01,Yoga Mat,Fitness Accessory,3,50.0,150.0,Meta,cpc
ORD-7871,2023-11-19,YOG-01,Yoga Mat,Fitness Accessory,1,50.0,50.0,Meta,cpc
ORD-7872,2023-11-19,YOG-01,Yoga Mat,Fitness Accessory,2,50.0,100.0,Meta,cpc
ORD-7873,2023-11-19,YOG-01,Yoga Mat,Fitness Accessory,2,50.0,100.0,Meta,cpc
ORD-7874,2023-11-19,YOG-01,Yoga Mat,Fitness Accessory,2,50.0,100.0,Meta,cpc
ORD-7875,2023-11-19,YOG-01,Yoga Mat,Fitness Accessory,3,50.0,150.0,Meta,cpc
ORD-7876,2023-11-19,YOG-01,Yoga Mat,Fitness Accessory,3,50.0,150.0,Meta,cpc
ORD-7877,2023-11-19,YOG-01,Yoga Mat,Fitness Accessory,3,50.0,150.0,Meta,cpc
ORD-7878,2023-11-19,YOG-01,Yoga Mat,Fitness Accessory,3,50.0,150.0,Meta,cpc
ORD-7879,2023-11-19,YOG-01,Yoga Mat,Fitness Accessory,1,50.0,50.0,Meta,cpc
ORD-7880,2023-11-19,YOG-01,Yoga Mat,Fitness Accessory,3,50.0,150.0,Meta,cpc
ORD-7881,2023-11-19,YOG-01,Yoga Mat,Fitness Accessory,2,50.0,100.0,Meta,cpc
ORD-7882,2023-11-19,YOG-01,Yoga Mat,Fitness Accessory,3,50.0,150.0,Meta,cpc
ORD-7883,2023-11-19,YOG-01,Yoga Mat,Fitness Accessory,3,50.0,150.0,Meta,cpc
ORD-7884,2023-11-19,YOG-01,Yoga Mat,Fitness Accessory,1,50.0,50.0,Meta,cpc
ORD-7885,2023-11-19,YOG-01,Yoga Mat,Fitness Accessory,1,50.0,50.0,Meta,cpc
ORD-7886,2023-11-19,YOG-01,Yoga Mat,Fitness Accessory,2,50.0,100.0,Meta,cpc
ORD-7887,2023-11-19,YOG-01,Yoga Mat,Fitness Accessory,3,50.0,150.0,Meta,cpc
ORD-7888,2023-11-19,YOG-01,Yoga Mat,Fitness Accessory,3,50.0,150.0,Meta,cpc
ORD-7889,2023-11-19,YOG-01,Yoga Mat,Fitness Accessory,1,50.0,50.0,Meta,cpc
ORD-7890,2023-11-19,YOG-01,Yoga Mat,Fitness Accessory,2,50.0,100.0,Meta,cpc
ORD-7891,2023-11-19,YOG-01,Yoga Mat,Fitness Accessory,2,50.0,100.0,Meta,cpc
ORD-7892,2023-11-19,YOG-01,Yoga Mat,Fitness Accessory,1,50.0,50.0,Meta,cpc
ORD-7893,2023-11-19,YOG-01,Yoga Mat,Fitness Accessory,1,50.0,50.0,Meta,cpc
ORD-7894,2023-11-19,YOG-01,Yoga Mat,Fitness Accessory,3,50.0,150.0,Meta,cpc
ORD-7895,2023-11-19,YOG-01,Yoga Mat,Fitness Accessory,2,50.0,100.0,Meta,cpc
ORD-7896,2023-11-19,YOG-01,Yoga Mat,Fitness Accessory,2,50.0,100.0,Meta,cpc
ORD-7897,2023-11-19,YOG-01,Yoga Mat,Fitness Accessory,1,50.0,50.0,Meta,cpc
ORD-7898,2023-11-19,YOG-01,Yoga Mat,Fitness Accessory,1,50.0,50.0,Meta,cpc
ORD-7899,2023-11-19,YOG-01,Yoga Mat,Fitness Accessory,1,50.0,50.0,Meta,cpc
ORD-7900,2023-11-19,YOG-01,Yoga Mat,Fitness Accessory,2,50.0,100.0,Meta,cpc
ORD-7901,2023-11-19,YOG-01,Yoga Mat,Fitness Accessory,1,50.0,50.0,Meta,cpc
ORD-7902,2023-11-19,YOG-01,Yoga Mat,Fitness Accessory,2,50.0,100.0,Meta,cpc
ORD-7903,2023-11-19,YOG-01,Yoga Mat,Fitness Accessory,1,50.0,50.0,Meta,cpc
ORD-7904,2023-11-19,YOG-01,Yoga Mat,Fitness Accessory,2,50.0,100.0,Meta,cpc
ORD-7905,2023-11-19,YOG-01,Yoga Mat,Fitness Accessory,1,50.0,50.0,Meta,cpc
ORD-7906,2023-11-19,YOG-01,Yoga Mat,Fitness Accessory,2,50.0,100.0,Meta,cpc
ORD-7907,2023-11-19,YOG-01,Yoga Mat,Fitness Accessory,3,50.0,150.0,Meta,cpc
ORD-7908,2023-11-19,YOG-01,Yoga Mat,Fitness Accessory,3,50.0,150.0,Meta,cpc
ORD-7909,2023-11-19,YOG-01,Yoga Mat,Fitness Accessory,2,50.0,100.0,Meta,cpc
ORD-7910,2023-11-19,YOG-01,Yoga Mat,Fitness Accessory,3,50.0,150.0,Meta,cpc
ORD-7911,2023-11-20,YOG-01,Yoga Mat,Fitness Accessory,3,50.0,150.0,Meta,cpc
ORD-7912,2023-11-20,YOG-01,Yoga Mat,Fitness Accessory,3,50.0,150.0,Meta,cpc
ORD-7913,2023-11-20,YOG-01,Yoga Mat,Fitness Accessory,2,50.0,100.0,Meta,cpc
ORD-7914,2023-11-20,YOG-01,Yoga Mat,Fitness Accessory,2,50.0,100.0,Meta,cpc
ORD-7915,2023-11-20,YOG-01,Yoga Mat,Fitness Accessory,3,50.0,150.0,Meta,cpc
ORD-7916,2023-11-20,YOG-01,Yoga Mat,Fitness Accessory,2,50.0,100.0,Meta,cpc
ORD-7917,2023-11-20,YOG-01,Yoga Mat,Fitness Accessory,3,50.0,150.0,Meta,cpc
ORD-7918,2023-11-20,YOG-01,Yoga Mat,Fitness Accessory,2,50.0,100.0,Meta,cpc
ORD-7919,2023-11-20,YOG-01,Yoga Mat,Fitness Accessory,2,50.0,100.0,Meta,cpc
ORD-7920,2023-11-20,YOG-01,Yoga Mat,Fitness Accessory,3,50.0,150.0,Meta,cpc
ORD-7921,2023-11-20,YOG-01,Yoga Mat,Fitness Accessory,2,50.0,100.0,Meta,cpc
ORD-7922,2023-11-20,YOG-01,Yoga Mat,Fitness Accessory,3,50.0,150.0,Meta,cpc
ORD-7923,2023-11-20,YOG-01,Yoga Mat,Fitness Accessory,2,50.0,100.0,Meta,cpc
ORD-7924,2023-11-20,YOG-01,Yoga Mat,Fitness Accessory,1,50.0,50.0,Meta,cpc
ORD-7925,2023-11-20,YOG-01,Yoga Mat,Fitness Accessory,1,50.0,50.0,Meta,cpc
ORD-7926,2023-11-20,YOG-01,Yoga Mat,Fitness Accessory,3,50.0,150.0,Meta,cpc
ORD-7927,2023-11-20,YOG-01,Yoga Mat,Fitness Accessory,1,50.0,50.0,Meta,cpc
ORD-7928,2023-11-20,YOG-01,Yoga Mat,Fitness Accessory,2,50.0,100.0,Meta,cpc
ORD-7929,2023-11-20,YOG-01,Yoga Mat,Fitness Accessory,3,50.0,150.0,Meta,cpc
ORD-7930,2023-11-20,YOG-01,Yoga Mat,Fitness Accessory,2,50.0,100.0,Meta,cpc
ORD-7931,2023-11-20,YOG-01,Yoga Mat,Fitness Accessory,1,50.0,50.0,Meta,cpc
ORD-7932,2023-11-20,YOG-01,Yoga Mat,Fitness Accessory,3,50.0,150.0,Meta,cpc
ORD-7933,2023-11-20,YOG-01,Yoga Mat,Fitness Accessory,3,50.0,150.0,Meta,cpc
ORD-7934,2023-11-20,YOG-01,Yoga Mat,Fitness Accessory,3,50.0,150.0,Meta,cpc
ORD-7935,2023-11-20,YOG-01,Yoga Mat,Fitness Accessory,1,50.0,50.0,Meta,cpc
ORD-7936,2023-11-20,YOG-01,Yoga Mat,Fitness Accessory,3,50.0,150.0,Meta,cpc
ORD-7937,2023-11-20,YOG-01,Yoga Mat,Fitness Accessory,1,50.0,50.0,Meta,cpc
ORD-7938,2023-11-20,YOG-01,Yoga Mat,Fitness Accessory,2,50.0,100.0,Meta,cpc
ORD-7939,2023-11-20,YOG-01,Yoga Mat,Fitness Accessory,2,50.0,100.0,Meta,cpc
ORD-7940,2023-11-20,YOG-01,Yoga Mat,Fitness Accessory,1,50.0,50.0,Meta,cpc
ORD-7941,2023-11-20,YOG-01,Yoga Mat,Fitness Accessory,3,50.0,150.0,Meta,cpc
ORD-7942,2023-11-20,YOG-01,Yoga Mat,Fitness Accessory,1,50.0,50.0,Meta,cpc
ORD-7943,2023-11-20,YOG-01,Yoga Mat,Fitness Accessory,3,50.0,150.0,Meta,cpc
ORD-7944,2023-11-20,YOG-01,Yoga Mat,Fitness Accessory,2,50.0,100.0,Meta,cpc
ORD-7945,2023-11-20,YOG-01,Yoga Mat,Fitness Accessory,1,50.0,50.0,Meta,cpc
ORD-7946,2023-11-20,YOG-01,Yoga Mat,Fitness Accessory,3,50.0,150.0,Meta,cpc
ORD-7947,2023-11-20,YOG-01,Yoga Mat,Fitness Accessory,2,50.0,100.0,Meta,cpc
ORD-7948,2023-11-20,YOG-01,Yoga Mat,Fitness Accessory,1,50.0,50.0,Meta,cpc
ORD-7949,2023-11-20,YOG-01,Yoga Mat,Fitness Accessory,1,50.0,50.0,Meta,cpc
ORD-7950,2023-11-20,YOG-01,Yoga Mat,Fitness Accessory,1,50.0,50.0,Meta,cpc
ORD-7951,2023-11-21,YOG-01,Yoga Mat,Fitness Accessory,3,50.0,150.0,Meta,cpc
ORD-7952,2023-11-21,YOG-01,Yoga Mat,Fitness Accessory,2,50.0,100.0,Meta,cpc
ORD-7953,2023-11-21,YOG-01,Yoga Mat,Fitness Accessory,1,50.0,50.0,Meta,cpc
ORD-7954,2023-11-21,YOG-01,Yoga Mat,Fitness Accessory,3,50.0,150.0,Meta,cpc
ORD-7955,2023-11-21,YOG-01,Yoga Mat,Fitness Accessory,1,50.0,50.0,Meta,cpc
ORD-7956,2023-11-21,YOG-01,Yoga Mat,Fitness Accessory,1,50.0,50.0,Meta,cpc
ORD-7957,2023-11-21,YOG-01,Yoga Mat,Fitness Accessory,2,50.0,100.0,Meta,cpc
ORD-7958,2023-11-21,YOG-01,Yoga Mat,Fitness Accessory,2,50.0,100.0,Meta,cpc
ORD-7959,2023-11-21,YOG-01,Yoga Mat,Fitness Accessory,2,50.0,100.0,Meta,cpc
ORD-7960,2023-11-21,YOG-01,Yoga Mat,Fitness Accessory,2,50.0,100.0,Meta,cpc
ORD-7961,2023-11-21,YOG-01,Yoga Mat,Fitness Accessory,2,50.0,100.0,Meta,cpc
ORD-7962,2023-11-21,YOG-01,Yoga Mat,Fitness Accessory,2,50.0,100.0,Meta,cpc
ORD-7963,2023-11-21,YOG-01,Yoga Mat,Fitness Accessory,1,50.0,50.0,Meta,cpc
ORD-7964,2023-11-21,YOG-01,Yoga Mat,Fitness Accessory,1,50.0,50.0,Meta,cpc
ORD-7965,2023-11-21,YOG-01,Yoga Mat,Fitness Accessory,1,50.0,50.0,Meta,cpc
ORD-7966,2023-11-21,YOG-01,Yoga Mat,Fitness Accessory,3,50.0,150.0,Meta,cpc
ORD-7967,2023-11-21,YOG-01,Yoga Mat,Fitness Accessory,2,50.0,100.0,Meta,cpc
ORD-7968,2023-11-21,YOG-01,Yoga Mat,Fitness Accessory,1,50.0,50.0,Meta,cpc
ORD-7969,2023-11-21,YOG-01,Yoga Mat,Fitness Accessory,2,50.0,100.0,Meta,cpc
ORD-7970,2023-11-21,YOG-01,Yoga Mat,Fitness Accessory,2,50.0,100.0,Meta,cpc
ORD-7971,2023-11-21,YOG-01,Yoga Mat,Fitness Accessory,1,50.0,50.0,Meta,cpc
ORD-7972,2023-11-21,YOG-01,Yoga Mat,Fitness Accessory,1,50.0,50.0,Meta,cpc
ORD-7973,2023-11-21,YOG-01,Yoga Mat,Fitness Accessory,3,50.0,150.0,Meta,cpc
ORD-7974,2023-11-21,YOG-01,Yoga Mat,Fitness Accessory,2,50.0,100.0,Meta,cpc
ORD-7975,2023-11-21,YOG-01,Yoga Mat,Fitness Accessory,1,50.0,50.0,Meta,cpc
ORD-7976,2023-11-21,YOG-01,Yoga Mat,Fitness Accessory,1,50.0,50.0,Meta,cpc
ORD-7977,2023-11-21,YOG-01,Yoga Mat,Fitness Accessory,3,50.0,150.0,Meta,cpc
ORD-7978,2023-11-21,YOG-01,Yoga Mat,Fitness Accessory,2,50.0,100.0,Meta,cpc
ORD-7979,2023-11-21,YOG-01,Yoga Mat,Fitness Accessory,1,50.0,50.0,Meta,cpc
ORD-7980,2023-11-21,YOG-01,Yoga Mat,Fitness Accessory,1,50.0,50.0,Meta,cpc
ORD-7981,2023-11-21,YOG-01,Yoga Mat,Fitness Accessory,2,50.0,100.0,Meta,cpc
ORD-7982,2023-11-21,YOG-01,Yoga Mat,Fitness Accessory,2,50.0,100.0,Meta,cpc
ORD-7983,2023-11-21,YOG-01,Yoga Mat,Fitness Accessory,3,50.0,150.0,Meta,cpc
ORD-7984,2023-11-21,YOG-01,Yoga Mat,Fitness Accessory,2,50.0,100.0,Meta,cpc
ORD-7985,2023-11-21,YOG-01,Yoga Mat,Fitness Accessory,3,50.0,150.0,Meta,cpc
ORD-7986,2023-11-21,YOG-01,Yoga Mat,Fitness Accessory,2,50.0,100.0,Meta,cpc
ORD-7987,2023-11-21,YOG-01,Yoga Mat,Fitness Accessory,2,50.0,100.0,Meta,cpc
ORD-7988,2023-11-21,YOG-01,Yoga Mat,Fitness Accessory,2,50.0,100.0,Meta,cpc
ORD-7989,2023-11-21,YOG-01,Yoga Mat,Fitness Accessory,2,50.0,100.0,Meta,cpc
ORD-7990,2023-11-21,YOG-01,Yoga Mat,Fitness Accessory,3,50.0,150.0,Meta,cpc
ORD-7991,2023-11-21,YOG-01,Yoga Mat,Fitness Accessory,2,50.0,100.0,Meta,cpc
ORD-7992,2023-11-22,YOG-01,Yoga Mat,Fitness Accessory,1,50.0,50.0,Meta,cpc
ORD-7993,2023-11-22,YOG-01,Yoga Mat,Fitness Accessory,1,50.0,50.0,Meta,cpc
ORD-7994,2023-11-22,YOG-01,Yoga Mat,Fitness Accessory,3,50.0,150.0,Meta,cpc
ORD-7995,2023-11-22,YOG-01,Yoga Mat,Fitness Accessory,3,50.0,150.0,Meta,cpc
ORD-7996,2023-11-22,YOG-01,Yoga Mat,Fitness Accessory,2,50.0,100.0,Meta,cpc
ORD-7997,2023-11-22,YOG-01,Yoga Mat,Fitness Accessory,2,50.0,100.0,Meta,cpc
ORD-7998,2023-11-22,YOG-01,Yoga Mat,Fitness Accessory,3,50.0,150.0,Meta,cpc
ORD-7999,2023-11-22,YOG-01,Yoga Mat,Fitness Accessory,2,50.0,100.0,Meta,cpc
ORD-8000,2023-11-22,YOG-01,Yoga Mat,Fitness Accessory,1,50.0,50.0,Meta,cpc
ORD-8001,2023-11-22,YOG-01,Yoga Mat,Fitness Accessory,3,50.0,150.0,Meta,cpc
ORD-8002,2023-11-22,YOG-01,Yoga Mat,Fitness Accessory,2,50.0,100.0,Meta,cpc
ORD-8003,2023-11-22,YOG-01,Yoga Mat,Fitness Accessory,1,50.0,50.0,Meta,cpc
ORD-8004,2023-11-22,YOG-01,Yoga Mat,Fitness Accessory,3,50.0,150.0,Meta,cpc
ORD-8005,2023-11-22,YOG-01,Yoga Mat,Fitness Accessory,3,50.0,150.0,Meta,cpc
ORD-8006,2023-11-22,YOG-01,Yoga Mat,Fitness Accessory,3,50.0,150.0,Meta,cpc
ORD-8007,2023-11-22,YOG-01,Yoga Mat,Fitness Accessory,2,50.0,100.0,Meta,cpc
ORD-8008,2023-11-22,YOG-01,Yoga Mat,Fitness Accessory,2,50.0,100.0,Meta,cpc
ORD-8009,2023-11-22,YOG-01,Yoga Mat,Fitness Accessory,1,50.0,50.0,Meta,cpc
ORD-8010,2023-11-22,YOG-01,Yoga Mat,Fitness Accessory,2,50.0,100.0,Meta,cpc
ORD-8011,2023-11-22,YOG-01,Yoga Mat,Fitness Accessory,2,50.0,100.0,Meta,cpc
ORD-8012,2023-11-22,YOG-01,Yoga Mat,Fitness Accessory,3,50.0,150.0,Meta,cpc
ORD-8013,2023-11-22,YOG-01,Yoga Mat,Fitness Accessory,1,50.0,50.0,Meta,cpc
ORD-8014,2023-11-22,YOG-01,Yoga Mat,Fitness Accessory,3,50.0,150.0,Meta,cpc
ORD-8015,2023-11-22,YOG-01,Yoga Mat,Fitness Accessory,2,50.0,100.0,Meta,cpc
ORD-8016,2023-11-22,YOG-01,Yoga Mat,Fitness Accessory,3,50.0,150.0,Meta,cpc
ORD-8017,2023-11-22,YOG-01,Yoga Mat,Fitness Accessory,2,50.0,100.0,Meta,cpc
ORD-8018,2023-11-22,YOG-01,Yoga Mat,Fitness Accessory,3,50.0,150.0,Meta,cpc
ORD-8019,2023-11-22,YOG-01,Yoga Mat,Fitness Accessory,1,50.0,50.0,Meta,cpc
ORD-8020,2023-11-22,YOG-01,Yoga Mat,Fitness Accessory,1,50.0,50.0,Meta,cpc
ORD-8021,2023-11-22,YOG-01,Yoga Mat,Fitness Accessory,3,50.0,150.0,Meta,cpc
ORD-8022,2023-11-22,YOG-01,Yoga Mat,Fitness Accessory,1,50.0,50.0,Meta,cpc
ORD-8023,2023-11-22,YOG-01,Yoga Mat,Fitness Accessory,3,50.0,150.0,Meta,cpc
ORD-8024,2023-11-22,YOG-01,Yoga Mat,Fitness Accessory,3,50.0,150.0,Meta,cpc
ORD-8025,2023-11-22,YOG-01,Yoga Mat,Fitness Accessory,3,50.0,150.0,Meta,cpc
ORD-8026,2023-11-22,YOG-01,Yoga Mat,Fitness Accessory,2,50.0,100.0,Meta,cpc
ORD-8027,2023-11-22,YOG-01,Yoga Mat,Fitness Accessory,3,50.0,150.0,Meta,cpc
ORD-8028,2023-11-22,YOG-01,Yoga Mat,Fitness Accessory,3,50.0,150.0,Meta,cpc
ORD-8029,2023-11-22,YOG-01,Yoga Mat,Fitness Accessory,1,50.0,50.0,Meta,cpc
ORD-8030,2023-11-22,YOG-01,Yoga Mat,Fitness Accessory,1,50.0,50.0,Meta,cpc
ORD-8031,2023-11-23,YOG-01,Yoga Mat,Fitness Accessory,3,50.0,150.0,Meta,cpc
ORD-8032,2023-11-23,YOG-01,Yoga Mat,Fitness Accessory,1,50.0,50.0,Meta,cpc
ORD-8033,2023-11-23,YOG-01,Yoga Mat,Fitness Accessory,1,50.0,50.0,Meta,cpc
ORD-8034,2023-11-23,YOG-01,Yoga Mat,Fitness Accessory,3,50.0,150.0,Meta,cpc
ORD-8035,2023-11-23,YOG-01,Yoga Mat,Fitness Accessory,3,50.0,150.0,Meta,cpc
ORD-8036,2023-11-23,YOG-01,Yoga Mat,Fitness Accessory,3,50.0,150.0,Meta,cpc
ORD-8037,2023-11-23,YOG-01,Yoga Mat,Fitness Accessory,1,50.0,50.0,Meta,cpc
ORD-8038,2023-11-23,YOG-01,Yoga Mat,Fitness Accessory,3,50.0,150.0,Meta,cpc
ORD-8039,2023-11-23,YOG-01,Yoga Mat,Fitness Accessory,3,50.0,150.0,Meta,cpc
ORD-8040,2023-11-23,YOG-01,Yoga Mat,Fitness Accessory,1,50.0,50.0,Meta,cpc
ORD-8041,2023-11-23,YOG-01,Yoga Mat,Fitness Accessory,2,50.0,100.0,Meta,cpc
ORD-8042,2023-11-23,YOG-01,Yoga Mat,Fitness Accessory,3,50.0,150.0,Meta,cpc
ORD-8043,2023-11-23,YOG-01,Yoga Mat,Fitness Accessory,1,50.0,50.0,Meta,cpc
ORD-8044,2023-11-23,YOG-01,Yoga Mat,Fitness Accessory,1,50.0,50.0,Meta,cpc
ORD-8045,2023-11-23,YOG-01,Yoga Mat,Fitness Accessory,3,50.0,150.0,Meta,cpc
ORD-8046,2023-11-23,YOG-01,Yoga Mat,Fitness Accessory,3,50.0,150.0,Meta,cpc
ORD-8047,2023-11-23,YOG-01,Yoga Mat,Fitness Accessory,1,50.0,50.0,Meta,cpc
ORD-8048,2023-11-23,YOG-01,Yoga Mat,Fitness Accessory,1,50.0,50.0,Meta,cpc
ORD-8049,2023-11-23,YOG-01,Yoga Mat,Fitness Accessory,2,50.0,100.0,Meta,cpc
ORD-8050,2023-11-23,YOG-01,Yoga Mat,Fitness Accessory,1,50.0,50.0,Meta,cpc
ORD-8051,2023-11-23,YOG-01,Yoga Mat,Fitness Accessory,1,50.0,50.0,Meta,cpc
ORD-8052,2023-11-23,YOG-01,Yoga Mat,Fitness Accessory,3,50.0,150.0,Meta,cpc
ORD-8053,2023-11-23,YOG-01,Yoga Mat,Fitness Accessory,3,50.0,150.0,Meta,cpc
ORD-8054,2023-11-23,YOG-01,Yoga Mat,Fitness Accessory,2,50.0,100.0,Meta,cpc
ORD-8055,2023-11-23,YOG-01,Yoga Mat,Fitness Accessory,1,50.0,50.0,Meta,cpc
ORD-8056,2023-11-23,YOG-01,Yoga Mat,Fitness Accessory,3,50.0,150.0,Meta,cpc
ORD-8057,2023-11-23,YOG-01,Yoga Mat,Fitness Accessory,3,50.0,150.0,Meta,cpc
ORD-8058,2023-11-23,YOG-01,Yoga Mat,Fitness Accessory,2,50.0,100.0,Meta,cpc
ORD-8059,2023-11-23,YOG-01,Yoga Mat,Fitness Accessory,2,50.0,100.0,Meta,cpc
ORD-8060,2023-11-23,YOG-01,Yoga Mat,Fitness Accessory,3,50.0,150.0,Meta,cpc
ORD-8061,2023-11-23,YOG-01,Yoga Mat,Fitness Accessory,1,50.0,50.0,Meta,cpc
ORD-8062,2023-11-23,YOG-01,Yoga Mat,Fitness Accessory,2,50.0,100.0,Meta,cpc
ORD-8063,2023-11-23,YOG-01,Yoga Mat,Fitness Accessory,1,50.0,50.0,Meta,cpc
ORD-8064,2023-11-23,YOG-01,Yoga Mat,Fitness Accessory,2,50.0,100.0,Meta,cpc
ORD-8065,2023-11-23,YOG-01,Yoga Mat,Fitness Accessory,2,50.0,100.0,Meta,cpc
ORD-8066,2023-11-23,YOG-01,Yoga Mat,Fitness Accessory,1,50.0,50.0,Meta,cpc
ORD-8067,2023-11-23,YOG-01,Yoga Mat,Fitness Accessory,2,50.0,100.0,Meta,cpc
ORD-8068,2023-11-23,YOG-01,Yoga Mat,Fitness Accessory,1,50.0,50.0,Meta,cpc
ORD-8069,2023-11-23,YOG-01,Yoga Mat,Fitness Accessory,3,50.0,150.0,Meta,cpc
ORD-8070,2023-11-23,YOG-01,Yoga Mat,Fitness Accessory,2,50.0,100.0,Meta,cpc
ORD-8071,2023-11-23,YOG-01,Yoga Mat,Fitness Accessory,2,50.0,100.0,Meta,cpc
ORD-8072,2023-11-23,YOG-01,Yoga Mat,Fitness Accessory,2,50.0,100.0,Meta,cpc
ORD-8073,2023-11-23,YOG-01,Yoga Mat,Fitness Accessory,1,50.0,50.0,Meta,cpc
ORD-8074,2023-11-23,YOG-01,Yoga Mat,Fitness Accessory,1,50.0,50.0,Meta,cpc
ORD-8075,2023-11-23,YOG-01,Yoga Mat,Fitness Accessory,1,50.0,50.0,Meta,cpc
ORD-8076,2023-11-23,YOG-01,Yoga Mat,Fitness Accessory,3,50.0,150.0,Meta,cpc
ORD-8077,2023-11-23,YOG-01,Yoga Mat,Fitness Accessory,1,50.0,50.0,Meta,cpc
ORD-8078,2023-11-23,YOG-01,Yoga Mat,Fitness Accessory,2,50.0,100.0,Meta,cpc
ORD-8079,2023-11-23,YOG-01,Yoga Mat,Fitness Accessory,1,50.0,50.0,Meta,cpc
ORD-8080,2023-11-23,YOG-01,Yoga Mat,Fitness Accessory,1,50.0,50.0,Meta,cpc
ORD-8081,2023-11-24,YOG-01,Yoga Mat,Fitness Accessory,2,50.0,100.0,Meta,cpc
ORD-8082,2023-11-24,YOG-01,Yoga Mat,Fitness Accessory,1,50.0,50.0,Meta,cpc
ORD-8083,2023-11-24,YOG-01,Yoga Mat,Fitness Accessory,1,50.0,50.0,Meta,cpc
ORD-8084,2023-11-24,YOG-01,Yoga Mat,Fitness Accessory,2,50.0,100.0,Meta,cpc
ORD-8085,2023-11-24,YOG-01,Yoga Mat,Fitness Accessory,2,50.0,100.0,Meta,cpc
ORD-8086,2023-11-24,YOG-01,Yoga Mat,Fitness Accessory,3,50.0,150.0,Meta,cpc
ORD-8087,2023-11-24,YOG-01,Yoga Mat,Fitness Accessory,1,50.0,50.0,Meta,cpc
ORD-8088,2023-11-24,YOG-01,Yoga Mat,Fitness Accessory,1,50.0,50.0,Meta,cpc
ORD-8089,2023-11-24,YOG-01,Yoga Mat,Fitness Accessory,3,50.0,150.0,Meta,cpc
ORD-8090,2023-11-24,YOG-01,Yoga Mat,Fitness Accessory,2,50.0,100.0,Meta,cpc
ORD-8091,2023-11-24,YOG-01,Yoga Mat,Fitness Accessory,1,50.0,50.0,Meta,cpc
ORD-8092,2023-11-24,YOG-01,Yoga Mat,Fitness Accessory,1,50.0,50.0,Meta,cpc
ORD-8093,2023-11-24,YOG-01,Yoga Mat,Fitness Accessory,3,50.0,150.0,Meta,cpc
ORD-8094,2023-11-24,YOG-01,Yoga Mat,Fitness Accessory,1,50.0,50.0,Meta,cpc
ORD-8095,2023-11-24,YOG-01,Yoga Mat,Fitness Accessory,2,50.0,100.0,Meta,cpc
ORD-8096,2023-11-24,YOG-01,Yoga Mat,Fitness Accessory,2,50.0,100.0,Meta,cpc
ORD-8097,2023-11-24,YOG-01,Yoga Mat,Fitness Accessory,1,50.0,50.0,Meta,cpc
ORD-8098,2023-11-24,YOG-01,Yoga Mat,Fitness Accessory,2,50.0,100.0,Meta,cpc
ORD-8099,2023-11-24,YOG-01,Yoga Mat,Fitness Accessory,1,50.0,50.0,Meta,cpc
ORD-8100,2023-11-24,YOG-01,Yoga Mat,Fitness Accessory,2,50.0,100.0,Meta,cpc
ORD-8101,2023-11-24,YOG-01,Yoga Mat,Fitness Accessory,2,50.0,100.0,Meta,cpc
ORD-8102,2023-11-24,YOG-01,Yoga Mat,Fitness Accessory,2,50.0,100.0,Meta,cpc
ORD-8103,2023-11-24,YOG-01,Yoga Mat,Fitness Accessory,2,50.0,100.0,Meta,cpc
ORD-8104,2023-11-24,YOG-01,Yoga Mat,Fitness Accessory,1,50.0,50.0,Meta,cpc
ORD-8105,2023-11-24,YOG-01,Yoga Mat,Fitness Accessory,1,50.0,50.0,Meta,cpc
ORD-8106,2023-11-24,YOG-01,Yoga Mat,Fitness Accessory,1,50.0,50.0,Meta,cpc
ORD-8107,2023-11-24,YOG-01,Yoga Mat,Fitness Accessory,1,50.0,50.0,Meta,cpc
ORD-8108,2023-11-24,YOG-01,Yoga Mat,Fitness Accessory,3,50.0,150.0,Meta,cpc
ORD-8109,2023-11-24,YOG-01,Yoga Mat,Fitness Accessory,3,50.0,150.0,Meta,cpc
ORD-8110,2023-11-24,YOG-01,Yoga Mat,Fitness Accessory,1,50.0,50.0,Meta,cpc
ORD-8111,2023-11-24,YOG-01,Yoga Mat,Fitness Accessory,2,50.0,100.0,Meta,cpc
ORD-8112,2023-11-24,YOG-01,Yoga Mat,Fitness Accessory,3,50.0,150.0,Meta,cpc
ORD-8113,2023-11-24,YOG-01,Yoga Mat,Fitness Accessory,3,50.0,150.0,Meta,cpc
ORD-8114,2023-11-24,YOG-01,Yoga Mat,Fitness Accessory,2,50.0,100.0,Meta,cpc
ORD-8115,2023-11-24,YOG-01,Yoga Mat,Fitness Accessory,1,50.0,50.0,Meta,cpc
ORD-8116,2023-11-24,YOG-01,Yoga Mat,Fitness Accessory,2,50.0,100.0,Meta,cpc
ORD-8117,2023-11-24,YOG-01,Yoga Mat,Fitness Accessory,1,50.0,50.0,Meta,cpc
ORD-8118,2023-11-24,YOG-01,Yoga Mat,Fitness Accessory,2,50.0,100.0,Meta,cpc
ORD-8119,2023-11-24,YOG-01,Yoga Mat,Fitness Accessory,2,50.0,100.0,Meta,cpc
ORD-8120,2023-11-24,YOG-01,Yoga Mat,Fitness Accessory,3,50.0,150.0,Meta,cpc
ORD-8121,2023-11-24,YOG-01,Yoga Mat,Fitness Accessory,2,50.0,100.0,Meta,cpc
ORD-8122,2023-11-24,YOG-01,Yoga Mat,Fitness Accessory,1,50.0,50.0,Meta,cpc
ORD-8123,2023-11-24,YOG-01,Yoga Mat,Fitness Accessory,1,50.0,50.0,Meta,cpc
ORD-8124,2023-11-25,YOG-01,Yoga Mat,Fitness Accessory,1,50.0,50.0,Meta,cpc
ORD-8125,2023-11-25,YOG-01,Yoga Mat,Fitness Accessory,2,50.0,100.0,Meta,cpc
ORD-8126,2023-11-25,YOG-01,Yoga Mat,Fitness Accessory,3,50.0,150.0,Meta,cpc
ORD-8127,2023-11-25,YOG-01,Yoga Mat,Fitness Accessory,1,50.0,50.0,Meta,cpc
ORD-8128,2023-11-25,YOG-01,Yoga Mat,Fitness Accessory,1,50.0,50.0,Meta,cpc
ORD-8129,2023-11-25,YOG-01,Yoga Mat,Fitness Accessory,2,50.0,100.0,Meta,cpc
ORD-8130,2023-11-25,YOG-01,Yoga Mat,Fitness Accessory,3,50.0,150.0,Meta,cpc
ORD-8131,2023-11-25,YOG-01,Yoga Mat,Fitness Accessory,3,50.0,150.0,Meta,cpc
ORD-8132,2023-11-25,YOG-01,Yoga Mat,Fitness Accessory,3,50.0,150.0,Meta,cpc
ORD-8133,2023-11-25,YOG-01,Yoga Mat,Fitness Accessory,1,50.0,50.0,Meta,cpc
ORD-8134,2023-11-25,YOG-01,Yoga Mat,Fitness Accessory,1,50.0,50.0,Meta,cpc
ORD-8135,2023-11-25,YOG-01,Yoga Mat,Fitness Accessory,3,50.0,150.0,Meta,cpc
ORD-8136,2023-11-25,YOG-01,Yoga Mat,Fitness Accessory,3,50.0,150.0,Meta,cpc
ORD-8137,2023-11-25,YOG-01,Yoga Mat,Fitness Accessory,1,50.0,50.0,Meta,cpc
ORD-8138,2023-11-25,YOG-01,Yoga Mat,Fitness Accessory,2,50.0,100.0,Meta,cpc
ORD-8139,2023-11-25,YOG-01,Yoga Mat,Fitness Accessory,3,50.0,150.0,Meta,cpc
ORD-8140,2023-11-25,YOG-01,Yoga Mat,Fitness Accessory,2,50.0,100.0,Meta,cpc
ORD-8141,2023-11-25,YOG-01,Yoga Mat,Fitness Accessory,2,50.0,100.0,Meta,cpc
ORD-8142,2023-11-25,YOG-01,Yoga Mat,Fitness Accessory,1,50.0,50.0,Meta,cpc
ORD-8143,2023-11-25,YOG-01,Yoga Mat,Fitness Accessory,3,50.0,150.0,Meta,cpc
ORD-8144,2023-11-25,YOG-01,Yoga Mat,Fitness Accessory,3,50.0,150.0,Meta,cpc
ORD-8145,2023-11-25,YOG-01,Yoga Mat,Fitness Accessory,1,50.0,50.0,Meta,cpc
ORD-8146,2023-11-25,YOG-01,Yoga Mat,Fitness Accessory,1,50.0,50.0,Meta,cpc
ORD-8147,2023-11-25,YOG-01,Yoga Mat,Fitness Accessory,2,50.0,100.0,Meta,cpc
ORD-8148,2023-11-25,YOG-01,Yoga Mat,Fitness Accessory,3,50.0,150.0,Meta,cpc
ORD-8149,2023-11-25,YOG-01,Yoga Mat,Fitness Accessory,1,50.0,50.0,Meta,cpc
ORD-8150,2023-11-25,YOG-01,Yoga Mat,Fitness Accessory,1,50.0,50.0,Meta,cpc
ORD-8151,2023-11-25,YOG-01,Yoga Mat,Fitness Accessory,3,50.0,150.0,Meta,cpc
ORD-8152,2023-11-25,YOG-01,Yoga Mat,Fitness Accessory,2,50.0,100.0,Meta,cpc
ORD-8153,2023-11-25,YOG-01,Yoga Mat,Fitness Accessory,3,50.0,150.0,Meta,cpc
ORD-8154,2023-11-25,YOG-01,Yoga Mat,Fitness Accessory,2,50.0,100.0,Meta,cpc
ORD-8155,2023-11-25,YOG-01,Yoga Mat,Fitness Accessory,1,50.0,50.0,Meta,cpc
ORD-8156,2023-11-25,YOG-01,Yoga Mat,Fitness Accessory,1,50.0,50.0,Meta,cpc
ORD-8157,2023-11-25,YOG-01,Yoga Mat,Fitness Accessory,2,50.0,100.0,Meta,cpc
ORD-8158,2023-11-25,YOG-01,Yoga Mat,Fitness Accessory,3,50.0,150.0,Meta,cpc
ORD-8159,2023-11-25,YOG-01,Yoga Mat,Fitness Accessory,2,50.0,100.0,Meta,cpc
ORD-8160,2023-11-25,YOG-01,Yoga Mat,Fitness Accessory,3,50.0,150.0,Meta,cpc
ORD-8161,2023-11-25,YOG-01,Yoga Mat,Fitness Accessory,1,50.0,50.0,Meta,cpc
ORD-8162,2023-11-25,YOG-01,Yoga Mat,Fitness Accessory,1,50.0,50.0,Meta,cpc
ORD-8163,2023-11-25,YOG-01,Yoga Mat,Fitness Accessory,1,50.0,50.0,Meta,cpc
ORD-8164,2023-11-25,YOG-01,Yoga Mat,Fitness Accessory,2,50.0,100.0,Meta,cpc
ORD-8165,2023-11-25,YOG-01,Yoga Mat,Fitness Accessory,2,50.0,100.0,Meta,cpc
ORD-8166,2023-11-25,YOG-01,Yoga Mat,Fitness Accessory,3,50.0,150.0,Meta,cpc
ORD-8167,2023-11-26,YOG-01,Yoga Mat,Fitness Accessory,2,50.0,100.0,Meta,cpc
ORD-8168,2023-11-26,YOG-01,Yoga Mat,Fitness Accessory,3,50.0,150.0,Meta,cpc
ORD-8169,2023-11-26,YOG-01,Yoga Mat,Fitness Accessory,2,50.0,100.0,Meta,cpc
ORD-8170,2023-11-26,YOG-01,Yoga Mat,Fitness Accessory,2,50.0,100.0,Meta,cpc
ORD-8171,2023-11-26,YOG-01,Yoga Mat,Fitness Accessory,3,50.0,150.0,Meta,cpc
ORD-8172,2023-11-26,YOG-01,Yoga Mat,Fitness Accessory,1,50.0,50.0,Meta,cpc
ORD-8173,2023-11-26,YOG-01,Yoga Mat,Fitness Accessory,3,50.0,150.0,Meta,cpc
ORD-8174,2023-11-26,YOG-01,Yoga Mat,Fitness Accessory,3,50.0,150.0,Meta,cpc
ORD-8175,2023-11-26,YOG-01,Yoga Mat,Fitness Accessory,2,50.0,100.0,Meta,cpc
ORD-8176,2023-11-26,YOG-01,Yoga Mat,Fitness Accessory,1,50.0,50.0,Meta,cpc
ORD-8177,2023-11-26,YOG-01,Yoga Mat,Fitness Accessory,1,50.0,50.0,Meta,cpc
ORD-8178,2023-11-26,YOG-01,Yoga Mat,Fitness Accessory,3,50.0,150.0,Meta,cpc
ORD-8179,2023-11-26,YOG-01,Yoga Mat,Fitness Accessory,3,50.0,150.0,Meta,cpc
ORD-8180,2023-11-26,YOG-01,Yoga Mat,Fitness Accessory,3,50.0,150.0,Meta,cpc
ORD-8181,2023-11-26,YOG-01,Yoga Mat,Fitness Accessory,1,50.0,50.0,Meta,cpc
ORD-8182,2023-11-26,YOG-01,Yoga Mat,Fitness Accessory,2,50.0,100.0,Meta,cpc
ORD-8183,2023-11-26,YOG-01,Yoga Mat,Fitness Accessory,1,50.0,50.0,Meta,cpc
ORD-8184,2023-11-26,YOG-01,Yoga Mat,Fitness Accessory,2,50.0,100.0,Meta,cpc
ORD-8185,2023-11-26,YOG-01,Yoga Mat,Fitness Accessory,3,50.0,150.0,Meta,cpc
ORD-8186,2023-11-26,YOG-01,Yoga Mat,Fitness Accessory,1,50.0,50.0,Meta,cpc
ORD-8187,2023-11-26,YOG-01,Yoga Mat,Fitness Accessory,1,50.0,50.0,Meta,cpc
ORD-8188,2023-11-26,YOG-01,Yoga Mat,Fitness Accessory,3,50.0,150.0,Meta,cpc
ORD-8189,2023-11-26,YOG-01,Yoga Mat,Fitness Accessory,3,50.0,150.0,Meta,cpc
ORD-8190,2023-11-26,YOG-01,Yoga Mat,Fitness Accessory,2,50.0,100.0,Meta,cpc
ORD-8191,2023-11-26,YOG-01,Yoga Mat,Fitness Accessory,2,50.0,100.0,Meta,cpc
ORD-8192,2023-11-26,YOG-01,Yoga Mat,Fitness Accessory,1,50.0,50.0,Meta,cpc
ORD-8193,2023-11-26,YOG-01,Yoga Mat,Fitness Accessory,3,50.0,150.0,Meta,cpc
ORD-8194,2023-11-26,YOG-01,Yoga Mat,Fitness Accessory,3,50.0,150.0,Meta,cpc
ORD-8195,2023-11-26,YOG-01,Yoga Mat,Fitness Accessory,2,50.0,100.0,Meta,cpc
ORD-8196,2023-11-26,YOG-01,Yoga Mat,Fitness Accessory,3,50.0,150.0,Meta,cpc
ORD-8197,2023-11-26,YOG-01,Yoga Mat,Fitness Accessory,2,50.0,100.0,Meta,cpc
ORD-8198,2023-11-26,YOG-01,Yoga Mat,Fitness Accessory,3,50.0,150.0,Meta,cpc
ORD-8199,2023-11-26,YOG-01,Yoga Mat,Fitness Accessory,2,50.0,100.0,Meta,cpc
ORD-8200,2023-11-26,YOG-01,Yoga Mat,Fitness Accessory,3,50.0,150.0,Meta,cpc
ORD-8201,2023-11-26,YOG-01,Yoga Mat,Fitness Accessory,2,50.0,100.0,Meta,cpc
ORD-8202,2023-11-27,YOG-01,Yoga Mat,Fitness Accessory,2,50.0,100.0,Meta,cpc
ORD-8203,2023-11-27,YOG-01,Yoga Mat,Fitness Accessory,1,50.0,50.0,Meta,cpc
ORD-8204,2023-11-27,YOG-01,Yoga Mat,Fitness Accessory,3,50.0,150.0,Meta,cpc
ORD-8205,2023-11-27,YOG-01,Yoga Mat,Fitness Accessory,2,50.0,100.0,Meta,cpc
ORD-8206,2023-11-27,YOG-01,Yoga Mat,Fitness Accessory,2,50.0,100.0,Meta,cpc
ORD-8207,2023-11-27,YOG-01,Yoga Mat,Fitness Accessory,1,50.0,50.0,Meta,cpc
ORD-8208,2023-11-27,YOG-01,Yoga Mat,Fitness Accessory,2,50.0,100.0,Meta,cpc
ORD-8209,2023-11-27,YOG-01,Yoga Mat,Fitness Accessory,3,50.0,150.0,Meta,cpc
ORD-8210,2023-11-27,YOG-01,Yoga Mat,Fitness Accessory,2,50.0,100.0,Meta,cpc
ORD-8211,2023-11-27,YOG-01,Yoga Mat,Fitness Accessory,1,50.0,50.0,Meta,cpc
ORD-8212,2023-11-27,YOG-01,Yoga Mat,Fitness Accessory,3,50.0,150.0,Meta,cpc
ORD-8213,2023-11-27,YOG-01,Yoga Mat,Fitness Accessory,1,50.0,50.0,Meta,cpc
ORD-8214,2023-11-27,YOG-01,Yoga Mat,Fitness Accessory,3,50.0,150.0,Meta,cpc
ORD-8215,2023-11-27,YOG-01,Yoga Mat,Fitness Accessory,1,50.0,50.0,Meta,cpc
ORD-8216,2023-11-27,YOG-01,Yoga Mat,Fitness Accessory,3,50.0,150.0,Meta,cpc
ORD-8217,2023-11-27,YOG-01,Yoga Mat,Fitness Accessory,2,50.0,100.0,Meta,cpc
ORD-8218,2023-11-27,YOG-01,Yoga Mat,Fitness Accessory,1,50.0,50.0,Meta,cpc
ORD-8219,2023-11-27,YOG-01,Yoga Mat,Fitness Accessory,1,50.0,50.0,Meta,cpc
ORD-8220,2023-11-27,YOG-01,Yoga Mat,Fitness Accessory,3,50.0,150.0,Meta,cpc
ORD-8221,2023-11-27,YOG-01,Yoga Mat,Fitness Accessory,1,50.0,50.0,Meta,cpc
ORD-8222,2023-11-27,YOG-01,Yoga Mat,Fitness Accessory,2,50.0,100.0,Meta,cpc
ORD-8223,2023-11-27,YOG-01,Yoga Mat,Fitness Accessory,3,50.0,150.0,Meta,cpc
ORD-8224,2023-11-27,YOG-01,Yoga Mat,Fitness Accessory,3,50.0,150.0,Meta,cpc
ORD-8225,2023-11-27,YOG-01,Yoga Mat,Fitness Accessory,3,50.0,150.0,Meta,cpc
ORD-8226,2023-11-27,YOG-01,Yoga Mat,Fitness Accessory,2,50.0,100.0,Meta,cpc
ORD-8227,2023-11-27,YOG-01,Yoga Mat,Fitness Accessory,2,50.0,100.0,Meta,cpc
ORD-8228,2023-11-27,YOG-01,Yoga Mat,Fitness Accessory,3,50.0,150.0,Meta,cpc
ORD-8229,2023-11-27,YOG-01,Yoga Mat,Fitness Accessory,1,50.0,50.0,Meta,cpc
ORD-8230,2023-11-27,YOG-01,Yoga Mat,Fitness Accessory,3,50.0,150.0,Meta,cpc
ORD-8231,2023-11-27,YOG-01,Yoga Mat,Fitness Accessory,3,50.0,150.0,Meta,cpc
ORD-8232,2023-11-27,YOG-01,Yoga Mat,Fitness Accessory,1,50.0,50.0,Meta,cpc
ORD-8233,2023-11-27,YOG-01,Yoga Mat,Fitness Accessory,3,50.0,150.0,Meta,cpc
ORD-8234,2023-11-27,YOG-01,Yoga Mat,Fitness Accessory,1,50.0,50.0,Meta,cpc
ORD-8235,2023-11-27,YOG-01,Yoga Mat,Fitness Accessory,3,50.0,150.0,Meta,cpc
ORD-8236,2023-11-27,YOG-01,Yoga Mat,Fitness Accessory,2,50.0,100.0,Meta,cpc
ORD-8237,2023-11-27,YOG-01,Yoga Mat,Fitness Accessory,3,50.0,150.0,Meta,cpc
ORD-8238,2023-11-28,YOG-01,Yoga Mat,Fitness Accessory,1,50.0,50.0,Meta,cpc
ORD-8239,2023-11-28,YOG-01,Yoga Mat,Fitness Accessory,2,50.0,100.0,Meta,cpc
ORD-8240,2023-11-28,YOG-01,Yoga Mat,Fitness Accessory,2,50.0,100.0,Meta,cpc
ORD-8241,2023-11-28,YOG-01,Yoga Mat,Fitness Accessory,3,50.0,150.0,Meta,cpc
ORD-8242,2023-11-28,YOG-01,Yoga Mat,Fitness Accessory,2,50.0,100.0,Meta,cpc
ORD-8243,2023-11-28,YOG-01,Yoga Mat,Fitness Accessory,2,50.0,100.0,Meta,cpc
ORD-8244,2023-11-28,YOG-01,Yoga Mat,Fitness Accessory,1,50.0,50.0,Meta,cpc
ORD-8245,2023-11-28,YOG-01,Yoga Mat,Fitness Accessory,3,50.0,150.0,Meta,cpc
ORD-8246,2023-11-28,YOG-01,Yoga Mat,Fitness Accessory,1,50.0,50.0,Meta,cpc
ORD-8247,2023-11-28,YOG-01,Yoga Mat,Fitness Accessory,1,50.0,50.0,Meta,cpc
ORD-8248,2023-11-28,YOG-01,Yoga Mat,Fitness Accessory,2,50.0,100.0,Meta,cpc
ORD-8249,2023-11-28,YOG-01,Yoga Mat,Fitness Accessory,2,50.0,100.0,Meta,cpc
ORD-8250,2023-11-28,YOG-01,Yoga Mat,Fitness Accessory,1,50.0,50.0,Meta,cpc
ORD-8251,2023-11-28,YOG-01,Yoga Mat,Fitness Accessory,2,50.0,100.0,Meta,cpc
ORD-8252,2023-11-28,YOG-01,Yoga Mat,Fitness Accessory,1,50.0,50.0,Meta,cpc
ORD-8253,2023-11-28,YOG-01,Yoga Mat,Fitness Accessory,1,50.0,50.0,Meta,cpc
ORD-8254,2023-11-28,YOG-01,Yoga Mat,Fitness Accessory,3,50.0,150.0,Meta,cpc
ORD-8255,2023-11-28,YOG-01,Yoga Mat,Fitness Accessory,1,50.0,50.0,Meta,cpc
ORD-8256,2023-11-28,YOG-01,Yoga Mat,Fitness Accessory,2,50.0,100.0,Meta,cpc
ORD-8257,2023-11-28,YOG-01,Yoga Mat,Fitness Accessory,3,50.0,150.0,Meta,cpc
ORD-8258,2023-11-28,YOG-01,Yoga Mat,Fitness Accessory,3,50.0,150.0,Meta,cpc
ORD-8259,2023-11-28,YOG-01,Yoga Mat,Fitness Accessory,2,50.0,100.0,Meta,cpc
ORD-8260,2023-11-28,YOG-01,Yoga Mat,Fitness Accessory,1,50.0,50.0,Meta,cpc
ORD-8261,2023-11-28,YOG-01,Yoga Mat,Fitness Accessory,1,50.0,50.0,Meta,cpc
ORD-8262,2023-11-28,YOG-01,Yoga Mat,Fitness Accessory,3,50.0,150.0,Meta,cpc
ORD-8263,2023-11-28,YOG-01,Yoga Mat,Fitness Accessory,3,50.0,150.0,Meta,cpc
ORD-8264,2023-11-28,YOG-01,Yoga Mat,Fitness Accessory,2,50.0,100.0,Meta,cpc
ORD-8265,2023-11-28,YOG-01,Yoga Mat,Fitness Accessory,3,50.0,150.0,Meta,cpc
ORD-8266,2023-11-28,YOG-01,Yoga Mat,Fitness Accessory,1,50.0,50.0,Meta,cpc
ORD-8267,2023-11-28,YOG-01,Yoga Mat,Fitness Accessory,1,50.0,50.0,Meta,cpc
ORD-8268,2023-11-28,YOG-01,Yoga Mat,Fitness Accessory,2,50.0,100.0,Meta,cpc
ORD-8269,2023-11-28,YOG-01,Yoga Mat,Fitness Accessory,2,50.0,100.0,Meta,cpc
ORD-8270,2023-11-28,YOG-01,Yoga Mat,Fitness Accessory,1,50.0,50.0,Meta,cpc
ORD-8271,2023-11-28,YOG-01,Yoga Mat,Fitness Accessory,2,50.0,100.0,Meta,cpc
ORD-8272,2023-11-28,YOG-01,Yoga Mat,Fitness Accessory,2,50.0,100.0,Meta,cpc
ORD-8273,2023-11-28,YOG-01,Yoga Mat,Fitness Accessory,3,50.0,150.0,Meta,cpc
ORD-8274,2023-11-28,YOG-01,Yoga Mat,Fitness Accessory,3,50.0,150.0,Meta,cpc
ORD-8275,2023-11-28,YOG-01,Yoga Mat,Fitness Accessory,3,50.0,150.0,Meta,cpc
ORD-8276,2023-11-28,YOG-01,Yoga Mat,Fitness Accessory,1,50.0,50.0,Meta,cpc
ORD-8277,2023-11-28,YOG-01,Yoga Mat,Fitness Accessory,1,50.0,50.0,Meta,cpc
ORD-8278,2023-11-29,YOG-01,Yoga Mat,Fitness Accessory,1,50.0,50.0,Meta,cpc
ORD-8279,2023-11-29,YOG-01,Yoga Mat,Fitness Accessory,3,50.0,150.0,Meta,cpc
ORD-8280,2023-11-29,YOG-01,Yoga Mat,Fitness Accessory,2,50.0,100.0,Meta,cpc
ORD-8281,2023-11-29,YOG-01,Yoga Mat,Fitness Accessory,1,50.0,50.0,Meta,cpc
ORD-8282,2023-11-29,YOG-01,Yoga Mat,Fitness Accessory,2,50.0,100.0,Meta,cpc
ORD-8283,2023-11-29,YOG-01,Yoga Mat,Fitness Accessory,3,50.0,150.0,Meta,cpc
ORD-8284,2023-11-29,YOG-01,Yoga Mat,Fitness Accessory,3,50.0,150.0,Meta,cpc
ORD-8285,2023-11-29,YOG-01,Yoga Mat,Fitness Accessory,2,50.0,100.0,Meta,cpc
ORD-8286,2023-11-29,YOG-01,Yoga Mat,Fitness Accessory,1,50.0,50.0,Meta,cpc
ORD-8287,2023-11-29,YOG-01,Yoga Mat,Fitness Accessory,3,50.0,150.0,Meta,cpc
ORD-8288,2023-11-29,YOG-01,Yoga Mat,Fitness Accessory,1,50.0,50.0,Meta,cpc
ORD-8289,2023-11-29,YOG-01,Yoga Mat,Fitness Accessory,3,50.0,150.0,Meta,cpc
ORD-8290,2023-11-29,YOG-01,Yoga Mat,Fitness Accessory,3,50.0,150.0,Meta,cpc
ORD-8291,2023-11-29,YOG-01,Yoga Mat,Fitness Accessory,3,50.0,150.0,Meta,cpc
ORD-8292,2023-11-29,YOG-01,Yoga Mat,Fitness Accessory,3,50.0,150.0,Meta,cpc
ORD-8293,2023-11-29,YOG-01,Yoga Mat,Fitness Accessory,3,50.0,150.0,Meta,cpc
ORD-8294,2023-11-29,YOG-01,Yoga Mat,Fitness Accessory,3,50.0,150.0,Meta,cpc
ORD-8295,2023-11-29,YOG-01,Yoga Mat,Fitness Accessory,3,50.0,150.0,Meta,cpc
ORD-8296,2023-11-29,YOG-01,Yoga Mat,Fitness Accessory,1,50.0,50.0,Meta,cpc
ORD-8297,2023-11-29,YOG-01,Yoga Mat,Fitness Accessory,1,50.0,50.0,Meta,cpc
ORD-8298,2023-11-29,YOG-01,Yoga Mat,Fitness Accessory,3,50.0,150.0,Meta,cpc
ORD-8299,2023-11-29,YOG-01,Yoga Mat,Fitness Accessory,1,50.0,50.0,Meta,cpc
ORD-8300,2023-11-29,YOG-01,Yoga Mat,Fitness Accessory,3,50.0,150.0,Meta,cpc
ORD-8301,2023-11-29,YOG-01,Yoga Mat,Fitness Accessory,1,50.0,50.0,Meta,cpc
ORD-8302,2023-11-29,YOG-01,Yoga Mat,Fitness Accessory,1,50.0,50.0,Meta,cpc
ORD-8303,2023-11-29,YOG-01,Yoga Mat,Fitness Accessory,2,50.0,100.0,Meta,cpc
ORD-8304,2023-11-29,YOG-01,Yoga Mat,Fitness Accessory,3,50.0,150.0,Meta,cpc
ORD-8305,2023-11-29,YOG-01,Yoga Mat,Fitness Accessory,1,50.0,50.0,Meta,cpc
ORD-8306,2023-11-29,YOG-01,Yoga Mat,Fitness Accessory,3,50.0,150.0,Meta,cpc
ORD-8307,2023-11-29,YOG-01,Yoga Mat,Fitness Accessory,3,50.0,150.0,Meta,cpc
ORD-8308,2023-11-29,YOG-01,Yoga Mat,Fitness Accessory,2,50.0,100.0,Meta,cpc
ORD-8309,2023-11-29,YOG-01,Yoga Mat,Fitness Accessory,1,50.0,50.0,Meta,cpc
ORD-8310,2023-11-29,YOG-01,Yoga Mat,Fitness Accessory,3,50.0,150.0,Meta,cpc
ORD-8311,2023-11-29,YOG-01,Yoga Mat,Fitness Accessory,1,50.0,50.0,Meta,cpc
ORD-8312,2023-11-29,YOG-01,Yoga Mat,Fitness Accessory,3,50.0,150.0,Meta,cpc
ORD-8313,2023-11-29,YOG-01,Yoga Mat,Fitness Accessory,3,50.0,150.0,Meta,cpc
ORD-8314,2023-11-29,YOG-01,Yoga Mat,Fitness Accessory,3,50.0,150.0,Meta,cpc
ORD-8315,2023-11-29,YOG-01,Yoga Mat,Fitness Accessory,3,50.0,150.0,Meta,cpc
ORD-8316,2023-11-29,YOG-01,Yoga Mat,Fitness Accessory,2,50.0,100.0,Meta,cpc
ORD-8317,2023-11-29,YOG-01,Yoga Mat,Fitness Accessory,3,50.0,150.0,Meta,cpc
ORD-8318,2023-11-29,YOG-01,Yoga Mat,Fitness Accessory,3,50.0,150.0,Meta,cpc
ORD-8319,2023-11-29,YOG-01,Yoga Mat,Fitness Accessory,2,50.0,100.0,Meta,cpc
ORD-8320,2023-11-29,YOG-01,Yoga Mat,Fitness Accessory,1,50.0,50.0,Meta,cpc
ORD-8321,2023-11-29,YOG-01,Yoga Mat,Fitness Accessory,2,50.0,100.0,Meta,cpc
ORD-8322,2023-11-29,YOG-01,Yoga Mat,Fitness Accessory,2,50.0,100.0,Meta,cpc
ORD-8323,2023-11-30,YOG-01,Yoga Mat,Fitness Accessory,3,50.0,150.0,Meta,cpc
ORD-8324,2023-11-30,YOG-01,Yoga Mat,Fitness Accessory,3,50.0,150.0,Meta,cpc
ORD-8325,2023-11-30,YOG-01,Yoga Mat,Fitness Accessory,1,50.0,50.0,Meta,cpc
ORD-8326,2023-11-30,YOG-01,Yoga Mat,Fitness Accessory,2,50.0,100.0,Meta,cpc
ORD-8327,2023-11-30,YOG-01,Yoga Mat,Fitness Accessory,2,50.0,100.0,Meta,cpc
ORD-8328,2023-11-30,YOG-01,Yoga Mat,Fitness Accessory,2,50.0,100.0,Meta,cpc
ORD-8329,2023-11-30,YOG-01,Yoga Mat,Fitness Accessory,2,50.0,100.0,Meta,cpc
ORD-8330,2023-11-30,YOG-01,Yoga Mat,Fitness Accessory,1,50.0,50.0,Meta,cpc
ORD-8331,2023-11-30,YOG-01,Yoga Mat,Fitness Accessory,3,50.0,150.0,Meta,cpc
ORD-8332,2023-11-30,YOG-01,Yoga Mat,Fitness Accessory,3,50.0,150.0,Meta,cpc
ORD-8333,2023-11-30,YOG-01,Yoga Mat,Fitness Accessory,2,50.0,100.0,Meta,cpc
ORD-8334,2023-11-30,YOG-01,Yoga Mat,Fitness Accessory,2,50.0,100.0,Meta,cpc
ORD-8335,2023-11-30,YOG-01,Yoga Mat,Fitness Accessory,2,50.0,100.0,Meta,cpc
ORD-8336,2023-11-30,YOG-01,Yoga Mat,Fitness Accessory,3,50.0,150.0,Meta,cpc
ORD-8337,2023-11-30,YOG-01,Yoga Mat,Fitness Accessory,1,50.0,50.0,Meta,cpc
ORD-8338,2023-11-30,YOG-01,Yoga Mat,Fitness Accessory,3,50.0,150.0,Meta,cpc
ORD-8339,2023-11-30,YOG-01,Yoga Mat,Fitness Accessory,1,50.0,50.0,Meta,cpc
ORD-8340,2023-11-30,YOG-01,Yoga Mat,Fitness Accessory,1,50.0,50.0,Meta,cpc
ORD-8341,2023-11-30,YOG-01,Yoga Mat,Fitness Accessory,2,50.0,100.0,Meta,cpc
ORD-8342,2023-11-30,YOG-01,Yoga Mat,Fitness Accessory,2,50.0,100.0,Meta,cpc
ORD-8343,2023-11-30,YOG-01,Yoga Mat,Fitness Accessory,3,50.0,150.0,Meta,cpc
ORD-8344,2023-11-30,YOG-01,Yoga Mat,Fitness Accessory,2,50.0,100.0,Meta,cpc
ORD-8345,2023-11-30,YOG-01,Yoga Mat,Fitness Accessory,2,50.0,100.0,Meta,cpc
ORD-8346,2023-11-30,YOG-01,Yoga Mat,Fitness Accessory,1,50.0,50.0,Meta,cpc
ORD-8347,2023-11-30,YOG-01,Yoga Mat,Fitness Accessory,2,50.0,100.0,Meta,cpc
ORD-8348,2023-11-30,YOG-01,Yoga Mat,Fitness Accessory,1,50.0,50.0,Meta,cpc
ORD-8349,2023-11-30,YOG-01,Yoga Mat,Fitness Accessory,2,50.0,100.0,Meta,cpc
ORD-8350,2023-11-30,YOG-01,Yoga Mat,Fitness Accessory,1,50.0,50.0,Meta,cpc
ORD-8351,2023-11-30,YOG-01,Yoga Mat,Fitness Accessory,3,50.0,150.0,Meta,cpc
ORD-8352,2023-11-30,YOG-01,Yoga Mat,Fitness Accessory,1,50.0,50.0,Meta,cpc
ORD-8353,2023-11-30,YOG-01,Yoga Mat,Fitness Accessory,3,50.0,150.0,Meta,cpc
ORD-8354,2023-11-30,YOG-01,Yoga Mat,Fitness Accessory,1,50.0,50.0,Meta,cpc
ORD-8355,2023-11-30,YOG-01,Yoga Mat,Fitness Accessory,3,50.0,150.0,Meta,cpc
ORD-8356,2023-11-30,YOG-01,Yoga Mat,Fitness Accessory,2,50.0,100.0,Meta,cpc
ORD-8357,2023-11-30,YOG-01,Yoga Mat,Fitness Accessory,1,50.0,50.0,Meta,cpc
ORD-8358,2023-11-30,YOG-01,Yoga Mat,Fitness Accessory,1,50.0,50.0,Meta,cpc
ORD-8359,2023-11-30,YOG-01,Yoga Mat,Fitness Accessory,1,50.0,50.0,Meta,cpc
ORD-8360,2023-11-30,YOG-01,Yoga Mat,Fitness Accessory,1,50.0,50.0,Meta,cpc
ORD-8361,2023-11-30,YOG-01,Yoga Mat,Fitness Accessory,2,50.0,100.0,Meta,cpc
ORD-8362,2023-11-30,YOG-01,Yoga Mat,Fitness Accessory,2,50.0,100.0,Meta,cpc
ORD-8363,2023-11-30,YOG-01,Yoga Mat,Fitness Accessory,1,50.0,50.0,Meta,cpc
ORD-8364,2023-11-30,YOG-01,Yoga Mat,Fitness Accessory,3,50.0,150.0,Meta,cpc
ORD-8365,2023-11-30,YOG-01,Yoga Mat,Fitness Accessory,2,50.0,100.0,Meta,cpc
